comment_id,content_id,text,timestamp
COMM_5B53DEB2,CONTENT_C0EC45BC,I've been through this,2026-08-16 20:41:46
COMM_39AB7C2D,CONTENT_C0EC45BC,Great tips,2026-08-16 06:41:46
COMM_0DC400B7,CONTENT_C0EC45BC,This happens to me all the time,2026-08-16 05:41:46
COMM_BBB4167A,CONTENT_AEA96D56,Good content,2026-06-26 23:41:46
COMM_AD6A9E7F,CONTENT_AEA96D56,Good content,2026-06-26 04:41:46
COMM_10763E0E,CONTENT_AEA96D56,I don't really agree but okay,2026-06-26 12:41:46
COMM_41EE9920,CONTENT_F7AC6829,Hello from Brazil,2026-05-30 21:41:46
COMM_DC2E2768,CONTENT_F7AC6829,Great tips,2026-05-31 20:41:46
COMM_55E62677,CONTENT_F7AC6829,Good content,2026-05-30 21:41:46
COMM_65932BD7,CONTENT_F7AC6829,Interesting perspective,2026-05-31 13:41:46
COMM_515B7B13,CONTENT_F7AC6829,Hello from Brazil,2026-05-31 18:41:46
COMM_FFBB77CF,CONTENT_06B68628,I don't really agree but okay,2026-04-20 19:41:46
COMM_F62FE152,CONTENT_06B68628,Nice video,2026-04-20 00:41:46
COMM_F89F1EB4,CONTENT_06B68628,I don't really agree but okay,2026-04-20 09:41:46
COMM_CBA08554,CONTENT_6D82194F,Good content,2026-04-20 16:41:46
COMM_E1E765F2,CONTENT_F373FD8E,same here,2026-06-21 00:41:46
COMM_926063ED,CONTENT_F373FD8E,This happens to me all the time,2026-06-21 18:41:46
COMM_BC4601E0,CONTENT_F373FD8E,I struggle with this daily,2026-06-21 13:41:46
COMM_21F8BA0E,CONTENT_F373FD8E,I've been through this,2026-06-22 00:41:46
COMM_958AD560,CONTENT_F373FD8E,I've been through this,2026-06-21 09:41:46
COMM_EA2D0831,CONTENT_2E31E031,Interesting perspective,2026-04-25 16:41:46
COMM_311F1943,CONTENT_2E31E031,Great tips,2026-04-24 14:41:46
COMM_089AA551,CONTENT_F5184EFC,This happens to me all the time,2026-08-12 09:41:46
COMM_655A6656,CONTENT_08EFB886,Nice video,2026-03-13 03:41:46
COMM_3DA5904D,CONTENT_08EFB886,Nice video,2026-03-12 03:41:46
COMM_2AE11E4B,CONTENT_B05D3085,Great tips,2026-07-27 22:41:46
COMM_EC2F7F92,CONTENT_B05D3085,Good content,2026-07-28 09:41:46
COMM_CF8654B3,CONTENT_B05D3085,exactly my situation,2026-07-28 02:41:46
COMM_FC4BC0CD,CONTENT_0775B126,I've been through this,2026-03-21 16:41:46
COMM_3B335222,CONTENT_0775B126,I can relate,2026-03-22 06:41:46
COMM_7B22F6F2,CONTENT_1A61B093,Thanks for sharing,2026-06-18 21:41:46
COMM_286A5E28,CONTENT_59BCF5B0,Good content,2026-05-18 14:41:46
COMM_806074F5,CONTENT_A82C237E,I feel exactly the same way,2026-04-10 02:41:46
COMM_6811AE59,CONTENT_A82C237E,I don't really agree but okay,2026-04-10 07:41:46
COMM_C176C8D7,CONTENT_A82C237E,Great tips,2026-04-10 13:41:46
COMM_6C27AE08,CONTENT_A82C237E,I don't really agree but okay,2026-04-10 03:41:46
COMM_F13822DC,CONTENT_A82C237E,This happens to me all the time,2026-04-10 06:41:46
COMM_57472BB2,CONTENT_61605A88,Hello from Brazil,2026-04-04 18:41:46
COMM_B32CFFC8,CONTENT_61605A88,Great tips,2026-04-04 03:41:46
COMM_FDC38E2A,CONTENT_61605A88,I can relate,2026-04-04 18:41:46
COMM_5BFCFC6E,CONTENT_61605A88,Great tips,2026-04-04 11:41:46
COMM_F7D5ACFF,CONTENT_990C3930,I can relate,2026-06-18 22:41:46
COMM_C1871566,CONTENT_990C3930,this is literally me,2026-06-17 22:41:46
COMM_BD99F8A1,CONTENT_990C3930,I've been through this,2026-06-17 12:41:46
COMM_078A796F,CONTENT_990C3930,This happens to me all the time,2026-06-17 12:41:46
COMM_BC8F2DB2,CONTENT_93BFEF5C,This happens to me all the time,2026-07-13 13:41:46
COMM_81D8BCD0,CONTENT_6A72F044,I struggle with this daily,2026-05-04 23:41:46
COMM_2C430984,CONTENT_6A72F044,this is literally me,2026-05-05 09:41:46
COMM_E33B8077,CONTENT_6A72F044,I feel exactly the same way,2026-05-05 01:41:46
COMM_D62784A0,CONTENT_6A72F044,Nice video,2026-05-04 07:41:46
COMM_B76EB54D,CONTENT_6A72F044,this is literally me,2026-05-04 15:41:46
COMM_E43FE15C,CONTENT_21FA3C8C,exactly my situation,2026-06-15 00:41:46
COMM_BE74E7CF,CONTENT_21FA3C8C,Hello from Brazil,2026-06-15 22:41:46
COMM_274722BD,CONTENT_4BDF4107,Great tips,2026-06-13 04:41:46
COMM_245F1178,CONTENT_4BDF4107,Interesting perspective,2026-06-12 20:41:46
COMM_3056ED02,CONTENT_4BDF4107,Good content,2026-06-12 20:41:46
COMM_DA3C88AD,CONTENT_4BDF4107,Hello from Brazil,2026-06-13 01:41:46
COMM_1ACB97A3,CONTENT_5C0D46B3,I don't really agree but okay,2026-06-15 20:41:46
COMM_97862322,CONTENT_5C0D46B3,I've been through this,2026-06-15 17:41:46
COMM_5C3379C9,CONTENT_5C0D46B3,same here,2026-06-15 11:41:46
COMM_F73BC735,CONTENT_5FF2CE4B,I thought I was the only one,2026-03-23 16:41:46
COMM_724787E2,CONTENT_5FF2CE4B,Hello from Brazil,2026-03-22 07:41:46
COMM_91BE98A3,CONTENT_DA314C5C,Great tips,2026-05-07 16:41:46
COMM_81D3023A,CONTENT_DA314C5C,I can relate,2026-05-08 04:41:46
COMM_F0677F9F,CONTENT_DA314C5C,Hello from Brazil,2026-05-07 04:41:46
COMM_CA931DEA,CONTENT_DA314C5C,Nice video,2026-05-08 13:41:46
COMM_BDE0BCFD,CONTENT_DA314C5C,exactly my situation,2026-05-07 07:41:46
COMM_1288CC48,CONTENT_50F99EB0,Thanks for sharing,2026-06-14 12:41:46
COMM_4DB52676,CONTENT_50F99EB0,Nice video,2026-06-14 15:41:46
COMM_4F74ECF1,CONTENT_50F99EB0,Hello from Brazil,2026-06-15 05:41:46
COMM_AC4E13DD,CONTENT_50F99EB0,Thanks for sharing,2026-06-14 16:41:46
COMM_8A079679,CONTENT_B64FA273,Good content,2026-03-19 06:41:46
COMM_73CBD385,CONTENT_D30308C5,Great tips,2026-07-11 02:41:46
COMM_A36FAFCA,CONTENT_D30308C5,Good content,2026-07-11 03:41:46
COMM_6AD4441D,CONTENT_ED5A90A0,I thought I was the only one,2026-08-23 12:41:46
COMM_991E8653,CONTENT_ED5A90A0,this is literally me,2026-08-24 15:41:46
COMM_EDC1C910,CONTENT_2FB54929,Great tips,2026-08-31 11:41:46
COMM_3202D278,CONTENT_2FB54929,Nice video,2026-08-30 17:41:46
COMM_6C5EF6AD,CONTENT_2FB54929,Great tips,2026-08-30 14:41:46
COMM_1E599AB5,CONTENT_2FB54929,I don't really agree but okay,2026-08-30 01:41:46
COMM_970652CB,CONTENT_2FB54929,Thanks for sharing,2026-08-31 12:41:46
COMM_C13C380E,CONTENT_26AA1E3C,Great tips,2026-08-31 17:41:46
COMM_4978B483,CONTENT_B44908DD,Interesting perspective,2026-03-22 16:41:46
COMM_FEDC400C,CONTENT_B44908DD,Interesting perspective,2026-03-23 17:41:46
COMM_E262D40C,CONTENT_61586AB6,Great tips,2026-07-30 09:41:46
COMM_5B989203,CONTENT_61586AB6,I don't really agree but okay,2026-07-30 13:41:46
COMM_C44C0A2A,CONTENT_61586AB6,Interesting perspective,2026-07-30 20:41:46
COMM_2D2F17F7,CONTENT_266664B0,I feel exactly the same way,2026-06-04 15:41:46
COMM_86A0B19E,CONTENT_266664B0,same here,2026-06-04 11:41:46
COMM_8DF43D61,CONTENT_266664B0,Great tips,2026-06-04 19:41:46
COMM_0205E941,CONTENT_266664B0,I don't really agree but okay,2026-06-03 16:41:46
COMM_3AF39096,CONTENT_6AD048E5,I can relate,2026-06-29 01:41:46
COMM_9095BB58,CONTENT_6AD048E5,Good content,2026-06-29 08:41:46
COMM_CE33CDAA,CONTENT_6AD048E5,Hello from Brazil,2026-06-29 12:41:46
COMM_682F4F68,CONTENT_6AD048E5,I feel exactly the same way,2026-06-28 04:41:46
COMM_1ACFB882,CONTENT_D03C8617,Good content,2026-07-22 22:41:46
COMM_1EC8A70E,CONTENT_D03C8617,Good content,2026-07-21 01:41:46
COMM_F9E57752,CONTENT_1BC4FE96,Thanks for sharing,2026-06-24 09:41:46
COMM_4E82D547,CONTENT_1BC4FE96,Great tips,2026-06-25 01:41:46
COMM_C346445D,CONTENT_1BC4FE96,Nice video,2026-06-24 09:41:46
COMM_FE1155B1,CONTENT_1B3442ED,This happens to me all the time,2026-06-29 20:41:46
COMM_ACE3A182,CONTENT_3E961758,Great tips,2026-03-22 21:41:46
COMM_2516FD40,CONTENT_1A223783,Great tips,2026-04-27 17:41:46
COMM_A17FFEF2,CONTENT_B17894F3,Hello from Brazil,2026-07-08 07:41:46
COMM_30FC4DFC,CONTENT_B17894F3,I don't really agree but okay,2026-07-07 20:41:46
COMM_2CC2FB6F,CONTENT_B17894F3,I don't really agree but okay,2026-07-08 17:41:46
COMM_7C40124B,CONTENT_B17894F3,Interesting perspective,2026-07-08 07:41:46
COMM_ECEA47C0,CONTENT_B17894F3,I struggle with this daily,2026-07-08 18:41:46
COMM_78CF368C,CONTENT_F59DEBA3,I don't really agree but okay,2026-03-18 05:41:46
COMM_6C73013C,CONTENT_F59DEBA3,I can relate,2026-03-18 19:41:46
COMM_02D65E2B,CONTENT_F59DEBA3,Thanks for sharing,2026-03-19 10:41:46
COMM_BFABF441,CONTENT_F59DEBA3,I thought I was the only one,2026-03-19 22:41:46
COMM_6024D9A0,CONTENT_F59DEBA3,I don't really agree but okay,2026-03-18 23:41:46
COMM_E08F3B67,CONTENT_FB4018BF,Interesting perspective,2026-05-04 15:41:46
COMM_00D75047,CONTENT_3CA231C4,Interesting perspective,2026-04-06 21:41:46
COMM_E44104F0,CONTENT_3CA231C4,I can relate,2026-04-06 00:41:46
COMM_349BE255,CONTENT_3CA231C4,same here,2026-04-06 00:41:46
COMM_688DAF71,CONTENT_3CA231C4,same here,2026-04-05 01:41:46
COMM_2B4BF011,CONTENT_5B89361C,I don't really agree but okay,2026-07-26 18:41:46
COMM_2D6F1072,CONTENT_5B89361C,Hello from Brazil,2026-07-26 02:41:46
COMM_9B9A630B,CONTENT_5B89361C,Interesting perspective,2026-07-27 05:41:46
COMM_D2309B24,CONTENT_DB176958,Thanks for sharing,2026-07-08 08:41:46
COMM_3DE73BDC,CONTENT_DB176958,Good content,2026-07-09 16:41:46
COMM_5D2E7948,CONTENT_DB176958,Nice video,2026-07-08 03:41:46
COMM_0FC76E7C,CONTENT_5FB96089,Hello from Brazil,2026-06-07 17:41:46
COMM_AB7C8D9F,CONTENT_8DE4C828,Thanks for sharing,2026-04-21 01:41:46
COMM_EA7814FF,CONTENT_8DE4C828,Nice video,2026-04-22 15:41:46
COMM_EB2C1470,CONTENT_8DE4C828,This happens to me all the time,2026-04-22 21:41:46
COMM_85558233,CONTENT_8DE4C828,Great tips,2026-04-22 02:41:46
COMM_2C810935,CONTENT_8DE4C828,I don't really agree but okay,2026-04-22 19:41:46
COMM_A7E47E67,CONTENT_08B8DB16,This happens to me all the time,2026-08-14 19:41:46
COMM_C2ED769B,CONTENT_08B8DB16,I feel exactly the same way,2026-08-15 06:41:46
COMM_81940380,CONTENT_9E0D2AAF,I can relate,2026-06-26 01:41:46
COMM_BA8DF46C,CONTENT_9E0D2AAF,I feel exactly the same way,2026-06-25 15:41:46
COMM_BBBB3E24,CONTENT_9E0D2AAF,Hello from Brazil,2026-06-25 09:41:46
COMM_EA697C8F,CONTENT_837C3476,Interesting perspective,2026-06-20 11:41:46
COMM_57D8FBD1,CONTENT_837C3476,Interesting perspective,2026-06-19 18:41:46
COMM_4DA4C293,CONTENT_837C3476,exactly my situation,2026-06-20 11:41:46
COMM_36C8AE51,CONTENT_837C3476,I've been through this,2026-06-20 14:41:46
COMM_1492DA22,CONTENT_837C3476,I feel exactly the same way,2026-06-19 17:41:46
COMM_C7F3E76F,CONTENT_4D32FAC8,Hello from Brazil,2026-07-19 14:41:46
COMM_623B9F4E,CONTENT_4D32FAC8,Nice video,2026-07-18 05:41:46
COMM_BBDE1FB9,CONTENT_4D32FAC8,Great tips,2026-07-18 00:41:46
COMM_96A969D6,CONTENT_3F018226,Thanks for sharing,2026-04-29 12:41:46
COMM_7E44C339,CONTENT_6B98062D,I feel exactly the same way,2026-04-29 12:41:46
COMM_034DD09B,CONTENT_512751ED,Nice video,2026-06-28 14:41:46
COMM_2C9723B3,CONTENT_7250FB4F,I've been through this,2026-03-19 07:41:46
COMM_4C0E01E6,CONTENT_F5396610,Interesting perspective,2026-07-19 03:41:46
COMM_586F1D0F,CONTENT_F5396610,Interesting perspective,2026-07-19 00:41:46
COMM_523D734D,CONTENT_F5396610,Hello from Brazil,2026-07-19 01:41:46
COMM_CAB8B9BA,CONTENT_F5396610,I don't really agree but okay,2026-07-18 06:41:46
COMM_8313A001,CONTENT_91C6EA89,Interesting perspective,2026-07-03 13:41:46
COMM_F3F69950,CONTENT_B1F58A29,Thanks for sharing,2026-08-11 02:41:46
COMM_921D2388,CONTENT_B1F58A29,I don't really agree but okay,2026-08-10 11:41:46
COMM_1CCC3E5F,CONTENT_B1F58A29,Thanks for sharing,2026-08-10 01:41:46
COMM_B16B7E13,CONTENT_3E35D5BB,I've been through this,2026-05-04 04:41:46
COMM_E91306AE,CONTENT_3E35D5BB,Great tips,2026-05-03 19:41:46
COMM_A15EBCBD,CONTENT_3E35D5BB,This happens to me all the time,2026-05-03 00:41:46
COMM_3F57577B,CONTENT_3E35D5BB,I can relate,2026-05-03 10:41:46
COMM_46781A54,CONTENT_184E0CBA,Interesting perspective,2026-05-30 02:41:46
COMM_8D655783,CONTENT_184E0CBA,Hello from Brazil,2026-05-31 06:41:46
COMM_27E1E47E,CONTENT_184E0CBA,Nice video,2026-05-30 19:41:46
COMM_D0B39AF6,CONTENT_0B480D0C,I thought I was the only one,2026-06-16 09:41:46
COMM_22A82445,CONTENT_0B480D0C,This happens to me all the time,2026-06-17 15:41:46
COMM_E70B19C3,CONTENT_0B480D0C,Hello from Brazil,2026-06-16 16:41:46
COMM_C5270523,CONTENT_BC88785A,I've been through this,2026-03-22 02:41:46
COMM_05AEE04E,CONTENT_BC88785A,Thanks for sharing,2026-03-23 16:41:46
COMM_C7EE368D,CONTENT_BC88785A,Good content,2026-03-22 20:41:46
COMM_DC1C5845,CONTENT_02D8C7FE,this is literally me,2026-05-31 19:41:46
COMM_BAAB1E0E,CONTENT_02D8C7FE,I thought I was the only one,2026-06-01 14:41:46
COMM_1EDB1C68,CONTENT_02D8C7FE,This happens to me all the time,2026-06-01 11:41:46
COMM_06E1327B,CONTENT_02D8C7FE,same here,2026-05-31 07:41:46
COMM_8FEEFB0E,CONTENT_62C5FC45,I feel exactly the same way,2026-03-26 11:41:46
COMM_47263F55,CONTENT_62C5FC45,This happens to me all the time,2026-03-26 02:41:46
COMM_767CD749,CONTENT_107E72E7,I don't really agree but okay,2026-03-26 23:41:46
COMM_D67203F3,CONTENT_107E72E7,Good content,2026-03-26 15:41:46
COMM_45A066FC,CONTENT_107E72E7,Great tips,2026-03-27 04:41:46
COMM_3313CF25,CONTENT_107E72E7,Good content,2026-03-27 20:41:46
COMM_0297C46D,CONTENT_107E72E7,I don't really agree but okay,2026-03-27 18:41:46
COMM_92C65A7B,CONTENT_6FD15323,Interesting perspective,2026-06-06 01:41:46
COMM_430E06A0,CONTENT_6FD15323,Thanks for sharing,2026-06-07 09:41:46
COMM_9857F27C,CONTENT_6FD15323,Interesting perspective,2026-06-07 07:41:46
COMM_A58498F2,CONTENT_6FD15323,Nice video,2026-06-07 20:41:46
COMM_DF5D3812,CONTENT_F8B931D4,same here,2026-06-26 04:41:46
COMM_B14B5BB4,CONTENT_E85EB887,Thanks for sharing,2026-03-14 06:41:46
COMM_F49ACFB2,CONTENT_E85EB887,Nice video,2026-03-14 20:41:46
COMM_18F7DA3B,CONTENT_00833BC8,same here,2026-04-05 19:41:46
COMM_8664824F,CONTENT_00833BC8,This happens to me all the time,2026-04-05 12:41:46
COMM_7360973A,CONTENT_00833BC8,This happens to me all the time,2026-04-04 06:41:46
COMM_CF41CE08,CONTENT_00833BC8,I can relate,2026-04-05 19:41:46
COMM_ED208E62,CONTENT_8EA17506,I struggle with this daily,2026-06-10 08:41:46
COMM_35F31147,CONTENT_8EA17506,same here,2026-06-10 16:41:46
COMM_6C5DC7EB,CONTENT_09684FAE,Great tips,2026-08-17 12:41:46
COMM_0FF078B3,CONTENT_09684FAE,I don't really agree but okay,2026-08-17 23:41:46
COMM_64A5718A,CONTENT_F1419D60,same here,2026-05-12 14:41:46
COMM_D92AE764,CONTENT_F1419D60,I feel exactly the same way,2026-05-13 22:41:46
COMM_92D28038,CONTENT_F1419D60,Great tips,2026-05-13 09:41:46
COMM_8053CF75,CONTENT_F1419D60,Hello from Brazil,2026-05-12 04:41:46
COMM_FC0F4764,CONTENT_F1419D60,I don't really agree but okay,2026-05-12 14:41:46
COMM_053D7514,CONTENT_1A456DD7,I feel exactly the same way,2026-09-01 10:41:46
COMM_248D7EF2,CONTENT_1A456DD7,I don't really agree but okay,2026-09-02 15:41:46
COMM_6D9D55E6,CONTENT_1A456DD7,I struggle with this daily,2026-09-01 21:41:46
COMM_EB3C2A2B,CONTENT_1A456DD7,Hello from Brazil,2026-09-01 15:41:46
COMM_CE10947D,CONTENT_42085D58,Interesting perspective,2026-03-26 05:41:46
COMM_3F0B2175,CONTENT_42085D58,Nice video,2026-03-26 13:41:46
COMM_90223077,CONTENT_42085D58,This happens to me all the time,2026-03-25 17:41:46
COMM_8BFC21EF,CONTENT_A78515AC,I feel exactly the same way,2026-03-12 07:41:46
COMM_8C745F71,CONTENT_A78515AC,Good content,2026-03-12 11:41:46
COMM_E23D12CB,CONTENT_A78515AC,Hello from Brazil,2026-03-12 07:41:46
COMM_733CA4BC,CONTENT_9C27A63E,Hello from Brazil,2026-07-20 21:41:46
COMM_C50ADEA7,CONTENT_9C27A63E,Nice video,2026-07-20 21:41:46
COMM_EB1DCDA5,CONTENT_9C27A63E,Thanks for sharing,2026-07-19 16:41:46
COMM_2ADBA5E8,CONTENT_9C27A63E,Good content,2026-07-19 03:41:46
COMM_6A2B34FB,CONTENT_9C27A63E,I can relate,2026-07-19 01:41:46
COMM_FE5F3B89,CONTENT_BA1C3AB9,Good content,2026-07-19 06:41:46
COMM_0726ACA5,CONTENT_BA1C3AB9,Nice video,2026-07-18 06:41:46
COMM_EEFA3AA3,CONTENT_BA1C3AB9,this is literally me,2026-07-19 19:41:46
COMM_78541275,CONTENT_E12943D5,Thanks for sharing,2026-06-15 17:41:46
COMM_B6E71E6F,CONTENT_E12943D5,Great tips,2026-06-16 13:41:46
COMM_01F4C54A,CONTENT_E12943D5,Great tips,2026-06-16 17:41:46
COMM_629F04F7,CONTENT_E12943D5,Hello from Brazil,2026-06-15 00:41:46
COMM_6984532C,CONTENT_E12943D5,I struggle with this daily,2026-06-15 14:41:46
COMM_28F446E1,CONTENT_88703835,Good content,2026-05-11 16:41:46
COMM_6E28243D,CONTENT_88703835,exactly my situation,2026-05-11 17:41:46
COMM_DC152B7B,CONTENT_88703835,Good content,2026-05-11 15:41:46
COMM_41158739,CONTENT_88703835,Good content,2026-05-10 11:41:46
COMM_0F3B88A3,CONTENT_88703835,I feel exactly the same way,2026-05-10 03:41:46
COMM_070ADB7E,CONTENT_8F65C1BA,I struggle with this daily,2026-03-14 02:41:46
COMM_ECEE45E0,CONTENT_8F65C1BA,Good content,2026-03-13 16:41:46
COMM_C473E5A5,CONTENT_4D0E1CA3,Great tips,2026-05-03 10:41:46
COMM_D800F876,CONTENT_4D0E1CA3,Great tips,2026-05-02 23:41:46
COMM_BB6875D3,CONTENT_4D0E1CA3,Great tips,2026-05-03 21:41:46
COMM_87C4AFD8,CONTENT_4D0E1CA3,Nice video,2026-05-02 22:41:46
COMM_2CFEE5DD,CONTENT_0D457AEF,Nice video,2026-04-03 20:41:46
COMM_B0F7E263,CONTENT_A5E97CBA,I don't really agree but okay,2026-07-04 19:41:46
COMM_B716D9D4,CONTENT_A5E97CBA,I can relate,2026-07-03 14:41:46
COMM_B359380C,CONTENT_A5E97CBA,I can relate,2026-07-03 13:41:46
COMM_8A574FE8,CONTENT_A493B99D,Thanks for sharing,2026-05-10 12:41:46
COMM_A8C3A2F3,CONTENT_A493B99D,this is literally me,2026-05-09 14:41:46
COMM_C863A699,CONTENT_247D966C,I feel exactly the same way,2026-03-20 13:41:46
COMM_C81B90B6,CONTENT_247D966C,I thought I was the only one,2026-03-21 13:41:46
COMM_BE6E25CA,CONTENT_247D966C,Thanks for sharing,2026-03-20 01:41:46
COMM_E9E5D406,CONTENT_247D966C,This happens to me all the time,2026-03-20 15:41:46
COMM_62286115,CONTENT_CEEC5EF5,Great tips,2026-07-09 20:41:46
COMM_D2261038,CONTENT_CEEC5EF5,Hello from Brazil,2026-07-09 11:41:46
COMM_6F0AD02B,CONTENT_BEBB7C57,I can relate,2026-03-22 20:41:46
COMM_52E39598,CONTENT_704E45E3,Hello from Brazil,2026-07-13 10:41:46
COMM_2DF993BB,CONTENT_704E45E3,I struggle with this daily,2026-07-13 11:41:46
COMM_CEDD1C45,CONTENT_E4E92AFA,same here,2026-07-02 21:41:46
COMM_D0C1532F,CONTENT_42696AB8,I don't really agree but okay,2026-05-18 02:41:46
COMM_297CD8AE,CONTENT_4D5134B6,This happens to me all the time,2026-07-31 02:41:46
COMM_2C500917,CONTENT_D3F1CAE2,I don't really agree but okay,2026-08-11 16:41:46
COMM_4A71CAD0,CONTENT_D3F1CAE2,I don't really agree but okay,2026-08-11 18:41:46
COMM_3783A9AE,CONTENT_D3F1CAE2,Good content,2026-08-12 15:41:46
COMM_1EEF3755,CONTENT_D3F1CAE2,Thanks for sharing,2026-08-12 22:41:46
COMM_D70AEAFD,CONTENT_ABA2DD06,Great tips,2026-04-04 20:41:46
COMM_E3FD8381,CONTENT_ABA2DD06,Nice video,2026-04-05 08:41:46
COMM_F41CD9D9,CONTENT_ABA2DD06,Thanks for sharing,2026-04-05 09:41:46
COMM_CBF2D803,CONTENT_ABA2DD06,Thanks for sharing,2026-04-04 18:41:46
COMM_7F7ABAA9,CONTENT_ABA2DD06,I don't really agree but okay,2026-04-05 04:41:46
COMM_606B2B0E,CONTENT_59D4E38D,this is literally me,2026-06-07 12:41:46
COMM_40609405,CONTENT_59D4E38D,I feel exactly the same way,2026-06-07 11:41:46
COMM_F7CE07B6,CONTENT_FD77637D,same here,2026-07-29 12:41:46
COMM_6A25B63E,CONTENT_FD77637D,I struggle with this daily,2026-07-30 18:41:46
COMM_C42E6272,CONTENT_FD77637D,Interesting perspective,2026-07-29 00:41:46
COMM_7170A4D1,CONTENT_2E3019C5,Hello from Brazil,2026-05-19 10:41:46
COMM_AA49D89D,CONTENT_2E3019C5,Interesting perspective,2026-05-18 05:41:46
COMM_1BCCFB5B,CONTENT_2E3019C5,I don't really agree but okay,2026-05-18 07:41:46
COMM_92767A84,CONTENT_D9A557D0,Interesting perspective,2026-05-13 16:41:46
COMM_DF6145B3,CONTENT_D9A557D0,same here,2026-05-13 13:41:46
COMM_8C33E87E,CONTENT_D9A557D0,Good content,2026-05-14 02:41:46
COMM_40645719,CONTENT_D9A557D0,Interesting perspective,2026-05-14 09:41:46
COMM_B2ABE202,CONTENT_D9A557D0,Thanks for sharing,2026-05-13 22:41:46
COMM_815E994B,CONTENT_F20524B2,This happens to me all the time,2026-05-23 22:41:46
COMM_32717316,CONTENT_F20524B2,This happens to me all the time,2026-05-22 04:41:46
COMM_DBA3A680,CONTENT_F20524B2,Good content,2026-05-23 01:41:46
COMM_341349EE,CONTENT_1E711F19,Thanks for sharing,2026-05-20 15:41:46
COMM_B721F63B,CONTENT_1E711F19,I feel exactly the same way,2026-05-20 02:41:46
COMM_2104D2E9,CONTENT_1E711F19,I struggle with this daily,2026-05-20 10:41:46
COMM_68C0AFFB,CONTENT_1C6E7234,Interesting perspective,2026-07-28 16:41:46
COMM_0F3CEF4C,CONTENT_F23A2C9A,I don't really agree but okay,2026-07-30 21:41:46
COMM_D2A3F89D,CONTENT_F23A2C9A,I feel exactly the same way,2026-07-30 14:41:46
COMM_2CE69293,CONTENT_F23A2C9A,this is literally me,2026-07-31 07:41:46
COMM_E4568A95,CONTENT_F23A2C9A,I don't really agree but okay,2026-07-31 12:41:46
COMM_E84CF74F,CONTENT_F23A2C9A,this is literally me,2026-07-30 13:41:46
COMM_071542FB,CONTENT_B3550F64,Nice video,2026-03-23 14:41:46
COMM_7BA815FA,CONTENT_B3550F64,Nice video,2026-03-23 14:41:46
COMM_7B569EA0,CONTENT_C9850936,exactly my situation,2026-03-21 11:41:46
COMM_D974FA10,CONTENT_C9850936,Great tips,2026-03-20 12:41:46
COMM_335DC0B2,CONTENT_249DF4C9,Great tips,2026-03-22 10:41:46
COMM_3F1C5D98,CONTENT_249DF4C9,Hello from Brazil,2026-03-22 04:41:46
COMM_63CDBAC3,CONTENT_249DF4C9,Good content,2026-03-23 07:41:46
COMM_73486E26,CONTENT_C2B30F71,I struggle with this daily,2026-08-17 18:41:46
COMM_D9A8211C,CONTENT_C2B30F71,I feel exactly the same way,2026-08-17 08:41:46
COMM_BB4D9F7D,CONTENT_C4E330B4,I feel exactly the same way,2026-05-13 16:41:46
COMM_8B02D87B,CONTENT_C4E330B4,I thought I was the only one,2026-05-13 00:41:46
COMM_F81224E7,CONTENT_C4E330B4,This happens to me all the time,2026-05-13 08:41:46
COMM_47E72603,CONTENT_C4E330B4,I can relate,2026-05-12 11:41:46
COMM_C4F8783A,CONTENT_C4E330B4,This happens to me all the time,2026-05-12 14:41:46
COMM_9E7C6828,CONTENT_D6769C12,Good content,2026-08-24 04:41:46
COMM_6406D201,CONTENT_D6769C12,I thought I was the only one,2026-08-24 21:41:46
COMM_5C551FA1,CONTENT_D6769C12,Interesting perspective,2026-08-24 17:41:46
COMM_E98A0CAD,CONTENT_178E15F2,I thought I was the only one,2026-09-07 22:41:46
COMM_6E7E28E9,CONTENT_0942E50C,I thought I was the only one,2026-04-13 23:41:46
COMM_B2C6FF3A,CONTENT_7C3D762E,I don't really agree but okay,2026-04-01 09:41:46
COMM_A0A9C1BC,CONTENT_7C3D762E,I've been through this,2026-03-31 06:41:46
COMM_FA36DB12,CONTENT_7C3D762E,Hello from Brazil,2026-03-31 00:41:46
COMM_258D85DB,CONTENT_7C3D762E,Thanks for sharing,2026-04-01 03:41:46
COMM_750CB3A0,CONTENT_7C3D762E,I don't really agree but okay,2026-04-01 11:41:46
COMM_43BDD842,CONTENT_D365AC77,I thought I was the only one,2026-07-24 04:41:46
COMM_B18D264C,CONTENT_D365AC77,This happens to me all the time,2026-07-24 07:41:46
COMM_FAFC9B2C,CONTENT_D365AC77,I feel exactly the same way,2026-07-24 02:41:46
COMM_D436815A,CONTENT_D365AC77,same here,2026-07-25 08:41:46
COMM_884793C7,CONTENT_D365AC77,I thought I was the only one,2026-07-25 06:41:46
COMM_494B4010,CONTENT_EA570C62,I can relate,2026-08-01 20:41:46
COMM_D64B9A5C,CONTENT_EA570C62,this is literally me,2026-08-02 13:41:46
COMM_C2E3694A,CONTENT_EA570C62,I feel exactly the same way,2026-08-01 22:41:46
COMM_7A72541A,CONTENT_EA570C62,I feel exactly the same way,2026-08-01 23:41:46
COMM_14495F48,CONTENT_EA570C62,I've been through this,2026-08-02 13:41:46
COMM_E574D7A7,CONTENT_70B78AB6,I thought I was the only one,2026-07-08 13:41:46
COMM_C7F6F74B,CONTENT_70B78AB6,Good content,2026-07-08 17:41:46
COMM_B9CB88B7,CONTENT_70B78AB6,Nice video,2026-07-08 05:41:46
COMM_D1CD4FFF,CONTENT_70B78AB6,I feel exactly the same way,2026-07-08 17:41:46
COMM_4DE13D92,CONTENT_70B78AB6,Nice video,2026-07-07 18:41:46
COMM_6C0813D5,CONTENT_E3247A81,Nice video,2026-04-08 00:41:46
COMM_F3D0B4FB,CONTENT_E3247A81,This happens to me all the time,2026-04-09 21:41:46
COMM_9C8A3C41,CONTENT_4A9D5643,I feel exactly the same way,2026-04-05 00:41:46
COMM_E24B67EF,CONTENT_4A9D5643,Great tips,2026-04-05 00:41:46
COMM_AF9EB196,CONTENT_0C7551CD,I feel exactly the same way,2026-07-25 03:41:46
COMM_06034C8D,CONTENT_0C7551CD,Interesting perspective,2026-07-25 22:41:46
COMM_25222130,CONTENT_0C7551CD,I've been through this,2026-07-26 12:41:46
COMM_71A89CF9,CONTENT_B189BAE9,This happens to me all the time,2026-07-20 21:41:46
COMM_BEE38B75,CONTENT_B189BAE9,same here,2026-07-21 00:41:46
COMM_63DCD564,CONTENT_B189BAE9,I can relate,2026-07-20 18:41:46
COMM_58921480,CONTENT_B189BAE9,this is literally me,2026-07-20 23:41:46
COMM_5B2B6A09,CONTENT_B189BAE9,I don't really agree but okay,2026-07-20 00:41:46
COMM_92E0E658,CONTENT_E7E8476C,This happens to me all the time,2026-07-20 14:41:46
COMM_ACA7E6DD,CONTENT_E7E8476C,Great tips,2026-07-20 16:41:46
COMM_7CEABF7A,CONTENT_E7E8476C,Interesting perspective,2026-07-20 08:41:46
COMM_5CEAD795,CONTENT_E7E8476C,I thought I was the only one,2026-07-20 17:41:46
COMM_82E5E091,CONTENT_E7E8476C,Nice video,2026-07-20 23:41:46
COMM_AF3883A0,CONTENT_59497902,Great tips,2026-08-31 19:41:46
COMM_C665A21C,CONTENT_59497902,Good content,2026-08-30 12:41:46
COMM_374442D4,CONTENT_59497902,Nice video,2026-08-31 08:41:46
COMM_7D68B641,CONTENT_0FD7E6B3,I thought I was the only one,2026-08-02 14:41:46
COMM_B62B6F47,CONTENT_0FD7E6B3,I've been through this,2026-08-01 10:41:46
COMM_DE11149D,CONTENT_0FD7E6B3,I can relate,2026-08-01 00:41:46
COMM_880EBE5C,CONTENT_0FD7E6B3,I thought I was the only one,2026-08-01 12:41:46
COMM_30C83807,CONTENT_0FD7E6B3,This happens to me all the time,2026-08-01 09:41:46
COMM_18A71E9A,CONTENT_5BFC7E35,I don't really agree but okay,2026-06-11 04:41:46
COMM_BE04F48A,CONTENT_5BFC7E35,Great tips,2026-06-12 18:41:46
COMM_6DAB9A23,CONTENT_5BFC7E35,I've been through this,2026-06-12 18:41:46
COMM_C5AC908E,CONTENT_F661BA07,I feel exactly the same way,2026-03-25 13:41:46
COMM_C7C97076,CONTENT_F661BA07,Thanks for sharing,2026-03-25 20:41:46
COMM_0C2A25C2,CONTENT_F661BA07,I feel exactly the same way,2026-03-25 13:41:46
COMM_34781C02,CONTENT_F661BA07,Thanks for sharing,2026-03-25 06:41:46
COMM_F7DF4E5E,CONTENT_B439C633,I thought I was the only one,2026-08-17 22:41:46
COMM_CFCA2F47,CONTENT_B439C633,This happens to me all the time,2026-08-18 00:41:46
COMM_B848B632,CONTENT_B439C633,Good content,2026-08-18 20:41:46
COMM_B2EB9F83,CONTENT_3D1069EE,same here,2026-07-15 13:41:46
COMM_43C302FE,CONTENT_3D1069EE,same here,2026-07-16 01:41:46
COMM_E4073D31,CONTENT_3D1069EE,Hello from Brazil,2026-07-15 15:41:46
COMM_CC5DF4FF,CONTENT_3D1069EE,Hello from Brazil,2026-07-15 23:41:46
COMM_54F9CD04,CONTENT_10557750,Interesting perspective,2026-04-01 17:41:46
COMM_E9485860,CONTENT_10557750,Good content,2026-04-02 02:41:46
COMM_47CA82C3,CONTENT_10557750,Hello from Brazil,2026-04-01 15:41:46
COMM_ABDBFDFA,CONTENT_10557750,Good content,2026-04-01 14:41:46
COMM_F0BBD456,CONTENT_F7752798,I don't really agree but okay,2026-07-31 18:41:46
COMM_A6F26837,CONTENT_F7752798,Great tips,2026-07-31 08:41:46
COMM_C8EDB47D,CONTENT_57225A09,Nice video,2026-08-24 18:41:46
COMM_77C8D58B,CONTENT_57225A09,Great tips,2026-08-25 17:41:46
COMM_34A2CA28,CONTENT_57225A09,Nice video,2026-08-24 20:41:46
COMM_16564555,CONTENT_57225A09,Nice video,2026-08-24 17:41:46
COMM_4AF8348F,CONTENT_84FDEF83,I can relate,2026-05-09 09:41:46
COMM_DE59074E,CONTENT_0EA92E74,I've been through this,2026-03-22 11:41:46
COMM_AF69D457,CONTENT_0EA92E74,I struggle with this daily,2026-03-23 13:41:46
COMM_F046C818,CONTENT_0EA92E74,Interesting perspective,2026-03-23 01:41:46
COMM_8A4DB17C,CONTENT_0EA92E74,Good content,2026-03-23 00:41:46
COMM_4CFEE422,CONTENT_0EA92E74,I don't really agree but okay,2026-03-22 03:41:46
COMM_477E166A,CONTENT_84CE86D0,Nice video,2026-07-22 05:41:46
COMM_540241C9,CONTENT_84CE86D0,I don't really agree but okay,2026-07-21 06:41:46
COMM_78A7A68F,CONTENT_84CE86D0,I don't really agree but okay,2026-07-22 11:41:46
COMM_D8CFF2CB,CONTENT_B8B5DE94,I feel exactly the same way,2026-08-14 14:41:46
COMM_00FCC64A,CONTENT_B8B5DE94,Great tips,2026-08-14 11:41:46
COMM_88D88D40,CONTENT_B8B5DE94,I feel exactly the same way,2026-08-14 10:41:46
COMM_0F76FE26,CONTENT_B8B5DE94,I've been through this,2026-08-14 08:41:46
COMM_7B806A40,CONTENT_B8B5DE94,same here,2026-08-13 14:41:46
COMM_D0255724,CONTENT_E7802C05,I can relate,2026-08-26 01:41:46
COMM_93F2EE99,CONTENT_40C91015,Thanks for sharing,2026-08-03 21:41:46
COMM_8F98C6CF,CONTENT_40C91015,Good content,2026-08-02 17:41:46
COMM_06BDF8D9,CONTENT_40C91015,Hello from Brazil,2026-08-03 16:41:46
COMM_8361DA76,CONTENT_40C91015,Hello from Brazil,2026-08-03 22:41:46
COMM_28116B0F,CONTENT_8A62B39E,I thought I was the only one,2026-07-01 18:41:46
COMM_E711FAA0,CONTENT_8A62B39E,Thanks for sharing,2026-07-01 16:41:46
COMM_D2605093,CONTENT_8A62B39E,Thanks for sharing,2026-07-02 10:41:46
COMM_BF8B477D,CONTENT_3F79910E,Thanks for sharing,2026-07-30 02:41:46
COMM_35AD6AC9,CONTENT_3F79910E,Nice video,2026-07-31 16:41:46
COMM_11C471A4,CONTENT_3F79910E,Thanks for sharing,2026-07-30 20:41:46
COMM_25B6D0C1,CONTENT_EBD0CDB4,I thought I was the only one,2026-05-12 22:41:46
COMM_BD24D9A1,CONTENT_BA8EFF75,I can relate,2026-06-05 09:41:46
COMM_85A19F34,CONTENT_615A963A,This happens to me all the time,2026-08-19 06:41:46
COMM_836A6371,CONTENT_615A963A,Interesting perspective,2026-08-19 05:41:46
COMM_1A7521BB,CONTENT_615A963A,this is literally me,2026-08-19 06:41:46
COMM_0DBA4E40,CONTENT_6F09FEF5,I thought I was the only one,2026-08-25 06:41:46
COMM_A3E58A36,CONTENT_6F09FEF5,Interesting perspective,2026-08-26 10:41:46
COMM_02217FE4,CONTENT_6F09FEF5,Nice video,2026-08-26 04:41:46
COMM_E089C81A,CONTENT_6F09FEF5,Thanks for sharing,2026-08-26 22:41:46
COMM_A147FF4F,CONTENT_F98A39DC,Interesting perspective,2026-04-16 09:41:46
COMM_546A557F,CONTENT_F98A39DC,exactly my situation,2026-04-16 06:41:46
COMM_7A4E9BAA,CONTENT_F98A39DC,same here,2026-04-16 22:41:46
COMM_D7E0C792,CONTENT_F98A39DC,I struggle with this daily,2026-04-17 02:41:46
COMM_4AD6F181,CONTENT_38E354ED,Great tips,2026-06-27 21:41:46
COMM_F3687C51,CONTENT_38E354ED,Interesting perspective,2026-06-27 06:41:46
COMM_8D250272,CONTENT_38E354ED,Interesting perspective,2026-06-27 13:41:46
COMM_2E0C99CB,CONTENT_38E354ED,I can relate,2026-06-28 16:41:46
COMM_2CB3AE84,CONTENT_38E354ED,Interesting perspective,2026-06-28 14:41:46
COMM_423FA551,CONTENT_92FB7165,I can relate,2026-05-26 09:41:46
COMM_19B3C624,CONTENT_71650566,Hello from Brazil,2026-07-19 14:41:46
COMM_EF79D63B,CONTENT_71650566,I don't really agree but okay,2026-07-19 08:41:46
COMM_D8C11DFD,CONTENT_88C9E4FB,I don't really agree but okay,2026-06-18 22:41:46
COMM_480960DA,CONTENT_88C9E4FB,Great tips,2026-06-17 00:41:46
COMM_036E44B9,CONTENT_88C9E4FB,Thanks for sharing,2026-06-17 09:41:46
COMM_60C280F4,CONTENT_88C9E4FB,Thanks for sharing,2026-06-18 02:41:46
COMM_C62EEE83,CONTENT_9180D8FC,Hello from Brazil,2026-08-18 17:41:46
COMM_27D7F979,CONTENT_9180D8FC,I can relate,2026-08-19 18:41:46
COMM_98683A75,CONTENT_9180D8FC,I struggle with this daily,2026-08-19 08:41:46
COMM_3E174E21,CONTENT_FA7A96BE,Nice video,2026-08-19 17:41:46
COMM_B1766F35,CONTENT_FA7A96BE,I don't really agree but okay,2026-08-19 10:41:46
COMM_C051EDC5,CONTENT_FA7A96BE,Thanks for sharing,2026-08-20 11:41:46
COMM_6B3F4A65,CONTENT_FA7A96BE,Great tips,2026-08-19 23:41:46
COMM_E55CF458,CONTENT_0978BDB0,Hello from Brazil,2026-04-10 09:41:46
COMM_B3B511EB,CONTENT_0978BDB0,I struggle with this daily,2026-04-10 05:41:46
COMM_5EB6F3BD,CONTENT_0978BDB0,I thought I was the only one,2026-04-09 23:41:46
COMM_F15A269F,CONTENT_0978BDB0,I don't really agree but okay,2026-04-10 02:41:46
COMM_78E49FC4,CONTENT_0978BDB0,this is literally me,2026-04-09 00:41:46
COMM_C70CDBA4,CONTENT_68344C31,I don't really agree but okay,2026-04-29 13:41:46
COMM_27089311,CONTENT_68344C31,Hello from Brazil,2026-04-28 07:41:46
COMM_9E21A10F,CONTENT_68344C31,Hello from Brazil,2026-04-28 19:41:46
COMM_A3E1CE11,CONTENT_AEE040A2,I can relate,2026-04-03 23:41:46
COMM_ED1F1FE2,CONTENT_AEE040A2,this is literally me,2026-04-04 11:41:46
COMM_6657552C,CONTENT_AEE040A2,Interesting perspective,2026-04-03 15:41:46
COMM_348AFFB5,CONTENT_8ABB4956,This happens to me all the time,2026-05-14 18:41:46
COMM_068C0639,CONTENT_8ABB4956,Nice video,2026-05-14 10:41:46
COMM_5FE003B1,CONTENT_B3E44A07,Interesting perspective,2026-04-27 20:41:46
COMM_124FFCE7,CONTENT_B3E44A07,I thought I was the only one,2026-04-27 08:41:46
COMM_55FDCC9C,CONTENT_B3E44A07,Interesting perspective,2026-04-28 17:41:46
COMM_1C0D9326,CONTENT_B3E44A07,exactly my situation,2026-04-28 07:41:46
COMM_24FAFAB0,CONTENT_B3E44A07,I don't really agree but okay,2026-04-28 07:41:46
COMM_25EA20CF,CONTENT_0A61C4AA,Good content,2026-08-31 14:41:46
COMM_B656651A,CONTENT_0A61C4AA,Great tips,2026-08-31 07:41:46
COMM_3B0519A4,CONTENT_0A61C4AA,I thought I was the only one,2026-08-30 10:41:46
COMM_3C2E43DB,CONTENT_0A61C4AA,Good content,2026-08-30 08:41:46
COMM_24E44483,CONTENT_0A61C4AA,I thought I was the only one,2026-08-31 15:41:46
COMM_D0027DF3,CONTENT_3B956F26,I can relate,2026-07-27 16:41:46
COMM_27E92670,CONTENT_3B956F26,Nice video,2026-07-27 05:41:46
COMM_D1152316,CONTENT_3B956F26,Hello from Brazil,2026-07-27 15:41:46
COMM_7EC02393,CONTENT_3B956F26,I struggle with this daily,2026-07-26 06:41:46
COMM_4D8A64A5,CONTENT_3B956F26,Good content,2026-07-27 10:41:46
COMM_A73379A9,CONTENT_85135382,Good content,2026-07-22 14:41:46
COMM_D008591A,CONTENT_85135382,I feel exactly the same way,2026-07-21 00:41:46
COMM_47B2F3BC,CONTENT_85135382,Great tips,2026-07-21 05:41:46
COMM_CA044B77,CONTENT_85135382,Thanks for sharing,2026-07-22 18:41:46
COMM_89DA41F6,CONTENT_9042CD0C,I struggle with this daily,2026-04-25 03:41:46
COMM_5ABB1715,CONTENT_9042CD0C,I don't really agree but okay,2026-04-24 11:41:46
COMM_AE02C783,CONTENT_34E1317A,This happens to me all the time,2026-05-02 15:41:46
COMM_7941E83A,CONTENT_E1A94A95,Nice video,2026-08-18 20:41:46
COMM_EBA0EF2D,CONTENT_E1A94A95,Hello from Brazil,2026-08-17 09:41:46
COMM_F1CA9782,CONTENT_E1A94A95,Nice video,2026-08-18 21:41:46
COMM_5F2FF65E,CONTENT_E1A94A95,Great tips,2026-08-18 21:41:46
COMM_9C607936,CONTENT_E1A94A95,I don't really agree but okay,2026-08-18 19:41:46
COMM_625CA92A,CONTENT_48E5FA36,Hello from Brazil,2026-06-11 11:41:46
COMM_CE07EA9B,CONTENT_48E5FA36,I can relate,2026-06-11 01:41:46
COMM_5164F3E5,CONTENT_48E5FA36,Interesting perspective,2026-06-12 14:41:46
COMM_970D8FA5,CONTENT_48E5FA36,Hello from Brazil,2026-06-12 16:41:46
COMM_5C546DF0,CONTENT_9F57EC24,Thanks for sharing,2026-05-01 06:41:46
COMM_2551B6FF,CONTENT_9F57EC24,I thought I was the only one,2026-04-30 03:41:46
COMM_4A5C78A6,CONTENT_0E610B8E,Interesting perspective,2026-09-02 17:41:46
COMM_C48E30F1,CONTENT_0E610B8E,Good content,2026-09-01 02:41:46
COMM_D373985A,CONTENT_766CF707,same here,2026-03-24 21:41:46
COMM_33377A0B,CONTENT_766CF707,Nice video,2026-03-23 20:41:46
COMM_BC37A7FE,CONTENT_6F95B949,I don't really agree but okay,2026-05-04 22:41:46
COMM_71B95465,CONTENT_783257FB,Great tips,2026-06-18 04:41:46
COMM_E4CC2E43,CONTENT_783257FB,This happens to me all the time,2026-06-18 21:41:46
COMM_26CC4577,CONTENT_783257FB,Nice video,2026-06-18 06:41:46
COMM_19E39411,CONTENT_783257FB,Great tips,2026-06-19 02:41:46
COMM_241E8722,CONTENT_85697D6C,Good content,2026-09-02 22:41:46
COMM_76AF501D,CONTENT_85697D6C,Hello from Brazil,2026-09-01 21:41:46
COMM_8859D53A,CONTENT_85697D6C,Thanks for sharing,2026-09-02 10:41:46
COMM_BEE10CF1,CONTENT_85697D6C,this is literally me,2026-09-01 02:41:46
COMM_4B4FD1E7,CONTENT_85697D6C,Great tips,2026-09-01 01:41:46
COMM_93F9370B,CONTENT_2507F9AF,Good content,2026-03-18 16:41:46
COMM_7212E942,CONTENT_2507F9AF,Great tips,2026-03-19 22:41:46
COMM_87094804,CONTENT_2507F9AF,Thanks for sharing,2026-03-19 12:41:46
COMM_BFDACA90,CONTENT_2507F9AF,Good content,2026-03-19 08:41:46
COMM_436687CC,CONTENT_2507F9AF,I've been through this,2026-03-19 15:41:46
COMM_F50678E4,CONTENT_5536C5E6,Hello from Brazil,2026-09-05 15:41:46
COMM_391D87A8,CONTENT_5536C5E6,Thanks for sharing,2026-09-04 08:41:46
COMM_04F465F3,CONTENT_5536C5E6,Nice video,2026-09-05 01:41:46
COMM_785C8563,CONTENT_5536C5E6,Interesting perspective,2026-09-04 15:41:46
COMM_20E90C88,CONTENT_5536C5E6,Great tips,2026-09-04 20:41:46
COMM_B84C8938,CONTENT_CC6645C6,Nice video,2026-05-14 07:41:46
COMM_DD193893,CONTENT_D1263EC3,I don't really agree but okay,2026-05-27 07:41:46
COMM_CF54E6D0,CONTENT_30846705,I don't really agree but okay,2026-06-09 16:41:46
COMM_36854311,CONTENT_30846705,Hello from Brazil,2026-06-09 16:41:46
COMM_89D2D0EB,CONTENT_30846705,same here,2026-06-08 01:41:46
COMM_CC8F3867,CONTENT_FB1D761F,Nice video,2026-06-12 10:41:46
COMM_87BAE7D7,CONTENT_FB1D761F,I can relate,2026-06-12 20:41:46
COMM_BD20A416,CONTENT_FB1D761F,I can relate,2026-06-12 10:41:46
COMM_3EB249E5,CONTENT_FB1D761F,same here,2026-06-12 12:41:46
COMM_FFA65B59,CONTENT_686A6453,Good content,2026-08-28 03:41:46
COMM_F84017A8,CONTENT_686A6453,Thanks for sharing,2026-08-27 20:41:46
COMM_9FCFA09C,CONTENT_686A6453,I don't really agree but okay,2026-08-27 16:41:46
COMM_79BB4E83,CONTENT_686A6453,I feel exactly the same way,2026-08-27 10:41:46
COMM_CBCB0CDE,CONTENT_E46E00E9,Nice video,2026-03-27 12:41:46
COMM_42A1506C,CONTENT_E46E00E9,Hello from Brazil,2026-03-28 16:41:46
COMM_E4CE419E,CONTENT_E46E00E9,I don't really agree but okay,2026-03-27 06:41:46
COMM_987B5A75,CONTENT_E46E00E9,this is literally me,2026-03-28 09:41:46
COMM_356C1E1D,CONTENT_E46E00E9,Good content,2026-03-28 11:41:46
COMM_22A0B5D3,CONTENT_3C01CAF9,I've been through this,2026-04-01 03:41:46
COMM_62E80CF6,CONTENT_3C01CAF9,I can relate,2026-04-01 08:41:46
COMM_468F4037,CONTENT_3C01CAF9,This happens to me all the time,2026-04-02 19:41:46
COMM_33D9F119,CONTENT_531DE31A,Great tips,2026-06-03 06:41:46
COMM_ADCF7B98,CONTENT_88D3F901,same here,2026-08-22 09:41:46
COMM_4B963845,CONTENT_88D3F901,I've been through this,2026-08-22 16:41:46
COMM_E28D23F1,CONTENT_814E1186,Hello from Brazil,2026-08-25 15:41:46
COMM_4AD2C057,CONTENT_C320907F,Good content,2026-07-01 13:41:46
COMM_C5C4C5B8,CONTENT_C320907F,Hello from Brazil,2026-06-30 07:41:46
COMM_D5E88AA1,CONTENT_C320907F,I feel exactly the same way,2026-06-30 12:41:46
COMM_EA6A4870,CONTENT_C320907F,This happens to me all the time,2026-06-30 12:41:46
COMM_EA1A1DE0,CONTENT_DCF05E97,Good content,2026-03-27 21:41:46
COMM_26AFFD5B,CONTENT_DCF05E97,Thanks for sharing,2026-03-28 07:41:46
COMM_57381576,CONTENT_DCF05E97,Nice video,2026-03-28 04:41:46
COMM_7BDB7D76,CONTENT_F61112D2,same here,2026-07-15 15:41:46
COMM_9C70256D,CONTENT_F61112D2,same here,2026-07-15 10:41:46
COMM_CC623BFA,CONTENT_5C391CE0,I can relate,2026-07-02 04:41:46
COMM_EFCE7263,CONTENT_5C391CE0,Thanks for sharing,2026-07-02 08:41:46
COMM_FBC6D3E7,CONTENT_5C391CE0,Nice video,2026-07-02 06:41:46
COMM_A1E1D8EB,CONTENT_5C391CE0,I don't really agree but okay,2026-07-01 22:41:46
COMM_FFF19F66,CONTENT_78C5A8D1,Great tips,2026-03-23 11:41:46
COMM_B694FEE2,CONTENT_78C5A8D1,Interesting perspective,2026-03-24 20:41:46
COMM_6DA24337,CONTENT_F1975418,Good content,2026-09-05 07:41:46
COMM_1F37F0BB,CONTENT_F1975418,Good content,2026-09-06 04:41:46
COMM_87DF58C4,CONTENT_F1975418,Good content,2026-09-06 06:41:46
COMM_9CE1E6A7,CONTENT_139ECE24,same here,2026-07-01 08:41:46
COMM_4E1E601C,CONTENT_139ECE24,Nice video,2026-07-01 15:41:46
COMM_0CC16730,CONTENT_139ECE24,I thought I was the only one,2026-07-01 13:41:46
COMM_972987AD,CONTENT_139ECE24,This happens to me all the time,2026-06-30 12:41:46
COMM_15D374EE,CONTENT_139ECE24,same here,2026-06-30 12:41:46
COMM_1EE7DCE9,CONTENT_632BD85B,This happens to me all the time,2026-05-11 16:41:46
COMM_677A9DA5,CONTENT_632BD85B,this is literally me,2026-05-12 09:41:46
COMM_52EF9D3D,CONTENT_6A01AB11,this is literally me,2026-07-12 07:41:46
COMM_75A4BF70,CONTENT_6A01AB11,same here,2026-07-12 12:41:46
COMM_0173A0D8,CONTENT_6A01AB11,same here,2026-07-13 07:41:46
COMM_DA4D3968,CONTENT_A18D15CC,I've been through this,2026-06-15 15:41:46
COMM_0A0F2B03,CONTENT_B3F37673,Thanks for sharing,2026-08-15 19:41:46
COMM_A4F3BDEE,CONTENT_B3F37673,I don't really agree but okay,2026-08-16 19:41:46
COMM_2F762D10,CONTENT_B3F37673,Nice video,2026-08-16 10:41:46
COMM_B4BDFAED,CONTENT_B3F37673,Good content,2026-08-15 05:41:46
COMM_D08B722C,CONTENT_B3F37673,Thanks for sharing,2026-08-16 08:41:46
COMM_6316333A,CONTENT_FB3DC748,I thought I was the only one,2026-06-03 17:41:46
COMM_1F5E4B8C,CONTENT_FB3DC748,This happens to me all the time,2026-06-03 00:41:46
COMM_4344DD77,CONTENT_FB3DC748,Great tips,2026-06-03 15:41:46
COMM_3F660F42,CONTENT_FB3DC748,I don't really agree but okay,2026-06-03 01:41:46
COMM_616DCB95,CONTENT_673DADD0,I don't really agree but okay,2026-08-08 22:41:46
COMM_A38BEB01,CONTENT_673DADD0,Great tips,2026-08-09 17:41:46
COMM_58C5E8D3,CONTENT_673DADD0,Great tips,2026-08-08 13:41:46
COMM_3FC0778C,CONTENT_673DADD0,I don't really agree but okay,2026-08-09 18:41:46
COMM_100D295F,CONTENT_A88B14F2,this is literally me,2026-05-27 14:41:46
COMM_BA98B34E,CONTENT_A88B14F2,This happens to me all the time,2026-05-26 06:41:46
COMM_3ACAF738,CONTENT_A88B14F2,I struggle with this daily,2026-05-26 04:41:46
COMM_78C26E8D,CONTENT_A88B14F2,I feel exactly the same way,2026-05-26 06:41:46
COMM_5A0F99D6,CONTENT_885D1B6C,Great tips,2026-07-25 11:41:46
COMM_876FAC26,CONTENT_885D1B6C,exactly my situation,2026-07-26 13:41:46
COMM_F69BC5BB,CONTENT_262F9F2D,Nice video,2026-03-14 19:41:46
COMM_4D509290,CONTENT_262F9F2D,Great tips,2026-03-15 19:41:46
COMM_869D7D96,CONTENT_262F9F2D,I can relate,2026-03-15 04:41:46
COMM_42EC346F,CONTENT_262F9F2D,Hello from Brazil,2026-03-14 16:41:46
COMM_65E57917,CONTENT_262F9F2D,Great tips,2026-03-14 23:41:46
COMM_571F8BE7,CONTENT_BA459143,I feel exactly the same way,2026-04-01 09:41:46
COMM_76A62290,CONTENT_BA459143,Good content,2026-03-31 07:41:46
COMM_5BACDF44,CONTENT_BA459143,same here,2026-04-01 17:41:46
COMM_018070F1,CONTENT_BA459143,Thanks for sharing,2026-04-01 05:41:46
COMM_8F1EA45B,CONTENT_BA459143,I feel exactly the same way,2026-04-01 04:41:46
COMM_4058D4D7,CONTENT_37A73F6C,same here,2026-05-05 21:41:46
COMM_0E874288,CONTENT_1317ECF3,I don't really agree but okay,2026-05-25 17:41:46
COMM_84B91380,CONTENT_1317ECF3,Great tips,2026-05-26 16:41:46
COMM_3BE50DA5,CONTENT_1317ECF3,I struggle with this daily,2026-05-26 17:41:46
COMM_FA8840AF,CONTENT_1317ECF3,Thanks for sharing,2026-05-25 07:41:46
COMM_B5C49000,CONTENT_1317ECF3,I can relate,2026-05-25 18:41:46
COMM_9A8A5E38,CONTENT_3C70F1AA,Nice video,2026-07-15 15:41:46
COMM_BC9D2CAA,CONTENT_3C70F1AA,I don't really agree but okay,2026-07-14 03:41:46
COMM_1B1C1B99,CONTENT_3C70F1AA,Hello from Brazil,2026-07-14 15:41:46
COMM_971E48D8,CONTENT_C04CD154,I don't really agree but okay,2026-09-01 12:41:46
COMM_D00F27F1,CONTENT_C04CD154,Nice video,2026-09-02 02:41:46
COMM_8DCB65A5,CONTENT_C0DE7F32,Thanks for sharing,2026-07-17 14:41:46
COMM_4792082C,CONTENT_C0DE7F32,Hello from Brazil,2026-07-17 06:41:46
COMM_535529D1,CONTENT_C0DE7F32,same here,2026-07-17 14:41:46
COMM_507AC474,CONTENT_C0DE7F32,Nice video,2026-07-16 09:41:46
COMM_A62207E7,CONTENT_512BCD3B,this is literally me,2026-04-06 03:41:46
COMM_C89C709B,CONTENT_512BCD3B,this is literally me,2026-04-05 03:41:46
COMM_44D851BA,CONTENT_512BCD3B,I can relate,2026-04-06 12:41:46
COMM_1BD489E3,CONTENT_512BCD3B,same here,2026-04-06 10:41:46
COMM_036661BF,CONTENT_5B4A5E61,this is literally me,2026-08-31 09:41:46
COMM_7D420F2E,CONTENT_5B4A5E61,same here,2026-08-31 08:41:46
COMM_06F7A8D3,CONTENT_11DC4B8E,Interesting perspective,2026-07-11 22:41:46
COMM_1CD456CC,CONTENT_11DC4B8E,I struggle with this daily,2026-07-11 03:41:46
COMM_C4EC1566,CONTENT_11DC4B8E,Nice video,2026-07-11 06:41:46
COMM_60153FD0,CONTENT_11DC4B8E,Great tips,2026-07-11 22:41:46
COMM_76405C47,CONTENT_11DC4B8E,Good content,2026-07-11 05:41:46
COMM_F6C7A354,CONTENT_F91ABB2D,Interesting perspective,2026-07-12 17:41:46
COMM_039D581A,CONTENT_F91ABB2D,Nice video,2026-07-12 09:41:46
COMM_E3B6590E,CONTENT_F91ABB2D,Good content,2026-07-12 21:41:46
COMM_E9947B47,CONTENT_DB3C10B8,Thanks for sharing,2026-03-19 18:41:46
COMM_9EA4EC24,CONTENT_DB3C10B8,Interesting perspective,2026-03-20 15:41:46
COMM_C7EB32F4,CONTENT_DB3C10B8,I can relate,2026-03-20 15:41:46
COMM_AB45FC5D,CONTENT_DB3C10B8,I feel exactly the same way,2026-03-20 03:41:46
COMM_F2D3E992,CONTENT_2BAADECC,Interesting perspective,2026-04-19 11:41:46
COMM_16775C95,CONTENT_2BAADECC,Hello from Brazil,2026-04-20 11:41:46
COMM_26BA6A2A,CONTENT_2BAADECC,Great tips,2026-04-20 01:41:46
COMM_1B246FB1,CONTENT_2BAADECC,Nice video,2026-04-19 04:41:46
COMM_22C002F4,CONTENT_C916CB7A,same here,2026-05-10 06:41:46
COMM_65E1FC8E,CONTENT_F4FCC8F1,Hello from Brazil,2026-08-23 05:41:46
COMM_64992164,CONTENT_F4FCC8F1,Great tips,2026-08-22 02:41:46
COMM_9048C079,CONTENT_F4FCC8F1,I thought I was the only one,2026-08-22 14:41:46
COMM_83B1A06A,CONTENT_F4FCC8F1,Interesting perspective,2026-08-22 06:41:46
COMM_0CDFB2C0,CONTENT_ECC7FDAF,Hello from Brazil,2026-05-27 20:41:46
COMM_F46ACEDE,CONTENT_ECC7FDAF,Thanks for sharing,2026-05-27 22:41:46
COMM_A8693827,CONTENT_ECC7FDAF,exactly my situation,2026-05-26 20:41:46
COMM_B20C1868,CONTENT_ECC7FDAF,this is literally me,2026-05-26 04:41:46
COMM_46E0C8AC,CONTENT_ECC7FDAF,Hello from Brazil,2026-05-27 14:41:46
COMM_E940207A,CONTENT_93E7F519,This happens to me all the time,2026-08-16 15:41:46
COMM_085C4FA1,CONTENT_855EE2A3,Good content,2026-05-23 09:41:46
COMM_66B2A909,CONTENT_855EE2A3,I feel exactly the same way,2026-05-23 06:41:46
COMM_01EDC2E0,CONTENT_855EE2A3,this is literally me,2026-05-23 22:41:46
COMM_98A55CE8,CONTENT_855EE2A3,Good content,2026-05-24 01:41:46
COMM_C3DAF6A3,CONTENT_855EE2A3,this is literally me,2026-05-24 08:41:46
COMM_D14E09AF,CONTENT_C518D10B,Interesting perspective,2026-08-03 09:41:46
COMM_DD3754B7,CONTENT_C518D10B,Nice video,2026-08-04 00:41:46
COMM_D210BD79,CONTENT_C518D10B,Interesting perspective,2026-08-03 03:41:46
COMM_CBAC6B1E,CONTENT_AC707138,Great tips,2026-06-11 14:41:46
COMM_02D27A73,CONTENT_22E74F2C,I feel exactly the same way,2026-08-26 10:41:46
COMM_CFF86027,CONTENT_22E74F2C,Nice video,2026-08-25 13:41:46
COMM_9C8DC2A2,CONTENT_DF01123F,I feel exactly the same way,2026-05-23 07:41:46
COMM_49749716,CONTENT_DF01123F,This happens to me all the time,2026-05-22 17:41:46
COMM_AEFDBF78,CONTENT_DF01123F,Hello from Brazil,2026-05-22 11:41:46
COMM_967C546E,CONTENT_DF01123F,this is literally me,2026-05-23 11:41:46
COMM_99ABC067,CONTENT_DF01123F,I struggle with this daily,2026-05-23 15:41:46
COMM_50FFA8AE,CONTENT_BBB14240,Nice video,2026-06-16 03:41:46
COMM_260FB907,CONTENT_BBB14240,Good content,2026-06-17 21:41:46
COMM_DC791B54,CONTENT_C9E276A9,I don't really agree but okay,2026-06-11 06:41:46
COMM_B0CF6173,CONTENT_C9E276A9,I don't really agree but okay,2026-06-12 09:41:46
COMM_D5AE4C8E,CONTENT_C9E276A9,Nice video,2026-06-11 16:41:46
COMM_C582DAF7,CONTENT_C9E276A9,Good content,2026-06-11 12:41:46
COMM_A50334A1,CONTENT_77F90738,I don't really agree but okay,2026-03-21 12:41:46
COMM_3EA85E26,CONTENT_77F90738,I struggle with this daily,2026-03-20 13:41:46
COMM_5A5EA6BA,CONTENT_77F90738,Good content,2026-03-21 21:41:46
COMM_0BBEDED5,CONTENT_77F90738,Hello from Brazil,2026-03-21 05:41:46
COMM_84D3BB6E,CONTENT_97BF1E85,Hello from Brazil,2026-08-26 04:41:46
COMM_21133168,CONTENT_97BF1E85,Hello from Brazil,2026-08-25 13:41:46
COMM_3E854710,CONTENT_97BF1E85,Good content,2026-08-25 02:41:46
COMM_7724A0EA,CONTENT_97BF1E85,Hello from Brazil,2026-08-26 11:41:46
COMM_36ABFECD,CONTENT_7B78CEA8,I thought I was the only one,2026-04-18 03:41:46
COMM_55B206A3,CONTENT_7B78CEA8,This happens to me all the time,2026-04-18 00:41:46
COMM_96CF2986,CONTENT_7B78CEA8,this is literally me,2026-04-18 19:41:46
COMM_35F9A962,CONTENT_7B78CEA8,I feel exactly the same way,2026-04-18 04:41:46
COMM_0B13ADE4,CONTENT_7B78CEA8,I thought I was the only one,2026-04-19 11:41:46
COMM_C6C6435B,CONTENT_6BB7AC28,Good content,2026-05-02 20:41:46
COMM_54724A7D,CONTENT_0E7595E7,this is literally me,2026-05-18 11:41:46
COMM_CFE1C408,CONTENT_0E7595E7,Interesting perspective,2026-05-18 11:41:46
COMM_CA1E065A,CONTENT_0E7595E7,I don't really agree but okay,2026-05-18 18:41:46
COMM_BB98413C,CONTENT_0E7595E7,exactly my situation,2026-05-18 04:41:46
COMM_7F4886B4,CONTENT_0E7595E7,I don't really agree but okay,2026-05-18 02:41:46
COMM_17C41680,CONTENT_03516EA1,Great tips,2026-07-17 20:41:46
COMM_1B5F91C0,CONTENT_03516EA1,I don't really agree but okay,2026-07-18 22:41:46
COMM_B9FDA7D2,CONTENT_03516EA1,Hello from Brazil,2026-07-18 01:41:46
COMM_39A8C49E,CONTENT_03516EA1,Great tips,2026-07-17 12:41:46
COMM_607B9D4D,CONTENT_03516EA1,Good content,2026-07-18 13:41:46
COMM_2E4017C4,CONTENT_856173EC,I don't really agree but okay,2026-06-12 21:41:46
COMM_7AEB2617,CONTENT_95FEE7C7,same here,2026-05-24 03:41:46
COMM_8D217A28,CONTENT_95FEE7C7,same here,2026-05-25 07:41:46
COMM_1D795901,CONTENT_95FEE7C7,I struggle with this daily,2026-05-24 07:41:46
COMM_5EBE45DF,CONTENT_95FEE7C7,I can relate,2026-05-25 15:41:46
COMM_8AAA487B,CONTENT_95FEE7C7,This happens to me all the time,2026-05-24 00:41:46
COMM_D877C7F2,CONTENT_86383053,This happens to me all the time,2026-08-08 11:41:46
COMM_4D986923,CONTENT_86383053,I thought I was the only one,2026-08-09 03:41:46
COMM_1DD607AC,CONTENT_86383053,This happens to me all the time,2026-08-09 11:41:46
COMM_C18F041F,CONTENT_86383053,Thanks for sharing,2026-08-08 22:41:46
COMM_1D829306,CONTENT_86383053,Thanks for sharing,2026-08-09 02:41:46
COMM_81A9786D,CONTENT_32ECAE41,I can relate,2026-04-08 08:41:46
COMM_69F79BD7,CONTENT_32ECAE41,I can relate,2026-04-07 05:41:46
COMM_45502E98,CONTENT_32ECAE41,I struggle with this daily,2026-04-08 08:41:46
COMM_21A1B80C,CONTENT_027A1B90,I've been through this,2026-04-08 08:41:46
COMM_2D8A157B,CONTENT_027A1B90,This happens to me all the time,2026-04-08 04:41:46
COMM_3CCC624F,CONTENT_027A1B90,Great tips,2026-04-07 17:41:46
COMM_F6CDA169,CONTENT_334CA5FE,I can relate,2026-07-06 00:41:46
COMM_54B1AB47,CONTENT_334CA5FE,Hello from Brazil,2026-07-06 03:41:46
COMM_4BB61A3F,CONTENT_9595178C,I've been through this,2026-08-15 10:41:46
COMM_38322A42,CONTENT_9595178C,Interesting perspective,2026-08-15 09:41:46
COMM_F4E29D4A,CONTENT_EA6AD81A,I thought I was the only one,2026-06-25 23:41:46
COMM_89253670,CONTENT_9C26B84E,Thanks for sharing,2026-06-20 01:41:46
COMM_8A569823,CONTENT_3840D61B,I feel exactly the same way,2026-07-10 02:41:46
COMM_555A46BA,CONTENT_3840D61B,same here,2026-07-11 14:41:46
COMM_CEBE7AAD,CONTENT_3840D61B,I've been through this,2026-07-11 18:41:46
COMM_3E56B6C0,CONTENT_B1B117A8,Good content,2026-03-19 21:41:46
COMM_BDDEF897,CONTENT_B1B117A8,Great tips,2026-03-18 03:41:46
COMM_A49A75BA,CONTENT_B1B117A8,I thought I was the only one,2026-03-18 06:41:46
COMM_6C7DE975,CONTENT_B1B117A8,Nice video,2026-03-18 00:41:46
COMM_2F5B31A6,CONTENT_B49044F9,Good content,2026-08-20 20:41:46
COMM_5DC1D9E2,CONTENT_B49044F9,I can relate,2026-08-21 07:41:46
COMM_7C3B4F45,CONTENT_B49044F9,exactly my situation,2026-08-21 08:41:46
COMM_C17001F7,CONTENT_6B18D9C8,Interesting perspective,2026-08-20 22:41:46
COMM_6933C023,CONTENT_C31236E2,I feel exactly the same way,2026-08-22 09:41:46
COMM_83BFFDC9,CONTENT_C31236E2,I feel exactly the same way,2026-08-22 23:41:46
COMM_B766C20B,CONTENT_C31236E2,This happens to me all the time,2026-08-23 16:41:46
COMM_4F016FB4,CONTENT_C31236E2,same here,2026-08-22 23:41:46
COMM_18879AFC,CONTENT_C31236E2,I can relate,2026-08-22 17:41:46
COMM_D89C7262,CONTENT_4C67CD0C,Hello from Brazil,2026-07-13 02:41:46
COMM_F0163C60,CONTENT_4C67CD0C,Great tips,2026-07-13 22:41:46
COMM_AFDE645A,CONTENT_4C67CD0C,Hello from Brazil,2026-07-14 01:41:46
COMM_2967B613,CONTENT_4C67CD0C,Good content,2026-07-13 23:41:46
COMM_75483079,CONTENT_E4072BFF,same here,2026-08-08 06:41:46
COMM_8CCE32C2,CONTENT_E4072BFF,Thanks for sharing,2026-08-08 14:41:46
COMM_4E1F199F,CONTENT_E4072BFF,Nice video,2026-08-09 10:41:46
COMM_CC96431C,CONTENT_5A093F49,Great tips,2026-03-21 02:41:46
COMM_CD43A908,CONTENT_5A093F49,Interesting perspective,2026-03-21 22:41:46
COMM_8289CCB2,CONTENT_CD016F60,Thanks for sharing,2026-07-01 13:41:46
COMM_A5DAD070,CONTENT_CD016F60,I feel exactly the same way,2026-06-30 02:41:46
COMM_CF67F3FE,CONTENT_CD016F60,Great tips,2026-06-30 21:41:46
COMM_746DB496,CONTENT_CD016F60,Hello from Brazil,2026-07-01 04:41:46
COMM_93EE5DE0,CONTENT_33D72D20,I feel exactly the same way,2026-05-25 20:41:46
COMM_3514DEBF,CONTENT_33D72D20,I feel exactly the same way,2026-05-25 03:41:46
COMM_0E92EC39,CONTENT_33D72D20,I thought I was the only one,2026-05-26 06:41:46
COMM_467C2048,CONTENT_33D72D20,Great tips,2026-05-26 17:41:46
COMM_BFE20352,CONTENT_33D72D20,I struggle with this daily,2026-05-25 07:41:46
COMM_349F0530,CONTENT_05C5A1E0,Hello from Brazil,2026-05-09 09:41:46
COMM_8CD2B65A,CONTENT_2FA704FF,Good content,2026-07-31 20:41:46
COMM_032DA001,CONTENT_2FA704FF,Thanks for sharing,2026-07-31 13:41:46
COMM_0AA4536C,CONTENT_2FA704FF,Great tips,2026-08-01 19:41:46
COMM_928170F6,CONTENT_0C9B1569,I feel exactly the same way,2026-04-09 07:41:46
COMM_AE2DE908,CONTENT_4DFB3FD1,Hello from Brazil,2026-05-31 17:41:46
COMM_ADA6EC52,CONTENT_8C89F022,Hello from Brazil,2026-08-17 16:41:46
COMM_96D4E9B1,CONTENT_8C89F022,I can relate,2026-08-17 01:41:46
COMM_36843836,CONTENT_276DDB81,I don't really agree but okay,2026-06-10 13:41:46
COMM_5E08448F,CONTENT_276DDB81,Nice video,2026-06-11 04:41:46
COMM_1605CD10,CONTENT_276DDB81,Good content,2026-06-11 06:41:46
COMM_67132600,CONTENT_E5C1B4A0,Good content,2026-07-18 17:41:46
COMM_68400BCF,CONTENT_E5C1B4A0,Thanks for sharing,2026-07-18 12:41:46
COMM_9603DFA1,CONTENT_E5C1B4A0,Thanks for sharing,2026-07-19 00:41:46
COMM_8A6238FC,CONTENT_E5C1B4A0,Nice video,2026-07-19 06:41:46
COMM_C076FC31,CONTENT_E5C1B4A0,I can relate,2026-07-19 14:41:46
COMM_287055D9,CONTENT_6EEF165B,I thought I was the only one,2026-08-17 04:41:46
COMM_563931A6,CONTENT_6EEF165B,I feel exactly the same way,2026-08-17 23:41:46
COMM_DB2B8691,CONTENT_101895F7,I thought I was the only one,2026-05-06 06:41:46
COMM_709C06AF,CONTENT_CDCF435E,Nice video,2026-06-14 01:41:46
COMM_D9A69584,CONTENT_CDCF435E,I don't really agree but okay,2026-06-14 17:41:46
COMM_F355DEE2,CONTENT_CDCF435E,I don't really agree but okay,2026-06-14 02:41:46
COMM_058775C8,CONTENT_CDCF435E,I feel exactly the same way,2026-06-15 05:41:46
COMM_23FD677A,CONTENT_A088E115,Good content,2026-05-11 00:41:46
COMM_0019936B,CONTENT_A088E115,same here,2026-05-11 20:41:46
COMM_8E317EC9,CONTENT_A088E115,Hello from Brazil,2026-05-10 07:41:46
COMM_2BFA3918,CONTENT_799570D0,same here,2026-04-14 12:41:46
COMM_8E392F14,CONTENT_799570D0,I don't really agree but okay,2026-04-14 20:41:46
COMM_3CC4745C,CONTENT_799570D0,exactly my situation,2026-04-15 00:41:46
COMM_FF69C53A,CONTENT_799570D0,same here,2026-04-14 10:41:46
COMM_1C1272D7,CONTENT_9ECCBDF0,I've been through this,2026-03-26 13:41:46
COMM_B7245D3E,CONTENT_EDC368FE,same here,2026-08-24 09:41:46
COMM_C4E29615,CONTENT_EDC368FE,Good content,2026-08-25 19:41:46
COMM_F22D3CB7,CONTENT_2C846722,I don't really agree but okay,2026-04-06 01:41:46
COMM_0DAAF906,CONTENT_79CBBB05,Hello from Brazil,2026-05-21 21:41:46
COMM_73FFD872,CONTENT_79CBBB05,Thanks for sharing,2026-05-22 10:41:46
COMM_FA9D3E0B,CONTENT_79CBBB05,same here,2026-05-21 19:41:46
COMM_20293AD8,CONTENT_79CBBB05,I feel exactly the same way,2026-05-22 10:41:46
COMM_FD2AA8AB,CONTENT_5760321F,Hello from Brazil,2026-07-07 22:41:46
COMM_2517A4A5,CONTENT_5760321F,Good content,2026-07-07 20:41:46
COMM_59EBB5E2,CONTENT_363E221C,Thanks for sharing,2026-08-16 08:41:46
COMM_19A3133E,CONTENT_363E221C,Hello from Brazil,2026-08-16 14:41:46
COMM_2E657A23,CONTENT_363E221C,same here,2026-08-16 01:41:46
COMM_5A671BED,CONTENT_062459AF,This happens to me all the time,2026-07-24 10:41:46
COMM_E44ED044,CONTENT_E684601C,I feel exactly the same way,2026-07-12 04:41:46
COMM_911E8B88,CONTENT_E684601C,Great tips,2026-07-12 09:41:46
COMM_3B9C3D23,CONTENT_E684601C,Thanks for sharing,2026-07-11 08:41:46
COMM_028FD9D7,CONTENT_E684601C,Interesting perspective,2026-07-12 22:41:46
COMM_1622F858,CONTENT_E684601C,Interesting perspective,2026-07-11 19:41:46
COMM_3C049012,CONTENT_76D3FC0A,I don't really agree but okay,2026-03-23 00:41:46
COMM_4E941401,CONTENT_76D3FC0A,Hello from Brazil,2026-03-22 13:41:46
COMM_29F49EB3,CONTENT_76D3FC0A,Interesting perspective,2026-03-23 05:41:46
COMM_B5BD15EA,CONTENT_76D3FC0A,same here,2026-03-23 10:41:46
COMM_29CABE74,CONTENT_76D3FC0A,Thanks for sharing,2026-03-23 09:41:46
COMM_48F1B6CD,CONTENT_0CEB8E2B,Nice video,2026-03-23 03:41:46
COMM_67F5B61F,CONTENT_2B042D9A,I thought I was the only one,2026-08-18 09:41:46
COMM_64CAFB55,CONTENT_2B042D9A,Great tips,2026-08-19 06:41:46
COMM_8FA22EEA,CONTENT_B1DDC919,Thanks for sharing,2026-08-31 08:41:46
COMM_7824D134,CONTENT_B1DDC919,Good content,2026-08-30 00:41:46
COMM_10168553,CONTENT_B1DDC919,I don't really agree but okay,2026-08-30 08:41:46
COMM_EEFA827D,CONTENT_B1DDC919,Good content,2026-08-30 21:41:46
COMM_0CA7D8B7,CONTENT_B1DDC919,Nice video,2026-08-30 09:41:46
COMM_9A267055,CONTENT_C6EA523B,Interesting perspective,2026-07-29 21:41:46
COMM_2E1880D9,CONTENT_C6EA523B,I don't really agree but okay,2026-07-29 22:41:46
COMM_43F79274,CONTENT_C6EA523B,Interesting perspective,2026-07-29 00:41:46
COMM_3C65EC36,CONTENT_C6EA523B,Good content,2026-07-29 16:41:46
COMM_C43E8BC9,CONTENT_2031CA78,Good content,2026-07-02 09:41:46
COMM_A0629BE5,CONTENT_2031CA78,I thought I was the only one,2026-07-01 15:41:46
COMM_1BBB7BF0,CONTENT_2031CA78,I've been through this,2026-07-02 22:41:46
COMM_B1252656,CONTENT_2031CA78,This happens to me all the time,2026-07-01 03:41:46
COMM_7282E44F,CONTENT_A1F49AF0,I feel exactly the same way,2026-08-28 13:41:46
COMM_6682D379,CONTENT_98EEBA26,this is literally me,2026-07-25 11:41:46
COMM_6486D7AF,CONTENT_98EEBA26,This happens to me all the time,2026-07-24 18:41:46
COMM_D9ADB9DB,CONTENT_98EEBA26,Hello from Brazil,2026-07-25 03:41:46
COMM_5A176986,CONTENT_226F68DC,Great tips,2026-08-05 09:41:46
COMM_AD3EB541,CONTENT_931AE0C2,Nice video,2026-08-04 22:41:46
COMM_339B963E,CONTENT_F27BB120,Great tips,2026-05-22 13:41:46
COMM_8CFDC5DC,CONTENT_2461C5F3,exactly my situation,2026-08-08 23:41:46
COMM_EF26AE15,CONTENT_2475C655,I can relate,2026-08-06 01:41:46
COMM_C6325159,CONTENT_2475C655,I don't really agree but okay,2026-08-05 03:41:46
COMM_53F8209D,CONTENT_2475C655,I've been through this,2026-08-06 22:41:46
COMM_FED633F2,CONTENT_2475C655,Great tips,2026-08-05 18:41:46
COMM_0092A30A,CONTENT_2475C655,Nice video,2026-08-06 17:41:46
COMM_00D4070D,CONTENT_64BCB11B,Hello from Brazil,2026-07-04 05:41:46
COMM_93082F0B,CONTENT_64BCB11B,This happens to me all the time,2026-07-04 22:41:46
COMM_20C65998,CONTENT_64BCB11B,I thought I was the only one,2026-07-04 22:41:46
COMM_14425A11,CONTENT_64BCB11B,Nice video,2026-07-04 00:41:46
COMM_2D7E9D55,CONTENT_64BCB11B,I feel exactly the same way,2026-07-05 09:41:46
COMM_A813B0E5,CONTENT_7D57654E,exactly my situation,2026-07-18 15:41:46
COMM_EEC1F26B,CONTENT_7D57654E,This happens to me all the time,2026-07-18 15:41:46
COMM_C0892EEE,CONTENT_7D57654E,I don't really agree but okay,2026-07-17 14:41:46
COMM_DEE43F31,CONTENT_7D57654E,Nice video,2026-07-17 09:41:46
COMM_71F8741D,CONTENT_7D57654E,Great tips,2026-07-17 02:41:46
COMM_4D085637,CONTENT_F1E3DF29,Nice video,2026-03-29 08:41:46
COMM_0CAC4CEB,CONTENT_F1E3DF29,Nice video,2026-03-28 15:41:46
COMM_9039324A,CONTENT_F1E3DF29,Hello from Brazil,2026-03-29 02:41:46
COMM_FB6383D6,CONTENT_F1E3DF29,Hello from Brazil,2026-03-29 15:41:46
COMM_6C6B3B4C,CONTENT_8C038B12,Nice video,2026-05-24 04:41:46
COMM_019E1491,CONTENT_8C038B12,Great tips,2026-05-23 17:41:46
COMM_9D147C17,CONTENT_8C038B12,Good content,2026-05-24 02:41:46
COMM_0958E5B9,CONTENT_8C038B12,Nice video,2026-05-24 20:41:46
COMM_464610A4,CONTENT_8C038B12,Thanks for sharing,2026-05-23 02:41:46
COMM_9EFAA123,CONTENT_1384FE30,this is literally me,2026-06-04 14:41:46
COMM_9338FC7D,CONTENT_02394EF1,I don't really agree but okay,2026-05-18 14:41:46
COMM_869037DD,CONTENT_02394EF1,Hello from Brazil,2026-05-19 02:41:46
COMM_CA6B0D29,CONTENT_02394EF1,I don't really agree but okay,2026-05-18 00:41:46
COMM_1001DCE8,CONTENT_02394EF1,I can relate,2026-05-18 23:41:46
COMM_B14BEF0B,CONTENT_A31141F3,I don't really agree but okay,2026-05-22 11:41:46
COMM_C35FE72C,CONTENT_A31141F3,Great tips,2026-05-21 17:41:46
COMM_B4937A22,CONTENT_A31141F3,Nice video,2026-05-22 05:41:46
COMM_1DB7FB7D,CONTENT_1C21C0DE,Interesting perspective,2026-07-16 09:41:46
COMM_7B4AAC47,CONTENT_1C21C0DE,Interesting perspective,2026-07-15 23:41:46
COMM_247D87A4,CONTENT_1C21C0DE,I can relate,2026-07-15 13:41:46
COMM_1273B03C,CONTENT_1C21C0DE,I can relate,2026-07-15 22:41:46
COMM_43D1649F,CONTENT_1C21C0DE,Good content,2026-07-16 16:41:46
COMM_4188BD1A,CONTENT_D5704D3A,Thanks for sharing,2026-05-06 03:41:46
COMM_C5116BEA,CONTENT_746C34A8,Nice video,2026-07-16 21:41:46
COMM_6ADE5BE7,CONTENT_746C34A8,Hello from Brazil,2026-07-16 21:41:46
COMM_483C4554,CONTENT_746C34A8,Interesting perspective,2026-07-16 20:41:46
COMM_6AC5BF31,CONTENT_49B00849,I can relate,2026-03-25 02:41:46
COMM_F8D869C3,CONTENT_0DAFF404,I can relate,2026-05-31 09:41:46
COMM_00B2F8F8,CONTENT_0DAFF404,Great tips,2026-06-01 08:41:46
COMM_8DAA274E,CONTENT_9687C024,Nice video,2026-08-29 06:41:46
COMM_04DFAF30,CONTENT_9687C024,Interesting perspective,2026-08-28 19:41:46
COMM_7322DC1E,CONTENT_250C2E77,I thought I was the only one,2026-05-14 19:41:46
COMM_9371BAC9,CONTENT_250C2E77,I don't really agree but okay,2026-05-13 12:41:46
COMM_E995753E,CONTENT_250C2E77,I struggle with this daily,2026-05-13 00:41:46
COMM_3BCBABA1,CONTENT_250C2E77,I struggle with this daily,2026-05-13 09:41:46
COMM_22E80072,CONTENT_0E13D5B7,I feel exactly the same way,2026-05-12 09:41:46
COMM_995A69F7,CONTENT_0E13D5B7,I thought I was the only one,2026-05-12 03:41:46
COMM_EA9F0890,CONTENT_6DD2A84F,Interesting perspective,2026-05-17 15:41:46
COMM_F630D5C0,CONTENT_6DD2A84F,Nice video,2026-05-16 01:41:46
COMM_226BC5EA,CONTENT_6DD2A84F,exactly my situation,2026-05-16 07:41:46
COMM_1AAACB04,CONTENT_503A3AFC,this is literally me,2026-08-13 06:41:46
COMM_B7AFBB7F,CONTENT_503A3AFC,I thought I was the only one,2026-08-13 20:41:46
COMM_FB1C25BF,CONTENT_503A3AFC,I thought I was the only one,2026-08-13 20:41:46
COMM_F9DC302A,CONTENT_3AB4DEDE,I struggle with this daily,2026-04-11 22:41:46
COMM_88BBDE26,CONTENT_3AB4DEDE,I thought I was the only one,2026-04-11 21:41:46
COMM_B3CDAA32,CONTENT_3AB4DEDE,I thought I was the only one,2026-04-11 15:41:46
COMM_4A19E729,CONTENT_3AB4DEDE,I thought I was the only one,2026-04-10 10:41:46
COMM_0958FE6B,CONTENT_3AB4DEDE,Nice video,2026-04-11 00:41:46
COMM_F671C439,CONTENT_EA3AA080,I feel exactly the same way,2026-08-29 13:41:46
COMM_C5F87D39,CONTENT_DC58533A,exactly my situation,2026-08-08 22:41:46
COMM_0ECF6E63,CONTENT_DC58533A,Great tips,2026-08-08 18:41:46
COMM_8F4D1891,CONTENT_DC58533A,I can relate,2026-08-07 02:41:46
COMM_69A1DA5B,CONTENT_DC58533A,I thought I was the only one,2026-08-07 16:41:46
COMM_1EA36832,CONTENT_59609E74,Great tips,2026-07-07 14:41:46
COMM_66D15C2A,CONTENT_59609E74,Hello from Brazil,2026-07-07 05:41:46
COMM_DC5129D5,CONTENT_59609E74,exactly my situation,2026-07-07 19:41:46
COMM_66D91367,CONTENT_59609E74,This happens to me all the time,2026-07-07 21:41:46
COMM_EA5E321E,CONTENT_89D8E357,I can relate,2026-05-20 21:41:46
COMM_D6F3EF32,CONTENT_89D8E357,Good content,2026-05-21 21:41:46
COMM_20BF26FB,CONTENT_89D8E357,Interesting perspective,2026-05-20 22:41:46
COMM_17AAF211,CONTENT_89D8E357,I've been through this,2026-05-20 08:41:46
COMM_3C0EA54F,CONTENT_45C5DF1F,Great tips,2026-07-18 05:41:46
COMM_6F731C99,CONTENT_45C5DF1F,Nice video,2026-07-18 18:41:46
COMM_0333183E,CONTENT_6D6724AA,Interesting perspective,2026-05-06 11:41:46
COMM_5EA7139E,CONTENT_C23C917E,Interesting perspective,2026-03-28 04:41:46
COMM_5672EC05,CONTENT_C23C917E,Interesting perspective,2026-03-27 12:41:46
COMM_BE1F363A,CONTENT_C23C917E,Hello from Brazil,2026-03-28 09:41:46
COMM_DA31542F,CONTENT_43F03E0C,exactly my situation,2026-08-12 03:41:46
COMM_578DD7AD,CONTENT_43F03E0C,Interesting perspective,2026-08-11 02:41:46
COMM_5E5CCADF,CONTENT_43F03E0C,Thanks for sharing,2026-08-11 13:41:46
COMM_6022C91D,CONTENT_43F03E0C,I don't really agree but okay,2026-08-12 22:41:46
COMM_4B5B161E,CONTENT_43F03E0C,Thanks for sharing,2026-08-12 10:41:46
COMM_7116D9D0,CONTENT_CB73AAD6,I feel exactly the same way,2026-04-25 11:41:46
COMM_42BE59DE,CONTENT_CB73AAD6,Nice video,2026-04-26 03:41:46
COMM_703A981D,CONTENT_CB73AAD6,Thanks for sharing,2026-04-25 17:41:46
COMM_0E84C7AB,CONTENT_CB73AAD6,Hello from Brazil,2026-04-26 08:41:46
COMM_1D4601CA,CONTENT_CB73AAD6,Nice video,2026-04-25 12:41:46
COMM_79913BE8,CONTENT_EF50350C,same here,2026-07-10 11:41:46
COMM_E4067268,CONTENT_EF50350C,I don't really agree but okay,2026-07-10 19:41:46
COMM_D46B960D,CONTENT_EF50350C,I've been through this,2026-07-10 22:41:46
COMM_A3104541,CONTENT_EF50350C,I feel exactly the same way,2026-07-09 15:41:46
COMM_9A98F738,CONTENT_989D8983,Nice video,2026-04-02 01:41:46
COMM_0DCC662F,CONTENT_989D8983,This happens to me all the time,2026-04-03 05:41:46
COMM_1618523B,CONTENT_989D8983,I feel exactly the same way,2026-04-02 15:41:46
COMM_18EE776A,CONTENT_7B34AA05,Great tips,2026-03-22 07:41:46
COMM_58BDBDA6,CONTENT_7B34AA05,I've been through this,2026-03-23 00:41:46
COMM_CD08ECA2,CONTENT_7B34AA05,I can relate,2026-03-23 13:41:46
COMM_6908463B,CONTENT_7B34AA05,I struggle with this daily,2026-03-23 19:41:46
COMM_BB3753E4,CONTENT_7B34AA05,this is literally me,2026-03-22 09:41:46
COMM_5992B7E3,CONTENT_F6AAC844,Great tips,2026-08-07 03:41:46
COMM_A3ADDA9F,CONTENT_F6AAC844,Great tips,2026-08-07 10:41:46
COMM_4E884337,CONTENT_824F3D27,Interesting perspective,2026-06-21 12:41:46
COMM_729155ED,CONTENT_824F3D27,Good content,2026-06-21 18:41:46
COMM_F0B35F63,CONTENT_824F3D27,Good content,2026-06-21 03:41:46
COMM_A8ADE388,CONTENT_824F3D27,Good content,2026-06-21 18:41:46
COMM_7800E0CA,CONTENT_824F3D27,Hello from Brazil,2026-06-22 06:41:46
COMM_91428B1D,CONTENT_565B0AB1,Interesting perspective,2026-07-13 13:41:46
COMM_F5C091B5,CONTENT_565B0AB1,I feel exactly the same way,2026-07-12 22:41:46
COMM_36171487,CONTENT_565B0AB1,Interesting perspective,2026-07-12 03:41:46
COMM_996DEEFA,CONTENT_565B0AB1,Great tips,2026-07-13 22:41:46
COMM_653A4444,CONTENT_EDFBA329,I struggle with this daily,2026-07-23 18:41:46
COMM_051733A0,CONTENT_EDFBA329,Nice video,2026-07-24 10:41:46
COMM_72619DB2,CONTENT_EDFBA329,Nice video,2026-07-23 07:41:46
COMM_615353FD,CONTENT_38D3FDCF,This happens to me all the time,2026-05-06 04:41:46
COMM_FD8C0E3D,CONTENT_38D3FDCF,I struggle with this daily,2026-05-06 00:41:46
COMM_C4C48F2A,CONTENT_38D3FDCF,I thought I was the only one,2026-05-06 02:41:46
COMM_62E922C6,CONTENT_A28E867A,I struggle with this daily,2026-06-03 06:41:46
COMM_86614873,CONTENT_A28E867A,I feel exactly the same way,2026-06-02 09:41:46
COMM_C173AE07,CONTENT_13DD178F,I thought I was the only one,2026-06-12 08:41:46
COMM_A0FAD2B5,CONTENT_13DD178F,Nice video,2026-06-12 08:41:46
COMM_4C70C229,CONTENT_13DD178F,I struggle with this daily,2026-06-12 10:41:46
COMM_F7CDC8F2,CONTENT_FB04B16F,Great tips,2026-05-25 23:41:46
COMM_BD7D35A3,CONTENT_9D0F3442,Thanks for sharing,2026-06-28 05:41:46
COMM_F28BDACA,CONTENT_9D0F3442,I don't really agree but okay,2026-06-28 12:41:46
COMM_83972518,CONTENT_9D0F3442,Nice video,2026-06-29 10:41:46
COMM_902622DE,CONTENT_8F80DA4D,Great tips,2026-08-25 11:41:46
COMM_1CEC4F06,CONTENT_C6298E27,Thanks for sharing,2026-06-28 23:41:46
COMM_58575D40,CONTENT_C6298E27,this is literally me,2026-06-29 16:41:46
COMM_EA84D8DA,CONTENT_4C42F996,Great tips,2026-06-02 08:41:46
COMM_1D329F24,CONTENT_4C42F996,Hello from Brazil,2026-06-01 17:41:46
COMM_DE339DE8,CONTENT_4C42F996,Nice video,2026-06-01 05:41:46
COMM_6E6A3B54,CONTENT_4C42F996,I thought I was the only one,2026-06-02 18:41:46
COMM_C95F4B57,CONTENT_4C42F996,Good content,2026-06-01 08:41:46
COMM_2A4980D8,CONTENT_ABF6B7F2,Interesting perspective,2026-03-14 23:41:46
COMM_79CAFE56,CONTENT_ABF6B7F2,Good content,2026-03-14 16:41:46
COMM_CB419429,CONTENT_ABF6B7F2,Great tips,2026-03-15 09:41:46
COMM_AB095116,CONTENT_ABF6B7F2,Hello from Brazil,2026-03-15 05:41:46
COMM_659F3250,CONTENT_ABF6B7F2,I don't really agree but okay,2026-03-15 21:41:46
COMM_A24FAB60,CONTENT_7167F8F8,I don't really agree but okay,2026-06-08 19:41:46
COMM_04C5F6F9,CONTENT_7167F8F8,I thought I was the only one,2026-06-09 15:41:46
COMM_83756D78,CONTENT_7167F8F8,This happens to me all the time,2026-06-08 13:41:46
COMM_632FAE74,CONTENT_93F21830,Great tips,2026-06-29 14:41:46
COMM_82E14D6B,CONTENT_93F21830,Good content,2026-06-30 06:41:46
COMM_7AC38241,CONTENT_93F21830,I don't really agree but okay,2026-06-29 13:41:46
COMM_3017C35E,CONTENT_36825270,this is literally me,2026-06-02 14:41:46
COMM_71BEBB0A,CONTENT_36825270,this is literally me,2026-06-02 20:41:46
COMM_BCFA1497,CONTENT_F38548A8,I can relate,2026-03-20 15:41:46
COMM_22F6AC49,CONTENT_DB85ADFC,I've been through this,2026-05-07 18:41:46
COMM_21E331BC,CONTENT_DB85ADFC,I struggle with this daily,2026-05-08 00:41:46
COMM_7E0C19A7,CONTENT_DB85ADFC,same here,2026-05-07 15:41:46
COMM_B94E9986,CONTENT_DB85ADFC,I thought I was the only one,2026-05-08 17:41:46
COMM_BC1BABBF,CONTENT_30E797F8,Hello from Brazil,2026-03-31 05:41:46
COMM_CBB766F3,CONTENT_A3930CAB,this is literally me,2026-04-19 19:41:46
COMM_AAB0083F,CONTENT_A3930CAB,Great tips,2026-04-19 14:41:46
COMM_D505718D,CONTENT_A3930CAB,Nice video,2026-04-20 05:41:46
COMM_5CC899CD,CONTENT_B5051AFC,same here,2026-05-22 06:41:46
COMM_10E2DFCA,CONTENT_78FAB82F,Great tips,2026-04-08 09:41:46
COMM_E445DAD6,CONTENT_78FAB82F,I thought I was the only one,2026-04-09 07:41:46
COMM_F87F6D0E,CONTENT_78FAB82F,This happens to me all the time,2026-04-08 15:41:46
COMM_98BF69A9,CONTENT_78FAB82F,I can relate,2026-04-08 07:41:46
COMM_DD28CF81,CONTENT_78FAB82F,This happens to me all the time,2026-04-09 07:41:46
COMM_047AB83A,CONTENT_95601AD9,Thanks for sharing,2026-04-06 01:41:46
COMM_D8A9D359,CONTENT_95601AD9,I feel exactly the same way,2026-04-07 12:41:46
COMM_BA388033,CONTENT_95601AD9,I've been through this,2026-04-07 16:41:46
COMM_9D5C613C,CONTENT_95601AD9,same here,2026-04-07 09:41:46
COMM_F933C7A1,CONTENT_95601AD9,I don't really agree but okay,2026-04-06 11:41:46
COMM_FE3BB2EE,CONTENT_8EBC1406,Nice video,2026-08-29 21:41:46
COMM_60F7C433,CONTENT_8EBC1406,Interesting perspective,2026-08-29 17:41:46
COMM_07245DE4,CONTENT_8EBC1406,Interesting perspective,2026-08-29 11:41:46
COMM_3EC2A7BE,CONTENT_8EBC1406,Hello from Brazil,2026-08-29 17:41:46
COMM_3D4DF030,CONTENT_BFA6A504,Thanks for sharing,2026-08-07 13:41:46
COMM_EF7A9394,CONTENT_12D45268,this is literally me,2026-06-26 22:41:46
COMM_DB0C29F3,CONTENT_03A812E9,I struggle with this daily,2026-06-11 23:41:46
COMM_5ACE1AC6,CONTENT_03A812E9,This happens to me all the time,2026-06-12 20:41:46
COMM_EC653C37,CONTENT_03A812E9,Interesting perspective,2026-06-11 09:41:46
COMM_2D04A2C0,CONTENT_03A812E9,This happens to me all the time,2026-06-12 14:41:46
COMM_C624152C,CONTENT_03A812E9,same here,2026-06-12 02:41:46
COMM_030E2A8C,CONTENT_3FABDF1F,I can relate,2026-03-14 02:41:46
COMM_9C65D8EF,CONTENT_FF2C7A19,Good content,2026-06-25 12:41:46
COMM_DEF35886,CONTENT_FF2C7A19,Good content,2026-06-26 16:41:46
COMM_756ADCCC,CONTENT_FF2C7A19,Hello from Brazil,2026-06-26 18:41:46
COMM_5A2F8136,CONTENT_87DE93C5,Interesting perspective,2026-04-14 12:41:46
COMM_6B09749C,CONTENT_87DE93C5,This happens to me all the time,2026-04-14 01:41:46
COMM_595653B8,CONTENT_AB000232,This happens to me all the time,2026-08-10 18:41:46
COMM_A8570781,CONTENT_18F06EAB,Good content,2026-05-02 19:41:46
COMM_9DFCC0A1,CONTENT_18F06EAB,Nice video,2026-05-01 09:41:46
COMM_8E41432B,CONTENT_E47CCD83,same here,2026-06-12 19:41:46
COMM_16186CCE,CONTENT_E47CCD83,Interesting perspective,2026-06-13 14:41:46
COMM_A54CE60E,CONTENT_E47CCD83,Hello from Brazil,2026-06-12 13:41:46
COMM_BB79EB5A,CONTENT_B16E852B,this is literally me,2026-05-03 01:41:46
COMM_DB3E9AAA,CONTENT_B16E852B,Great tips,2026-05-02 15:41:46
COMM_4E16D656,CONTENT_B16E852B,Nice video,2026-05-03 20:41:46
COMM_57021D9D,CONTENT_B16E852B,Nice video,2026-05-02 18:41:46
COMM_DA1104B1,CONTENT_83D9E682,Nice video,2026-06-30 04:41:46
COMM_18AC3D56,CONTENT_DAA4D0C7,Great tips,2026-03-13 02:41:46
COMM_2BDB7479,CONTENT_37972C2F,I don't really agree but okay,2026-08-01 18:41:46
COMM_F7BB2BF5,CONTENT_50C308EE,Good content,2026-03-31 23:41:46
COMM_A877A741,CONTENT_50C308EE,I don't really agree but okay,2026-04-01 05:41:46
COMM_FC56046F,CONTENT_50C308EE,Nice video,2026-04-01 02:41:46
COMM_797BABFE,CONTENT_50C308EE,Great tips,2026-03-31 17:41:46
COMM_9B57C733,CONTENT_50C308EE,Great tips,2026-03-31 19:41:46
COMM_484B4038,CONTENT_25FA1B06,Good content,2026-06-20 17:41:46
COMM_E2334785,CONTENT_25FA1B06,Interesting perspective,2026-06-21 08:41:46
COMM_794E45A0,CONTENT_666AA78C,Interesting perspective,2026-05-08 11:41:46
COMM_23A72BE0,CONTENT_666AA78C,this is literally me,2026-05-08 03:41:46
COMM_681AF69F,CONTENT_EFE51BC8,I struggle with this daily,2026-05-14 06:41:46
COMM_A5AD2933,CONTENT_EFE51BC8,same here,2026-05-14 00:41:46
COMM_3F3B1242,CONTENT_EFE51BC8,Good content,2026-05-15 20:41:46
COMM_BD16A500,CONTENT_2B5BEFB6,Hello from Brazil,2026-04-08 20:41:46
COMM_AA472FD9,CONTENT_2B5BEFB6,Good content,2026-04-08 20:41:46
COMM_C80136F5,CONTENT_2B5BEFB6,Great tips,2026-04-08 10:41:46
COMM_00420126,CONTENT_1AA38E18,Thanks for sharing,2026-07-05 11:41:46
COMM_75B3ED1B,CONTENT_C04F58B4,Thanks for sharing,2026-08-21 16:41:46
COMM_D1A92456,CONTENT_C04F58B4,Nice video,2026-08-21 17:41:46
COMM_A29634FB,CONTENT_C04F58B4,Interesting perspective,2026-08-22 16:41:46
COMM_BED5A252,CONTENT_C04F58B4,Interesting perspective,2026-08-22 10:41:46
COMM_24B543F6,CONTENT_188771A0,Great tips,2026-06-16 07:41:46
COMM_A297D514,CONTENT_188771A0,Hello from Brazil,2026-06-16 13:41:46
COMM_798027CD,CONTENT_188771A0,Interesting perspective,2026-06-15 12:41:46
COMM_D7BA9480,CONTENT_188771A0,I don't really agree but okay,2026-06-15 12:41:46
COMM_0150AAF2,CONTENT_188771A0,I've been through this,2026-06-16 08:41:46
COMM_7F6617C5,CONTENT_0EB29199,Great tips,2026-08-29 01:41:46
COMM_D62FC157,CONTENT_0EB29199,same here,2026-08-29 03:41:46
COMM_56F4E19C,CONTENT_0EB29199,Great tips,2026-08-29 20:41:46
COMM_4F9C6DFE,CONTENT_0EB29199,same here,2026-08-29 05:41:46
COMM_9852B367,CONTENT_FDF4DAB7,I thought I was the only one,2026-08-29 22:41:46
COMM_B7F5502A,CONTENT_FDF4DAB7,Great tips,2026-08-30 02:41:46
COMM_D36D38F0,CONTENT_FDF4DAB7,This happens to me all the time,2026-08-29 15:41:46
COMM_8F660A4A,CONTENT_FDF4DAB7,Hello from Brazil,2026-08-30 20:41:46
COMM_9BC9AA66,CONTENT_FDF4DAB7,I can relate,2026-08-29 07:41:46
COMM_1FA43766,CONTENT_EA37CD28,This happens to me all the time,2026-04-17 07:41:46
COMM_08D1B48D,CONTENT_EA37CD28,I thought I was the only one,2026-04-16 22:41:46
COMM_FACDC1D7,CONTENT_EA37CD28,I've been through this,2026-04-16 12:41:46
COMM_5BCE38FE,CONTENT_EA37CD28,I thought I was the only one,2026-04-16 06:41:46
COMM_179F56AB,CONTENT_EA37CD28,this is literally me,2026-04-16 13:41:46
COMM_50CE7534,CONTENT_6F68C989,I've been through this,2026-08-21 05:41:46
COMM_2ACF60D4,CONTENT_6F68C989,Great tips,2026-08-21 17:41:46
COMM_A2A5A644,CONTENT_6F68C989,I thought I was the only one,2026-08-20 00:41:46
COMM_A9DCAE30,CONTENT_DFF44179,this is literally me,2026-04-10 11:41:46
COMM_93934A6A,CONTENT_DFF44179,I don't really agree but okay,2026-04-09 03:41:46
COMM_DD810966,CONTENT_DFF44179,I feel exactly the same way,2026-04-10 06:41:46
COMM_AB3D7C6A,CONTENT_E1B94A83,I don't really agree but okay,2026-04-02 22:41:46
COMM_A794B79A,CONTENT_E1B94A83,I thought I was the only one,2026-04-02 05:41:46
COMM_BC5A4257,CONTENT_E1B94A83,Hello from Brazil,2026-04-02 00:41:46
COMM_35D4AD8D,CONTENT_E1B94A83,I can relate,2026-04-02 21:41:46
COMM_FA1206BE,CONTENT_E1B94A83,This happens to me all the time,2026-04-02 16:41:46
COMM_D8B6CD4D,CONTENT_7C721D15,Good content,2026-06-02 13:41:46
COMM_C2BB329D,CONTENT_386A7AD6,I feel exactly the same way,2026-08-18 05:41:46
COMM_984AB8D6,CONTENT_386A7AD6,same here,2026-08-19 13:41:46
COMM_7258FAC1,CONTENT_FF9AA810,Good content,2026-08-03 23:41:46
COMM_83FF01D1,CONTENT_FF9AA810,This happens to me all the time,2026-08-04 14:41:46
COMM_87C93729,CONTENT_FF9AA810,I struggle with this daily,2026-08-04 09:41:46
COMM_7B84FA32,CONTENT_84F8A825,same here,2026-03-20 03:41:46
COMM_AE0A8618,CONTENT_84F8A825,Thanks for sharing,2026-03-20 16:41:46
COMM_8BDF6FF3,CONTENT_84F8A825,This happens to me all the time,2026-03-19 04:41:46
COMM_0818CEF3,CONTENT_84F8A825,I've been through this,2026-03-19 18:41:46
COMM_00BDE227,CONTENT_116FD580,I don't really agree but okay,2026-06-22 11:41:46
COMM_E4ADA074,CONTENT_116FD580,Great tips,2026-06-22 13:41:46
COMM_321C3B56,CONTENT_116FD580,Great tips,2026-06-21 00:41:46
COMM_D95F9A48,CONTENT_44698092,Good content,2026-08-01 00:41:46
COMM_AC19593F,CONTENT_EF3E77C9,I feel exactly the same way,2026-05-15 07:41:46
COMM_61CF56D7,CONTENT_EF3E77C9,Great tips,2026-05-15 01:41:46
COMM_0BF5C97A,CONTENT_EF3E77C9,Good content,2026-05-15 16:41:46
COMM_216B0D76,CONTENT_30F04152,Great tips,2026-05-25 05:41:46
COMM_5EADCEBC,CONTENT_B789223A,I thought I was the only one,2026-06-23 11:41:46
COMM_0EDF9CBE,CONTENT_B789223A,Great tips,2026-06-23 10:41:46
COMM_615FC26C,CONTENT_B789223A,Thanks for sharing,2026-06-24 13:41:46
COMM_A32636D3,CONTENT_B789223A,Good content,2026-06-24 17:41:46
COMM_8398B4BB,CONTENT_E28CD368,This happens to me all the time,2026-03-24 21:41:46
COMM_2B64F38B,CONTENT_E28CD368,I can relate,2026-03-24 12:41:46
COMM_EA99B394,CONTENT_E28CD368,Great tips,2026-03-24 04:41:46
COMM_6A6D550B,CONTENT_E28CD368,I've been through this,2026-03-24 17:41:46
COMM_F25AF56E,CONTENT_9CA95473,Thanks for sharing,2026-08-18 18:41:46
COMM_D7A074ED,CONTENT_9CA95473,Thanks for sharing,2026-08-18 19:41:46
COMM_D6042651,CONTENT_9CA95473,I don't really agree but okay,2026-08-19 19:41:46
COMM_FA2805EE,CONTENT_71895DD9,I can relate,2026-05-12 00:41:46
COMM_0CE33D5B,CONTENT_71895DD9,I don't really agree but okay,2026-05-13 05:41:46
COMM_41C31D8C,CONTENT_71895DD9,Great tips,2026-05-13 02:41:46
COMM_6513CDA6,CONTENT_71895DD9,Thanks for sharing,2026-05-13 11:41:46
COMM_0B532665,CONTENT_71895DD9,Thanks for sharing,2026-05-13 11:41:46
COMM_90040DC8,CONTENT_522202DD,Good content,2026-04-01 20:41:46
COMM_C904386A,CONTENT_522202DD,I don't really agree but okay,2026-04-01 00:41:46
COMM_258DA232,CONTENT_522202DD,Interesting perspective,2026-04-01 06:41:46
COMM_B616EECB,CONTENT_522202DD,Interesting perspective,2026-03-31 03:41:46
COMM_52D4AB18,CONTENT_3C8BBEBA,Nice video,2026-05-20 20:41:46
COMM_A5F692DE,CONTENT_3C8BBEBA,I don't really agree but okay,2026-05-19 09:41:46
COMM_DFA200E4,CONTENT_3C8BBEBA,Nice video,2026-05-19 23:41:46
COMM_72C6FDFF,CONTENT_3C8BBEBA,Great tips,2026-05-20 21:41:46
COMM_F3DCBDBF,CONTENT_4183A803,Great tips,2026-03-23 06:41:46
COMM_25C1709A,CONTENT_4183A803,Nice video,2026-03-22 13:41:46
COMM_0946C8C3,CONTENT_4183A803,Great tips,2026-03-22 16:41:46
COMM_708723D0,CONTENT_04C38B1F,Great tips,2026-09-01 14:41:46
COMM_3AFCAE5E,CONTENT_04C38B1F,Hello from Brazil,2026-09-02 01:41:46
COMM_4BE526A3,CONTENT_04C38B1F,Nice video,2026-09-02 07:41:46
COMM_08B8D658,CONTENT_04C38B1F,Great tips,2026-09-02 16:41:46
COMM_6D961533,CONTENT_04C38B1F,this is literally me,2026-09-01 17:41:46
COMM_99AF55EB,CONTENT_2237563D,Interesting perspective,2026-06-29 22:41:46
COMM_9122CF4D,CONTENT_2237563D,Thanks for sharing,2026-06-28 04:41:46
COMM_B642672D,CONTENT_2237563D,I struggle with this daily,2026-06-29 17:41:46
COMM_EA16CDA3,CONTENT_2237563D,same here,2026-06-29 07:41:46
COMM_5F86CC51,CONTENT_2237563D,exactly my situation,2026-06-28 10:41:46
COMM_B051319C,CONTENT_CE387BD1,Hello from Brazil,2026-03-26 01:41:46
COMM_D8CC6658,CONTENT_CE387BD1,Good content,2026-03-25 20:41:46
COMM_EDA8C7B0,CONTENT_0F7B4196,Hello from Brazil,2026-08-14 12:41:46
COMM_62AA629A,CONTENT_0F7B4196,This happens to me all the time,2026-08-14 22:41:46
COMM_56774B95,CONTENT_0F7B4196,I can relate,2026-08-14 16:41:46
COMM_D143AF20,CONTENT_0F7B4196,Hello from Brazil,2026-08-14 11:41:46
COMM_D6ABA6D3,CONTENT_0F7B4196,I struggle with this daily,2026-08-15 12:41:46
COMM_1B33D5C1,CONTENT_13053EFC,I can relate,2026-08-07 22:41:46
COMM_EF504236,CONTENT_13053EFC,I thought I was the only one,2026-08-06 08:41:46
COMM_39D09DCD,CONTENT_13053EFC,Thanks for sharing,2026-08-07 16:41:46
COMM_5E44A050,CONTENT_13053EFC,I can relate,2026-08-07 08:41:46
COMM_7642A417,CONTENT_13053EFC,I feel exactly the same way,2026-08-06 00:41:46
COMM_A71AADF5,CONTENT_B1681A07,I don't really agree but okay,2026-05-16 01:41:46
COMM_01719883,CONTENT_B1681A07,Hello from Brazil,2026-05-17 22:41:46
COMM_C4E07CD4,CONTENT_B1681A07,I thought I was the only one,2026-05-17 10:41:46
COMM_29F5A046,CONTENT_7D84B53E,Nice video,2026-04-03 20:41:46
COMM_D7805704,CONTENT_7D84B53E,Hello from Brazil,2026-04-03 07:41:46
COMM_0E61C6EF,CONTENT_7D84B53E,Interesting perspective,2026-04-03 09:41:46
COMM_A66BFB16,CONTENT_7D84B53E,Interesting perspective,2026-04-04 13:41:46
COMM_F0E28139,CONTENT_C182D74D,Good content,2026-04-03 05:41:46
COMM_22499EF8,CONTENT_785C3255,Hello from Brazil,2026-07-20 12:41:46
COMM_BCA8A2E0,CONTENT_3DB1195A,This happens to me all the time,2026-06-29 01:41:46
COMM_CB71DE4D,CONTENT_50ACF890,this is literally me,2026-08-18 21:41:46
COMM_99D39643,CONTENT_50ACF890,Nice video,2026-08-19 13:41:46
COMM_C8EFD3C3,CONTENT_50ACF890,Hello from Brazil,2026-08-18 08:41:46
COMM_E289F72C,CONTENT_50ACF890,I feel exactly the same way,2026-08-19 01:41:46
COMM_69F02886,CONTENT_49A64A5D,Good content,2026-06-19 09:41:46
COMM_362A6A7B,CONTENT_49A64A5D,Nice video,2026-06-20 08:41:46
COMM_3488AD18,CONTENT_49A64A5D,Hello from Brazil,2026-06-19 21:41:46
COMM_CCD6F738,CONTENT_49A64A5D,I don't really agree but okay,2026-06-19 16:41:46
COMM_A6B0760E,CONTENT_F262820B,I feel exactly the same way,2026-05-04 03:41:46
COMM_75EBA28D,CONTENT_F262820B,I thought I was the only one,2026-05-03 16:41:46
COMM_B1055373,CONTENT_F262820B,Nice video,2026-05-03 03:41:46
COMM_4AD8987C,CONTENT_94D3F3FC,Thanks for sharing,2026-04-19 08:41:46
COMM_08D9FE8A,CONTENT_1544CC9A,I've been through this,2026-07-02 07:41:46
COMM_F0676886,CONTENT_1544CC9A,same here,2026-07-02 14:41:46
COMM_76807A5B,CONTENT_1544CC9A,I thought I was the only one,2026-07-02 15:41:46
COMM_61292946,CONTENT_F52CC4B8,Hello from Brazil,2026-04-15 09:41:46
COMM_3C1C7EAD,CONTENT_F52CC4B8,Nice video,2026-04-14 12:41:46
COMM_F1F6C146,CONTENT_F52CC4B8,Hello from Brazil,2026-04-14 01:41:46
COMM_A9BCBFEB,CONTENT_F52CC4B8,I've been through this,2026-04-14 10:41:46
COMM_D45805F7,CONTENT_F52CC4B8,Hello from Brazil,2026-04-15 20:41:46
COMM_B64B3657,CONTENT_F17E2DCF,I've been through this,2026-06-17 13:41:46
COMM_1383F881,CONTENT_F17E2DCF,Good content,2026-06-17 09:41:46
COMM_BC1DB321,CONTENT_F17E2DCF,this is literally me,2026-06-16 05:41:46
COMM_B1EC87B8,CONTENT_F17E2DCF,This happens to me all the time,2026-06-17 12:41:46
COMM_B22B5486,CONTENT_313CDF5D,Nice video,2026-06-30 03:41:46
COMM_9C13BAC7,CONTENT_313CDF5D,Thanks for sharing,2026-07-01 18:41:46
COMM_A28CBE69,CONTENT_313CDF5D,I thought I was the only one,2026-07-01 05:41:46
COMM_D0A24587,CONTENT_313CDF5D,I thought I was the only one,2026-06-30 22:41:46
COMM_DE06E6F1,CONTENT_644152A4,same here,2026-07-25 14:41:46
COMM_FF06187A,CONTENT_B7E54E9F,I don't really agree but okay,2026-07-09 14:41:46
COMM_A42786B0,CONTENT_B7E54E9F,Hello from Brazil,2026-07-08 18:41:46
COMM_C88C12FC,CONTENT_93714AB3,Hello from Brazil,2026-08-20 20:41:46
COMM_9F2630A0,CONTENT_6C93E49B,exactly my situation,2026-07-26 11:41:46
COMM_2FCA1723,CONTENT_6C93E49B,Thanks for sharing,2026-07-26 11:41:46
COMM_1087F1B0,CONTENT_6C93E49B,Great tips,2026-07-26 04:41:46
COMM_F094AF84,CONTENT_6C93E49B,I don't really agree but okay,2026-07-26 18:41:46
COMM_6E96FCAB,CONTENT_6C93E49B,I've been through this,2026-07-25 21:41:46
COMM_9DC2DDCF,CONTENT_8BF1AAB2,Nice video,2026-07-20 01:41:46
COMM_66888599,CONTENT_5C3C0366,Good content,2026-07-27 16:41:46
COMM_A493A3D9,CONTENT_67BB6CED,I thought I was the only one,2026-08-03 21:41:46
COMM_4947CF8C,CONTENT_67BB6CED,I don't really agree but okay,2026-08-03 23:41:46
COMM_E75657A9,CONTENT_67BB6CED,I thought I was the only one,2026-08-03 16:41:46
COMM_CDCA7EFE,CONTENT_67BB6CED,this is literally me,2026-08-03 09:41:46
COMM_1ECEAACD,CONTENT_98DA773E,this is literally me,2026-04-04 07:41:46
COMM_1F90A228,CONTENT_6F4D37EC,I thought I was the only one,2026-06-22 05:41:46
COMM_3FEF6FD1,CONTENT_6F4D37EC,I feel exactly the same way,2026-06-21 06:41:46
COMM_71980167,CONTENT_6F4D37EC,I don't really agree but okay,2026-06-22 13:41:46
COMM_F31028B1,CONTENT_6F4D37EC,This happens to me all the time,2026-06-21 11:41:46
COMM_62EF9F2A,CONTENT_6F4D37EC,this is literally me,2026-06-22 18:41:46
COMM_23668592,CONTENT_58717778,Thanks for sharing,2026-05-11 09:41:46
COMM_39D1600A,CONTENT_58717778,Thanks for sharing,2026-05-11 08:41:46
COMM_02EF8E29,CONTENT_584142B4,Thanks for sharing,2026-03-21 01:41:46
COMM_0FBF2908,CONTENT_584142B4,Good content,2026-03-21 01:41:46
COMM_EC9B4CBB,CONTENT_584142B4,I don't really agree but okay,2026-03-21 08:41:46
COMM_4AE5D859,CONTENT_584142B4,Nice video,2026-03-20 04:41:46
COMM_09D120D0,CONTENT_584142B4,I don't really agree but okay,2026-03-20 17:41:46
COMM_8EB828E0,CONTENT_AB8AB8B9,same here,2026-03-13 17:41:46
COMM_6C54BE23,CONTENT_AB8AB8B9,same here,2026-03-12 10:41:46
COMM_E0F9E4F9,CONTENT_8D6B04A5,Great tips,2026-03-19 02:41:46
COMM_45D93FCD,CONTENT_8D6B04A5,Great tips,2026-03-19 06:41:46
COMM_1557342F,CONTENT_8D6B04A5,Hello from Brazil,2026-03-19 08:41:46
COMM_BA3B93DD,CONTENT_8D6B04A5,this is literally me,2026-03-19 05:41:46
COMM_69345BB5,CONTENT_87115701,I don't really agree but okay,2026-05-16 21:41:46
COMM_180D80B9,CONTENT_87115701,Hello from Brazil,2026-05-17 15:41:46
COMM_33D69BF9,CONTENT_87115701,I don't really agree but okay,2026-05-17 15:41:46
COMM_0E9602A7,CONTENT_87115701,Hello from Brazil,2026-05-16 16:41:46
COMM_20B123C3,CONTENT_87115701,I don't really agree but okay,2026-05-16 12:41:46
COMM_43CF6643,CONTENT_14A39420,Thanks for sharing,2026-04-22 12:41:46
COMM_9B7DEE57,CONTENT_14A39420,Good content,2026-04-23 13:41:46
COMM_B3E82012,CONTENT_B9A8EB2D,Interesting perspective,2026-05-10 07:41:46
COMM_496F29EF,CONTENT_1A45F8B0,I can relate,2026-03-26 00:41:46
COMM_531E5B06,CONTENT_38FCC056,Hello from Brazil,2026-04-23 06:41:46
COMM_26DC2537,CONTENT_EEE6D4D7,Thanks for sharing,2026-04-04 08:41:46
COMM_6DACD600,CONTENT_EEE6D4D7,Thanks for sharing,2026-04-03 00:41:46
COMM_4EB1F204,CONTENT_EEE6D4D7,Nice video,2026-04-03 04:41:46
COMM_6C268CAF,CONTENT_EEE6D4D7,Nice video,2026-04-04 20:41:46
COMM_7EBA8A1C,CONTENT_138C5315,Good content,2026-09-01 09:41:46
COMM_C9CD4812,CONTENT_138C5315,I don't really agree but okay,2026-09-01 21:41:46
COMM_F86B552D,CONTENT_138C5315,Good content,2026-09-02 14:41:46
COMM_7EEDDCD3,CONTENT_138C5315,Great tips,2026-09-02 01:41:46
COMM_2AF61F43,CONTENT_70693069,I feel exactly the same way,2026-06-24 14:41:46
COMM_0CED86C1,CONTENT_44C773B3,This happens to me all the time,2026-05-15 18:41:46
COMM_06795B9A,CONTENT_44C773B3,I struggle with this daily,2026-05-15 01:41:46
COMM_6D1C2D95,CONTENT_44C773B3,same here,2026-05-15 04:41:46
COMM_C5C0CFBD,CONTENT_44C773B3,Great tips,2026-05-15 16:41:46
COMM_12C7FA69,CONTENT_AB4E8AA0,This happens to me all the time,2026-08-08 05:41:46
COMM_47C5CCF0,CONTENT_AB4E8AA0,I feel exactly the same way,2026-08-07 02:41:46
COMM_B2F0CF9B,CONTENT_3FEA26A2,Interesting perspective,2026-08-21 13:41:46
COMM_097B75F0,CONTENT_3FEA26A2,Good content,2026-08-21 07:41:46
COMM_F7943532,CONTENT_3FEA26A2,I thought I was the only one,2026-08-22 21:41:46
COMM_5901A7E2,CONTENT_3FEA26A2,I don't really agree but okay,2026-08-22 05:41:46
COMM_1380DB36,CONTENT_3FEA26A2,Hello from Brazil,2026-08-21 03:41:46
COMM_2C6D4500,CONTENT_7D737CEB,I struggle with this daily,2026-05-11 22:41:46
COMM_C685767A,CONTENT_7D737CEB,I thought I was the only one,2026-05-11 13:41:46
COMM_74EE23DC,CONTENT_7D737CEB,Good content,2026-05-10 19:41:46
COMM_8D6F2607,CONTENT_488C92F9,this is literally me,2026-06-27 13:41:46
COMM_E3A37EFC,CONTENT_488C92F9,I can relate,2026-06-27 22:41:46
COMM_95472B9D,CONTENT_E3124FD5,I can relate,2026-03-30 23:41:46
COMM_7FF45926,CONTENT_E3124FD5,I feel exactly the same way,2026-03-31 04:41:46
COMM_CB157A50,CONTENT_E3124FD5,I've been through this,2026-03-30 07:41:46
COMM_F3839179,CONTENT_E3124FD5,I don't really agree but okay,2026-03-30 15:41:46
COMM_A0D07B71,CONTENT_E3124FD5,this is literally me,2026-03-30 19:41:46
COMM_816E0F31,CONTENT_7960EA7F,Good content,2026-04-11 03:41:46
COMM_C0BD88B8,CONTENT_7960EA7F,Interesting perspective,2026-04-11 10:41:46
COMM_2D0576F8,CONTENT_7960EA7F,Interesting perspective,2026-04-11 17:41:46
COMM_171C6161,CONTENT_7960EA7F,I feel exactly the same way,2026-04-12 11:41:46
COMM_9BB72EE7,CONTENT_7960EA7F,I don't really agree but okay,2026-04-12 10:41:46
COMM_027446CE,CONTENT_1039B71D,I don't really agree but okay,2026-06-28 23:41:46
COMM_C60A6100,CONTENT_D21314A2,This happens to me all the time,2026-08-11 11:41:46
COMM_FEDCC214,CONTENT_D21314A2,same here,2026-08-11 15:41:46
COMM_DFE7A78E,CONTENT_D21314A2,I feel exactly the same way,2026-08-12 06:41:46
COMM_C480D49F,CONTENT_D21314A2,Nice video,2026-08-12 10:41:46
COMM_742C3D34,CONTENT_D21314A2,Nice video,2026-08-12 17:41:46
COMM_AF86DEF8,CONTENT_E349DA0C,Great tips,2026-08-25 18:41:46
COMM_45126BD2,CONTENT_E349DA0C,Interesting perspective,2026-08-25 21:41:46
COMM_737F49DA,CONTENT_E349DA0C,Great tips,2026-08-26 05:41:46
COMM_21F4A92E,CONTENT_E349DA0C,Good content,2026-08-26 17:41:46
COMM_9B733366,CONTENT_9C0E8152,Great tips,2026-03-31 16:41:46
COMM_722CAC74,CONTENT_1A041C16,Great tips,2026-03-20 12:41:46
COMM_5524DACF,CONTENT_48853B46,I feel exactly the same way,2026-06-09 08:41:46
COMM_24E8E2B4,CONTENT_48853B46,Interesting perspective,2026-06-09 21:41:46
COMM_9B9437AB,CONTENT_48853B46,Good content,2026-06-09 10:41:46
COMM_92C798BF,CONTENT_48853B46,Great tips,2026-06-09 14:41:46
COMM_9141EEB3,CONTENT_48853B46,I can relate,2026-06-09 23:41:46
COMM_92C6E923,CONTENT_B15BF8DD,Thanks for sharing,2026-05-15 13:41:46
COMM_90943BE3,CONTENT_B15BF8DD,Hello from Brazil,2026-05-16 08:41:46
COMM_778300C3,CONTENT_B15BF8DD,Hello from Brazil,2026-05-16 16:41:46
COMM_2787067A,CONTENT_332A62B1,this is literally me,2026-03-19 16:41:46
COMM_BD7E8E36,CONTENT_B7333130,Hello from Brazil,2026-08-30 14:41:46
COMM_FA5DCCDF,CONTENT_AB8B0DAB,Nice video,2026-05-10 00:41:46
COMM_8D6F360B,CONTENT_AB8B0DAB,same here,2026-05-11 02:41:46
COMM_B9E24B48,CONTENT_DAA7F21B,I've been through this,2026-03-31 18:41:46
COMM_2CA1F006,CONTENT_647D5B18,Good content,2026-08-26 02:41:46
COMM_7142687F,CONTENT_647D5B18,Thanks for sharing,2026-08-26 11:41:46
COMM_5BB62470,CONTENT_647D5B18,Good content,2026-08-25 18:41:46
COMM_91155F79,CONTENT_647D5B18,Good content,2026-08-26 08:41:46
COMM_2D3292B1,CONTENT_19FEE9D2,This happens to me all the time,2026-05-14 00:41:46
COMM_89636AB0,CONTENT_19FEE9D2,I can relate,2026-05-13 10:41:46
COMM_DECD0993,CONTENT_19FEE9D2,I struggle with this daily,2026-05-13 23:41:46
COMM_ACC7C8B8,CONTENT_CE42CE44,same here,2026-03-12 10:41:46
COMM_86173557,CONTENT_9E40E4B3,Good content,2026-07-02 03:41:46
COMM_0A6D4A08,CONTENT_9E40E4B3,Great tips,2026-07-01 10:41:46
COMM_1E8BC4FE,CONTENT_6FA9BC02,Good content,2026-05-13 20:41:46
COMM_1C7F579B,CONTENT_6FA9BC02,Thanks for sharing,2026-05-12 11:41:46
COMM_7D0C53F1,CONTENT_6FA9BC02,same here,2026-05-13 16:41:46
COMM_D47CC0BE,CONTENT_6FA9BC02,this is literally me,2026-05-13 11:41:46
COMM_7F4C89CB,CONTENT_14BAAF05,Nice video,2026-05-01 01:41:46
COMM_BBF38A6C,CONTENT_14BAAF05,I don't really agree but okay,2026-05-01 09:41:46
COMM_85A62BFD,CONTENT_14BAAF05,same here,2026-05-02 11:41:46
COMM_6991E361,CONTENT_14BAAF05,Nice video,2026-05-01 17:41:46
COMM_0701C6C9,CONTENT_E522828E,I don't really agree but okay,2026-05-07 02:41:46
COMM_ACCE161C,CONTENT_E522828E,I don't really agree but okay,2026-05-07 03:41:46
COMM_31896616,CONTENT_E522828E,Great tips,2026-05-07 00:41:46
COMM_1BAD7B42,CONTENT_E522828E,Nice video,2026-05-07 19:41:46
COMM_F32C2574,CONTENT_5CA462E6,Good content,2026-06-27 15:41:46
COMM_4D66FCC8,CONTENT_5CA462E6,Good content,2026-06-28 06:41:46
COMM_C8086196,CONTENT_5CA462E6,Thanks for sharing,2026-06-27 20:41:46
COMM_97A7E6B9,CONTENT_5CA462E6,Great tips,2026-06-27 06:41:46
COMM_D9915BAC,CONTENT_E28EDB19,same here,2026-06-11 11:41:46
COMM_D899EDC9,CONTENT_E28EDB19,Thanks for sharing,2026-06-10 02:41:46
COMM_65571193,CONTENT_16D23594,Thanks for sharing,2026-06-01 21:41:46
COMM_3CAB92EE,CONTENT_16D23594,Great tips,2026-05-31 01:41:46
COMM_13E0EB96,CONTENT_937BE45E,same here,2026-03-11 11:41:46
COMM_A3AB5FF1,CONTENT_937BE45E,I thought I was the only one,2026-03-11 13:41:46
COMM_10D3FB4A,CONTENT_9391037E,I've been through this,2026-04-03 07:41:46
COMM_0E577982,CONTENT_6F0A4492,I feel exactly the same way,2026-03-14 06:41:46
COMM_E06C7648,CONTENT_6F0A4492,I've been through this,2026-03-14 06:41:46
COMM_707980E1,CONTENT_B3B2DD52,Good content,2026-04-03 10:41:46
COMM_9A25F874,CONTENT_B3B2DD52,this is literally me,2026-04-04 21:41:46
COMM_F695D372,CONTENT_077728E0,Interesting perspective,2026-03-20 17:41:46
COMM_CCE4DBBC,CONTENT_A3F9EC71,I can relate,2026-08-16 02:41:46
COMM_84C93FF8,CONTENT_A3F9EC71,Nice video,2026-08-15 23:41:46
COMM_306924AD,CONTENT_A3F9EC71,Hello from Brazil,2026-08-15 00:41:46
COMM_EAC277BF,CONTENT_A3F9EC71,Nice video,2026-08-16 11:41:46
COMM_F9439328,CONTENT_0F8D3820,Good content,2026-07-22 00:41:46
COMM_A83A83BF,CONTENT_0F8D3820,I feel exactly the same way,2026-07-23 05:41:46
COMM_50693334,CONTENT_0F8D3820,I've been through this,2026-07-23 15:41:46
COMM_EA334DD7,CONTENT_0F8D3820,I don't really agree but okay,2026-07-22 10:41:46
COMM_14533F7C,CONTENT_CC470A7E,Hello from Brazil,2026-07-20 10:41:46
COMM_FB2D349F,CONTENT_CC470A7E,Thanks for sharing,2026-07-20 14:41:46
COMM_B75773FA,CONTENT_CC470A7E,Thanks for sharing,2026-07-20 08:41:46
COMM_9940BEC5,CONTENT_CC470A7E,Thanks for sharing,2026-07-19 21:41:46
COMM_467C6093,CONTENT_214F163E,I don't really agree but okay,2026-08-03 01:41:46
COMM_B23848D3,CONTENT_214F163E,I don't really agree but okay,2026-08-03 04:41:46
COMM_0728A411,CONTENT_214F163E,Hello from Brazil,2026-08-03 00:41:46
COMM_587E81AE,CONTENT_214F163E,Interesting perspective,2026-08-02 21:41:46
COMM_38527FD3,CONTENT_355D981F,Good content,2026-07-24 19:41:46
COMM_A7FAD86E,CONTENT_1E3A33EA,Hello from Brazil,2026-08-11 16:41:46
COMM_7BE9C348,CONTENT_1E3A33EA,Good content,2026-08-11 12:41:46
COMM_F231C71F,CONTENT_1E3A33EA,I don't really agree but okay,2026-08-11 17:41:46
COMM_D89B90A2,CONTENT_1E3A33EA,I don't really agree but okay,2026-08-12 18:41:46
COMM_498117D4,CONTENT_1E3A33EA,same here,2026-08-12 22:41:46
COMM_6F71699D,CONTENT_C9E65B7E,Great tips,2026-08-01 11:41:46
COMM_D2481C32,CONTENT_E2E59968,Good content,2026-06-06 20:41:46
COMM_FBC21665,CONTENT_E2E59968,Thanks for sharing,2026-06-06 18:41:46
COMM_9CE6FD86,CONTENT_E2E59968,I don't really agree but okay,2026-06-06 20:41:46
COMM_359E18EB,CONTENT_E2E59968,Good content,2026-06-06 09:41:46
COMM_E5E3AFC5,CONTENT_E2E59968,Good content,2026-06-06 16:41:46
COMM_5EA23481,CONTENT_A1F032F4,I don't really agree but okay,2026-07-23 16:41:46
COMM_788549BA,CONTENT_A1F032F4,Interesting perspective,2026-07-22 12:41:46
COMM_6AC47975,CONTENT_A1F032F4,Nice video,2026-07-22 18:41:46
COMM_77796A93,CONTENT_A1F032F4,Interesting perspective,2026-07-23 18:41:46
COMM_B5445BFF,CONTENT_A1F032F4,Great tips,2026-07-23 03:41:46
COMM_97EDFD4D,CONTENT_A268A582,Thanks for sharing,2026-03-31 18:41:46
COMM_0A390995,CONTENT_A268A582,Interesting perspective,2026-04-01 21:41:46
COMM_0BECFA6A,CONTENT_20B19306,Thanks for sharing,2026-04-02 22:41:46
COMM_37BB3E04,CONTENT_20B19306,Great tips,2026-04-03 18:41:46
COMM_378937C9,CONTENT_20B19306,Hello from Brazil,2026-04-03 21:41:46
COMM_1A9ABE52,CONTENT_20B19306,Good content,2026-04-02 08:41:46
COMM_2F702858,CONTENT_5146A866,Interesting perspective,2026-08-19 11:41:46
COMM_81BEB019,CONTENT_5146A866,I can relate,2026-08-18 09:41:46
COMM_50DDC6B4,CONTENT_5146A866,I struggle with this daily,2026-08-18 09:41:46
COMM_3B26137F,CONTENT_F4EE6090,Hello from Brazil,2026-09-03 16:41:46
COMM_468874B8,CONTENT_F4EE6090,Nice video,2026-09-04 11:41:46
COMM_55C14E84,CONTENT_F4EE6090,Interesting perspective,2026-09-03 08:41:46
COMM_1AB7B006,CONTENT_F4EE6090,Interesting perspective,2026-09-04 08:41:46
COMM_444B2BA8,CONTENT_B12371E6,Great tips,2026-04-25 05:41:46
COMM_D607DB61,CONTENT_B12371E6,Good content,2026-04-25 05:41:46
COMM_3D3FD4A7,CONTENT_B12371E6,Interesting perspective,2026-04-25 08:41:46
COMM_A7EE1F4D,CONTENT_1F7417D9,Nice video,2026-08-09 19:41:46
COMM_EE3C8099,CONTENT_D60EDEA2,Hello from Brazil,2026-04-12 15:41:46
COMM_DCC019C8,CONTENT_D60EDEA2,Interesting perspective,2026-04-12 23:41:46
COMM_36FF2E73,CONTENT_D60EDEA2,I can relate,2026-04-13 19:41:46
COMM_7252BEF4,CONTENT_D8490668,Interesting perspective,2026-07-29 15:41:46
COMM_C83909A4,CONTENT_D8490668,I feel exactly the same way,2026-07-30 01:41:46
COMM_969D10C5,CONTENT_D8490668,I feel exactly the same way,2026-07-30 18:41:46
COMM_A1A1C63D,CONTENT_D8490668,this is literally me,2026-07-29 08:41:46
COMM_291751F0,CONTENT_D8490668,I feel exactly the same way,2026-07-30 22:41:46
COMM_75D7CB76,CONTENT_B18E927E,this is literally me,2026-05-20 19:41:46
COMM_C11A64A9,CONTENT_B18E927E,I feel exactly the same way,2026-05-19 14:41:46
COMM_B50F1EC7,CONTENT_B18E927E,I've been through this,2026-05-19 15:41:46
COMM_97669797,CONTENT_B18E927E,Hello from Brazil,2026-05-19 16:41:46
COMM_52FADE22,CONTENT_1259798E,I feel exactly the same way,2026-06-17 23:41:46
COMM_8CDA0616,CONTENT_9CD0ECA9,Nice video,2026-06-10 13:41:46
COMM_2AE71DC6,CONTENT_7CCF1513,I feel exactly the same way,2026-05-15 06:41:46
COMM_F631C49E,CONTENT_E1BCE4F0,exactly my situation,2026-08-27 13:41:46
COMM_3AC418EF,CONTENT_E1BCE4F0,Hello from Brazil,2026-08-27 09:41:46
COMM_0242FB0D,CONTENT_EC9D5866,I've been through this,2026-06-19 02:41:46
COMM_BEFA3930,CONTENT_EC9D5866,I feel exactly the same way,2026-06-18 20:41:46
COMM_230E19C1,CONTENT_35D244B5,I don't really agree but okay,2026-07-07 19:41:46
COMM_589D7559,CONTENT_35D244B5,Thanks for sharing,2026-07-06 01:41:46
COMM_754B0339,CONTENT_35D244B5,I've been through this,2026-07-06 14:41:46
COMM_E500E077,CONTENT_1AA23B21,Interesting perspective,2026-05-19 14:41:46
COMM_018B1705,CONTENT_329C0F58,Thanks for sharing,2026-03-15 02:41:46
COMM_D79E821B,CONTENT_329C0F58,Interesting perspective,2026-03-15 01:41:46
COMM_51CE92EB,CONTENT_329C0F58,Great tips,2026-03-16 01:41:46
COMM_73FD6B81,CONTENT_C22819DB,this is literally me,2026-07-04 07:41:46
COMM_7547648D,CONTENT_C22819DB,Hello from Brazil,2026-07-03 16:41:46
COMM_12B59575,CONTENT_C22819DB,I've been through this,2026-07-04 22:41:46
COMM_EC2232F5,CONTENT_C22819DB,I've been through this,2026-07-04 03:41:46
COMM_FFD7756E,CONTENT_BE1B42F6,Thanks for sharing,2026-05-10 22:41:46
COMM_FEEEB231,CONTENT_BE1B42F6,Great tips,2026-05-10 00:41:46
COMM_AB836483,CONTENT_BE1B42F6,Good content,2026-05-10 10:41:46
COMM_FCD07EF5,CONTENT_BE1B42F6,Good content,2026-05-09 06:41:46
COMM_83170D91,CONTENT_BE1B42F6,I feel exactly the same way,2026-05-10 07:41:46
COMM_B9ACAA75,CONTENT_A0038A3E,Great tips,2026-06-25 10:41:46
COMM_16DE2CC6,CONTENT_A0038A3E,I don't really agree but okay,2026-06-25 04:41:46
COMM_0E39B5CA,CONTENT_A0038A3E,I struggle with this daily,2026-06-25 10:41:46
COMM_1F00DF30,CONTENT_D071583C,same here,2026-09-04 16:41:46
COMM_4E27F4B5,CONTENT_D071583C,I can relate,2026-09-05 01:41:46
COMM_F34D587E,CONTENT_A027BEDF,Thanks for sharing,2026-03-24 13:41:46
COMM_05EF68A0,CONTENT_A027BEDF,I thought I was the only one,2026-03-24 11:41:46
COMM_CF2E2416,CONTENT_A027BEDF,same here,2026-03-23 23:41:46
COMM_A09FDE43,CONTENT_D6AA176E,Great tips,2026-08-21 18:41:46
COMM_7F402C4C,CONTENT_D6AA176E,Great tips,2026-08-21 02:41:46
COMM_84FA9EA8,CONTENT_D6AA176E,this is literally me,2026-08-20 03:41:46
COMM_07099A2D,CONTENT_D6AA176E,I don't really agree but okay,2026-08-21 19:41:46
COMM_088450A1,CONTENT_CA944A7C,I thought I was the only one,2026-05-06 14:41:46
COMM_2AD51DA9,CONTENT_CA944A7C,Nice video,2026-05-06 20:41:46
COMM_0AA04029,CONTENT_4F6B9168,I've been through this,2026-05-06 15:41:46
COMM_78739BA0,CONTENT_4F6B9168,I don't really agree but okay,2026-05-05 16:41:46
COMM_F282E823,CONTENT_E83F93B9,I struggle with this daily,2026-09-03 13:41:46
COMM_E6432D7D,CONTENT_E83F93B9,Thanks for sharing,2026-09-02 04:41:46
COMM_BA794AE5,CONTENT_518B6D85,I don't really agree but okay,2026-05-01 10:41:46
COMM_7C835A13,CONTENT_518B6D85,I don't really agree but okay,2026-04-30 01:41:46
COMM_5131A500,CONTENT_518B6D85,Interesting perspective,2026-04-30 21:41:46
COMM_90D3ECA7,CONTENT_518B6D85,I don't really agree but okay,2026-04-30 18:41:46
COMM_29281067,CONTENT_02B350E1,Hello from Brazil,2026-07-23 07:41:46
COMM_BA21D1CB,CONTENT_02B350E1,same here,2026-07-23 02:41:46
COMM_1389FA9F,CONTENT_02B350E1,same here,2026-07-22 13:41:46
COMM_67A55A5F,CONTENT_8253EE23,Great tips,2026-08-23 19:41:46
COMM_71D32F18,CONTENT_8253EE23,Great tips,2026-08-24 09:41:46
COMM_2DA38C52,CONTENT_8253EE23,Hello from Brazil,2026-08-24 03:41:46
COMM_D32CAB49,CONTENT_87BEE761,I don't really agree but okay,2026-07-26 20:41:46
COMM_D3E6748C,CONTENT_87BEE761,I can relate,2026-07-25 06:41:46
COMM_30BB5D0E,CONTENT_858D27AC,same here,2026-03-25 20:41:46
COMM_0D956F60,CONTENT_F1CFC040,Interesting perspective,2026-07-30 15:41:46
COMM_979F81D8,CONTENT_DC3FEAA5,Interesting perspective,2026-08-30 14:41:46
COMM_50C82A6B,CONTENT_DC3FEAA5,Thanks for sharing,2026-08-30 05:41:46
COMM_D74877CB,CONTENT_029A1141,I don't really agree but okay,2026-08-24 11:41:46
COMM_FEB36DE7,CONTENT_8E2989D1,Great tips,2026-05-27 09:41:46
COMM_F92E7E8B,CONTENT_8E2989D1,Interesting perspective,2026-05-26 10:41:46
COMM_15C6C82C,CONTENT_8E2989D1,Thanks for sharing,2026-05-27 08:41:46
COMM_B9BC05D3,CONTENT_8E2989D1,I don't really agree but okay,2026-05-26 09:41:46
COMM_F6C8D808,CONTENT_332281AA,I struggle with this daily,2026-07-20 02:41:46
COMM_A4130829,CONTENT_332281AA,Nice video,2026-07-20 20:41:46
COMM_C927C4A9,CONTENT_332281AA,I feel exactly the same way,2026-07-20 08:41:46
COMM_FBA0E390,CONTENT_332281AA,I struggle with this daily,2026-07-20 11:41:46
COMM_D20F27D9,CONTENT_C7FE4306,I thought I was the only one,2026-05-27 06:41:46
COMM_F0BFC05B,CONTENT_C7FE4306,I thought I was the only one,2026-05-28 18:41:46
COMM_11A823E1,CONTENT_C7FE4306,I feel exactly the same way,2026-05-27 17:41:46
COMM_CFD135A2,CONTENT_C7FE4306,this is literally me,2026-05-28 04:41:46
COMM_267219DD,CONTENT_C7FE4306,same here,2026-05-27 06:41:46
COMM_301F8B7A,CONTENT_0223E190,Hello from Brazil,2026-05-10 03:41:46
COMM_B59ECA73,CONTENT_0223E190,Good content,2026-05-11 08:41:46
COMM_98D58FCF,CONTENT_0223E190,exactly my situation,2026-05-11 19:41:46
COMM_9CE07349,CONTENT_FF2096E3,Hello from Brazil,2026-04-06 21:41:46
COMM_D6EF1026,CONTENT_FF2096E3,Interesting perspective,2026-04-06 07:41:46
COMM_59F19D3F,CONTENT_826E921A,Nice video,2026-05-17 12:41:46
COMM_F1CA3099,CONTENT_CB80BC27,same here,2026-03-21 19:41:46
COMM_49D422E6,CONTENT_D769B71E,I feel exactly the same way,2026-08-11 09:41:46
COMM_74450324,CONTENT_9F119FB9,Interesting perspective,2026-06-08 10:41:46
COMM_727B1F00,CONTENT_9F119FB9,This happens to me all the time,2026-06-09 20:41:46
COMM_C91F7899,CONTENT_9F119FB9,same here,2026-06-09 08:41:46
COMM_432AE411,CONTENT_92227FF4,this is literally me,2026-08-15 11:41:46
COMM_7A982D76,CONTENT_E38D31AF,Thanks for sharing,2026-07-26 19:41:46
COMM_11F888B8,CONTENT_E38D31AF,Nice video,2026-07-26 15:41:46
COMM_74B58CF9,CONTENT_E38D31AF,same here,2026-07-27 04:41:46
COMM_59F2180B,CONTENT_E38D31AF,Interesting perspective,2026-07-27 21:41:46
COMM_91D2B570,CONTENT_E38D31AF,Good content,2026-07-26 12:41:46
COMM_90A7632E,CONTENT_D17BDA6F,Thanks for sharing,2026-06-29 03:41:46
COMM_F0523728,CONTENT_76D5D361,I struggle with this daily,2026-04-05 22:41:46
COMM_F1444CFA,CONTENT_76D5D361,I've been through this,2026-04-06 17:41:46
COMM_9B04BC36,CONTENT_76D5D361,I feel exactly the same way,2026-04-06 20:41:46
COMM_7992757D,CONTENT_C98C57F6,Interesting perspective,2026-07-07 14:41:46
COMM_12EE0B33,CONTENT_C98C57F6,Thanks for sharing,2026-07-06 19:41:46
COMM_9C65227C,CONTENT_C98C57F6,Hello from Brazil,2026-07-07 01:41:46
COMM_9353382A,CONTENT_C98C57F6,Thanks for sharing,2026-07-06 23:41:46
COMM_115C7645,CONTENT_06F8D05B,Thanks for sharing,2026-08-14 08:41:46
COMM_8EE34871,CONTENT_06F8D05B,Good content,2026-08-15 17:41:46
COMM_89561C42,CONTENT_06F8D05B,I thought I was the only one,2026-08-14 02:41:46
COMM_A68DEFFD,CONTENT_5B40C5F0,Interesting perspective,2026-06-11 00:41:46
COMM_7006883A,CONTENT_5B40C5F0,this is literally me,2026-06-12 09:41:46
COMM_018354F9,CONTENT_5B40C5F0,I don't really agree but okay,2026-06-11 10:41:46
COMM_A6C09B23,CONTENT_5B40C5F0,Interesting perspective,2026-06-11 15:41:46
COMM_20F3F7F5,CONTENT_5B40C5F0,Hello from Brazil,2026-06-12 05:41:46
COMM_04FF77A2,CONTENT_40AC60D2,Good content,2026-09-07 08:41:46
COMM_8330CFF2,CONTENT_00EBD6D2,Nice video,2026-08-05 20:41:46
COMM_68F17BDB,CONTENT_00EBD6D2,Thanks for sharing,2026-08-06 13:41:46
COMM_3C713004,CONTENT_00EBD6D2,Interesting perspective,2026-08-05 05:41:46
COMM_04E0E4BB,CONTENT_00EBD6D2,Interesting perspective,2026-08-05 15:41:46
COMM_834153E0,CONTENT_8B012D60,This happens to me all the time,2026-08-02 13:41:46
COMM_012EFCAB,CONTENT_8B012D60,Hello from Brazil,2026-08-01 21:41:46
COMM_EEEEB0CC,CONTENT_8B012D60,I thought I was the only one,2026-08-01 18:41:46
COMM_57033D1C,CONTENT_0D4C46EE,I thought I was the only one,2026-07-19 20:41:46
COMM_1DEF0953,CONTENT_0D4C46EE,I've been through this,2026-07-19 22:41:46
COMM_91818BDC,CONTENT_BD79AF0A,Interesting perspective,2026-08-03 09:41:46
COMM_B3AEBB1D,CONTENT_1EE1C113,I've been through this,2026-05-11 23:41:46
COMM_DD5A98F5,CONTENT_1EE1C113,I've been through this,2026-05-12 07:41:46
COMM_302EA201,CONTENT_1EE1C113,this is literally me,2026-05-11 06:41:46
COMM_2DD0632D,CONTENT_CD99F2D9,Thanks for sharing,2026-07-05 06:41:46
COMM_7B445773,CONTENT_CD99F2D9,This happens to me all the time,2026-07-05 18:41:46
COMM_209F3475,CONTENT_CD99F2D9,Thanks for sharing,2026-07-06 13:41:46
COMM_62E581CB,CONTENT_548890E9,this is literally me,2026-08-01 19:41:46
COMM_287A9DCD,CONTENT_548890E9,I don't really agree but okay,2026-08-01 05:41:46
COMM_5FFF2CAD,CONTENT_58398C91,Nice video,2026-04-21 23:41:46
COMM_076FB8AD,CONTENT_58398C91,Nice video,2026-04-22 11:41:46
COMM_57CEFE9D,CONTENT_58398C91,I feel exactly the same way,2026-04-22 04:41:46
COMM_2C8F063D,CONTENT_58398C91,This happens to me all the time,2026-04-21 01:41:46
COMM_9A6EF19A,CONTENT_15B1E71E,same here,2026-07-03 17:41:46
COMM_E8831C31,CONTENT_14E2C48A,Interesting perspective,2026-04-18 10:41:46
COMM_2EEE7474,CONTENT_3ED6F7E6,Good content,2026-08-25 00:41:46
COMM_B89B480B,CONTENT_E5B2EB56,I feel exactly the same way,2026-05-12 21:41:46
COMM_9C957211,CONTENT_E5B2EB56,Interesting perspective,2026-05-11 06:41:46
COMM_29301B26,CONTENT_E5B2EB56,This happens to me all the time,2026-05-12 01:41:46
COMM_59976D38,CONTENT_E5B2EB56,I thought I was the only one,2026-05-11 02:41:46
COMM_3A1A613A,CONTENT_9307DD61,Interesting perspective,2026-06-06 16:41:46
COMM_10D41944,CONTENT_9307DD61,Hello from Brazil,2026-06-06 01:41:46
COMM_B865B8C2,CONTENT_9307DD61,Good content,2026-06-07 10:41:46
COMM_C0E751DD,CONTENT_9307DD61,Hello from Brazil,2026-06-06 10:41:46
COMM_577DA6E8,CONTENT_7C703C49,I can relate,2026-04-24 12:41:46
COMM_325B0873,CONTENT_7C703C49,I don't really agree but okay,2026-04-25 08:41:46
COMM_9129AEB0,CONTENT_6103B5CB,I struggle with this daily,2026-08-25 21:41:46
COMM_AB05FE11,CONTENT_6103B5CB,Thanks for sharing,2026-08-25 09:41:46
COMM_D46F2747,CONTENT_6103B5CB,exactly my situation,2026-08-26 21:41:46
COMM_C53F334B,CONTENT_3702F1E6,Hello from Brazil,2026-08-07 18:41:46
COMM_9184E257,CONTENT_3702F1E6,Interesting perspective,2026-08-07 02:41:46
COMM_F459CDED,CONTENT_04E69120,I don't really agree but okay,2026-07-22 21:41:46
COMM_A5184413,CONTENT_4C8C8C53,This happens to me all the time,2026-04-14 16:41:46
COMM_64A44DC3,CONTENT_4C8C8C53,I struggle with this daily,2026-04-13 00:41:46
COMM_549855C9,CONTENT_BE6A4B69,I've been through this,2026-04-21 22:41:46
COMM_6FD84E46,CONTENT_BE6A4B69,I've been through this,2026-04-22 14:41:46
COMM_F27C2F7E,CONTENT_BE6A4B69,I thought I was the only one,2026-04-21 15:41:46
COMM_21DB5038,CONTENT_BE6A4B69,I struggle with this daily,2026-04-22 22:41:46
COMM_4753BE3E,CONTENT_CE0C61B4,I don't really agree but okay,2026-07-21 21:41:46
COMM_5DC5ED4C,CONTENT_42A84B48,I don't really agree but okay,2026-05-19 20:41:46
COMM_A4B77F0A,CONTENT_42A84B48,this is literally me,2026-05-18 05:41:46
COMM_7987A664,CONTENT_42A84B48,I thought I was the only one,2026-05-18 19:41:46
COMM_28046CF9,CONTENT_F4133ADD,I've been through this,2026-04-09 06:41:46
COMM_EB24D3F8,CONTENT_F4133ADD,same here,2026-04-09 01:41:46
COMM_41161192,CONTENT_F4133ADD,This happens to me all the time,2026-04-09 17:41:46
COMM_CBC4084B,CONTENT_F4133ADD,same here,2026-04-10 06:41:46
COMM_04A4438F,CONTENT_7179B45D,Great tips,2026-03-25 16:41:46
COMM_2271D550,CONTENT_7179B45D,I feel exactly the same way,2026-03-25 12:41:46
COMM_E902EBD1,CONTENT_7179B45D,I don't really agree but okay,2026-03-26 01:41:46
COMM_3F344405,CONTENT_7179B45D,I thought I was the only one,2026-03-25 21:41:46
COMM_C8BCA4EC,CONTENT_7179B45D,Thanks for sharing,2026-03-26 13:41:46
COMM_AC7A1CDD,CONTENT_CF98CB47,this is literally me,2026-08-19 19:41:46
COMM_1F94A5C2,CONTENT_A62AFF8F,Interesting perspective,2026-07-27 00:41:46
COMM_3EF6B2B9,CONTENT_A62AFF8F,Nice video,2026-07-27 17:41:46
COMM_402B78AA,CONTENT_A62AFF8F,Thanks for sharing,2026-07-27 02:41:46
COMM_546AC4C6,CONTENT_A62AFF8F,I've been through this,2026-07-28 09:41:46
COMM_6004ED8B,CONTENT_98D71032,Thanks for sharing,2026-04-08 23:41:46
COMM_E46C2C76,CONTENT_AECAFAD7,I struggle with this daily,2026-07-31 15:41:46
COMM_E730BDA7,CONTENT_AECAFAD7,Interesting perspective,2026-08-01 06:41:46
COMM_2866F8CF,CONTENT_144769DD,Great tips,2026-05-26 00:41:46
COMM_6D9D9919,CONTENT_144769DD,exactly my situation,2026-05-25 20:41:46
COMM_13F83079,CONTENT_144769DD,Good content,2026-05-25 11:41:46
COMM_D508E289,CONTENT_144769DD,Nice video,2026-05-26 19:41:46
COMM_0D4D9B6C,CONTENT_144769DD,Thanks for sharing,2026-05-25 00:41:46
COMM_FE604E89,CONTENT_7C45E910,this is literally me,2026-06-25 12:41:46
COMM_5E03F9EF,CONTENT_7C45E910,same here,2026-06-24 12:41:46
COMM_E7821068,CONTENT_AA8047DA,Thanks for sharing,2026-08-09 16:41:46
COMM_9D47B69A,CONTENT_AA8047DA,I've been through this,2026-08-10 08:41:46
COMM_D0DD0E4A,CONTENT_491D561C,I thought I was the only one,2026-05-17 04:41:46
COMM_40F75E3F,CONTENT_491D561C,Nice video,2026-05-17 11:41:46
COMM_0D114FC8,CONTENT_491D561C,Great tips,2026-05-16 00:41:46
COMM_75DFE569,CONTENT_491D561C,Nice video,2026-05-16 03:41:46
COMM_BEC2C6A2,CONTENT_491D561C,Hello from Brazil,2026-05-16 17:41:46
COMM_E17F326C,CONTENT_AD942E99,Hello from Brazil,2026-07-04 15:41:46
COMM_B7BBCE4E,CONTENT_AD942E99,This happens to me all the time,2026-07-04 15:41:46
COMM_52791B15,CONTENT_AA7E7F26,this is literally me,2026-05-01 05:41:46
COMM_FF4FE58E,CONTENT_AA7E7F26,I feel exactly the same way,2026-05-01 16:41:46
COMM_9553D9B5,CONTENT_AA7E7F26,Interesting perspective,2026-05-01 01:41:46
COMM_64540EA3,CONTENT_AA7E7F26,Nice video,2026-05-01 18:41:46
COMM_231811E6,CONTENT_2C917CD1,I struggle with this daily,2026-06-30 20:41:46
COMM_A423A600,CONTENT_2C917CD1,I feel exactly the same way,2026-06-30 21:41:46
COMM_7908222A,CONTENT_2C917CD1,Nice video,2026-06-30 18:41:46
COMM_82CAF943,CONTENT_2C917CD1,Interesting perspective,2026-07-01 13:41:46
COMM_B9B9F009,CONTENT_2D1C9CC9,I don't really agree but okay,2026-05-30 09:41:46
COMM_A31484C2,CONTENT_2D1C9CC9,Great tips,2026-05-30 00:41:46
COMM_F2265E33,CONTENT_2D1C9CC9,Thanks for sharing,2026-05-30 00:41:46
COMM_EA4F503D,CONTENT_2D1C9CC9,I can relate,2026-05-29 04:41:46
COMM_3AC7E10C,CONTENT_B7B45166,Thanks for sharing,2026-05-03 16:41:46
COMM_8103D24D,CONTENT_B7B45166,Thanks for sharing,2026-05-03 07:41:46
COMM_83DE746D,CONTENT_B7B45166,I can relate,2026-05-02 09:41:46
COMM_2A2C8DD9,CONTENT_2AA112A0,Nice video,2026-07-10 21:41:46
COMM_843BD324,CONTENT_2AA112A0,This happens to me all the time,2026-07-09 08:41:46
COMM_CBD2C038,CONTENT_AB196709,This happens to me all the time,2026-07-06 06:41:46
COMM_1B2B81A0,CONTENT_AB196709,This happens to me all the time,2026-07-07 01:41:46
COMM_C7BF9E2A,CONTENT_AB196709,Thanks for sharing,2026-07-07 03:41:46
COMM_32F2289B,CONTENT_AB196709,I thought I was the only one,2026-07-06 18:41:46
COMM_F3BA95E9,CONTENT_AB196709,I can relate,2026-07-06 23:41:46
COMM_CB735A34,CONTENT_5162485D,Great tips,2026-07-08 11:41:46
COMM_B7111364,CONTENT_63300906,Great tips,2026-05-04 15:41:46
COMM_48454514,CONTENT_97EB732A,I thought I was the only one,2026-05-10 23:41:46
COMM_121541F9,CONTENT_97EB732A,This happens to me all the time,2026-05-11 08:41:46
COMM_1147DE91,CONTENT_97EB732A,this is literally me,2026-05-10 07:41:46
COMM_97336337,CONTENT_97EB732A,I can relate,2026-05-11 07:41:46
COMM_E3636EDA,CONTENT_E234EB35,Hello from Brazil,2026-07-22 09:41:46
COMM_2C20FA40,CONTENT_E234EB35,Nice video,2026-07-22 08:41:46
COMM_4D387DA3,CONTENT_E234EB35,Interesting perspective,2026-07-23 15:41:46
COMM_9C5B2453,CONTENT_E234EB35,I can relate,2026-07-23 22:41:46
COMM_699E6E1D,CONTENT_E234EB35,I thought I was the only one,2026-07-22 09:41:46
COMM_D2378D49,CONTENT_9B3F7AD8,I feel exactly the same way,2026-05-12 03:41:46
COMM_766273D7,CONTENT_9B3F7AD8,I struggle with this daily,2026-05-12 04:41:46
COMM_2EF879DC,CONTENT_9B3F7AD8,I don't really agree but okay,2026-05-11 02:41:46
COMM_24255A17,CONTENT_9B3F7AD8,this is literally me,2026-05-12 09:41:46
COMM_09C2460E,CONTENT_9B3F7AD8,I can relate,2026-05-11 01:41:46
COMM_435E9B39,CONTENT_8B678767,Nice video,2026-07-25 08:41:46
COMM_50E0DA1B,CONTENT_8B678767,this is literally me,2026-07-25 17:41:46
COMM_7E80C1C1,CONTENT_8B678767,I struggle with this daily,2026-07-26 11:41:46
COMM_D44C195D,CONTENT_8B678767,Hello from Brazil,2026-07-26 08:41:46
COMM_3B29930F,CONTENT_7916DBC9,Thanks for sharing,2026-03-23 05:41:46
COMM_026CA56B,CONTENT_7916DBC9,Nice video,2026-03-23 07:41:46
COMM_DD1E5AC5,CONTENT_ACA6934A,I've been through this,2026-08-22 14:41:46
COMM_D63190B4,CONTENT_4AFC5D5C,I feel exactly the same way,2026-06-29 09:41:46
COMM_85DE85EA,CONTENT_4AFC5D5C,Good content,2026-06-28 15:41:46
COMM_F5DB346D,CONTENT_4AFC5D5C,Interesting perspective,2026-06-29 05:41:46
COMM_4F37AFB7,CONTENT_4AFC5D5C,I thought I was the only one,2026-06-29 18:41:46
COMM_17A92A65,CONTENT_19DA1E87,Nice video,2026-08-11 13:41:46
COMM_EBC3A7C7,CONTENT_19DA1E87,same here,2026-08-11 19:41:46
COMM_3207EA34,CONTENT_19DA1E87,This happens to me all the time,2026-08-11 09:41:46
COMM_F5668ADA,CONTENT_19DA1E87,Thanks for sharing,2026-08-12 09:41:46
COMM_59137CE4,CONTENT_19DA1E87,I can relate,2026-08-11 03:41:46
COMM_87A1914F,CONTENT_0A17DCAF,same here,2026-06-12 19:41:46
COMM_614E2977,CONTENT_0E4E13F9,I've been through this,2026-05-19 18:41:46
COMM_005FECFB,CONTENT_B268DCAA,Good content,2026-04-26 15:41:46
COMM_339E4175,CONTENT_002B0CCA,Hello from Brazil,2026-05-07 18:41:46
COMM_ECEC3F7C,CONTENT_002B0CCA,this is literally me,2026-05-07 01:41:46
COMM_189CE4A5,CONTENT_002B0CCA,Good content,2026-05-07 08:41:46
COMM_C82A9476,CONTENT_002B0CCA,Good content,2026-05-06 06:41:46
COMM_34814599,CONTENT_4883BCB0,I thought I was the only one,2026-06-21 12:41:46
COMM_810DBFD9,CONTENT_4883BCB0,This happens to me all the time,2026-06-22 01:41:46
COMM_68AC0AAA,CONTENT_C79B75F3,Hello from Brazil,2026-07-26 19:41:46
COMM_0C52463B,CONTENT_C79B75F3,I've been through this,2026-07-26 04:41:46
COMM_D5A53B92,CONTENT_C79B75F3,same here,2026-07-26 23:41:46
COMM_E492637F,CONTENT_C79B75F3,I struggle with this daily,2026-07-26 08:41:46
COMM_6C15B430,CONTENT_C79B75F3,I can relate,2026-07-26 03:41:46
COMM_6B185A9D,CONTENT_F3C34361,Interesting perspective,2026-07-03 10:41:46
COMM_1C9C5193,CONTENT_523B4E80,I feel exactly the same way,2026-07-12 09:41:46
COMM_04EA9434,CONTENT_523B4E80,I can relate,2026-07-12 14:41:46
COMM_D5A532FB,CONTENT_E1961E26,Nice video,2026-03-30 15:41:46
COMM_DFCDCEF0,CONTENT_E1961E26,Hello from Brazil,2026-03-30 04:41:46
COMM_9F9C3734,CONTENT_12A9DA0D,I don't really agree but okay,2026-03-11 06:41:46
COMM_E389BFD4,CONTENT_12A9DA0D,Hello from Brazil,2026-03-11 12:41:46
COMM_18196D72,CONTENT_12A9DA0D,Interesting perspective,2026-03-11 12:41:46
COMM_F3F75CCE,CONTENT_12A9DA0D,Good content,2026-03-12 14:41:46
COMM_11C88FE6,CONTENT_12A9DA0D,Interesting perspective,2026-03-12 01:41:46
COMM_E87B11F0,CONTENT_9A2875D0,Hello from Brazil,2026-07-03 11:41:46
COMM_8E2526CC,CONTENT_9A2875D0,I thought I was the only one,2026-07-03 00:41:46
COMM_DA7E9AA4,CONTENT_9A2875D0,I feel exactly the same way,2026-07-02 11:41:46
COMM_A4817E2E,CONTENT_9A2875D0,same here,2026-07-02 11:41:46
COMM_C24B889D,CONTENT_29B6D8A2,I feel exactly the same way,2026-05-06 15:41:46
COMM_16481A27,CONTENT_29B6D8A2,same here,2026-05-05 09:41:46
COMM_32FFAEF0,CONTENT_29B6D8A2,I thought I was the only one,2026-05-05 21:41:46
COMM_19A09CCE,CONTENT_CF047315,I feel exactly the same way,2026-07-02 12:41:46
COMM_9DE4A08F,CONTENT_CF047315,I can relate,2026-07-03 04:41:46
COMM_F59DEB99,CONTENT_CF047315,Thanks for sharing,2026-07-03 00:41:46
COMM_8A3B96C8,CONTENT_82037499,this is literally me,2026-04-10 12:41:46
COMM_3CF9FCA2,CONTENT_82037499,Good content,2026-04-09 05:41:46
COMM_BC4F0DC2,CONTENT_82037499,I thought I was the only one,2026-04-09 22:41:46
COMM_10E66220,CONTENT_82037499,Thanks for sharing,2026-04-10 19:41:46
COMM_FF8133C9,CONTENT_A1CEFB70,Interesting perspective,2026-07-16 21:41:46
COMM_89FB76D2,CONTENT_A1CEFB70,This happens to me all the time,2026-07-16 02:41:46
COMM_A3E9FF5C,CONTENT_92B197BB,Great tips,2026-04-22 19:41:46
COMM_1BCF879C,CONTENT_92B197BB,I struggle with this daily,2026-04-22 02:41:46
COMM_E6F3ECE8,CONTENT_92B197BB,Nice video,2026-04-22 13:41:46
COMM_10E37866,CONTENT_92B197BB,Nice video,2026-04-22 07:41:46
COMM_99BA7819,CONTENT_92B197BB,Hello from Brazil,2026-04-22 13:41:46
COMM_A3A3A927,CONTENT_FBDB4E97,This happens to me all the time,2026-06-19 09:41:46
COMM_9C6AD59F,CONTENT_FBDB4E97,Hello from Brazil,2026-06-19 22:41:46
COMM_455801C0,CONTENT_FBDB4E97,Great tips,2026-06-19 14:41:46
COMM_94CACCA2,CONTENT_FBDB4E97,Good content,2026-06-19 19:41:46
COMM_5BE6B1CD,CONTENT_897BBDC3,Good content,2026-05-02 00:41:46
COMM_49290E73,CONTENT_6617832A,Great tips,2026-06-15 20:41:46
COMM_7817DC91,CONTENT_6617832A,Good content,2026-06-14 00:41:46
COMM_F1EC46A4,CONTENT_6617832A,Interesting perspective,2026-06-14 20:41:46
COMM_A1A3058B,CONTENT_6617832A,Thanks for sharing,2026-06-15 09:41:46
COMM_236C0660,CONTENT_568968A8,Great tips,2026-06-23 08:41:46
COMM_452F8130,CONTENT_568968A8,Good content,2026-06-23 07:41:46
COMM_67DEBF6B,CONTENT_568968A8,I don't really agree but okay,2026-06-22 19:41:46
COMM_8E5FA9C2,CONTENT_BC231E11,I don't really agree but okay,2026-05-16 15:41:46
COMM_F9602A41,CONTENT_BC231E11,This happens to me all the time,2026-05-16 00:41:46
COMM_ECB8CCBF,CONTENT_BC231E11,Hello from Brazil,2026-05-16 13:41:46
COMM_36A864E6,CONTENT_BC231E11,Great tips,2026-05-16 07:41:46
COMM_370D7B1D,CONTENT_478E5C0F,same here,2026-08-25 15:41:46
COMM_5B9AD87B,CONTENT_478E5C0F,I feel exactly the same way,2026-08-24 09:41:46
COMM_ECCEFA12,CONTENT_478E5C0F,I can relate,2026-08-25 02:41:46
COMM_36E3756E,CONTENT_3496311A,Hello from Brazil,2026-06-06 20:41:46
COMM_63BAEE6C,CONTENT_3496311A,Hello from Brazil,2026-06-06 14:41:46
COMM_48645DF4,CONTENT_3496311A,I don't really agree but okay,2026-06-07 00:41:46
COMM_F1ED041A,CONTENT_F0AA7423,Hello from Brazil,2026-07-01 03:41:46
COMM_E9199198,CONTENT_F0AA7423,Good content,2026-07-02 00:41:46
COMM_16A1EEA7,CONTENT_F0AA7423,Great tips,2026-07-01 01:41:46
COMM_4AC7E692,CONTENT_0EEBF945,This happens to me all the time,2026-08-20 14:41:46
COMM_03166BF2,CONTENT_0EEBF945,I struggle with this daily,2026-08-19 20:41:46
COMM_5540A611,CONTENT_0EEBF945,I can relate,2026-08-20 08:41:46
COMM_4527773D,CONTENT_0EEBF945,Good content,2026-08-20 19:41:46
COMM_00C7B130,CONTENT_25B655BB,I feel exactly the same way,2026-06-03 01:41:46
COMM_B19C5A02,CONTENT_208E20F4,I don't really agree but okay,2026-08-06 07:41:46
COMM_64AF9488,CONTENT_D5777CC0,I've been through this,2026-06-26 08:41:46
COMM_CC86BC05,CONTENT_D5777CC0,Hello from Brazil,2026-06-26 05:41:46
COMM_24DCDAD3,CONTENT_D5777CC0,I thought I was the only one,2026-06-26 03:41:46
COMM_4851ACB2,CONTENT_D5777CC0,this is literally me,2026-06-25 16:41:46
COMM_417A86E1,CONTENT_52032EA9,Interesting perspective,2026-06-25 04:41:46
COMM_7B8B84D8,CONTENT_52032EA9,Hello from Brazil,2026-06-25 06:41:46
COMM_826A4193,CONTENT_52032EA9,I feel exactly the same way,2026-06-25 08:41:46
COMM_6B3E1E2C,CONTENT_52032EA9,Good content,2026-06-25 08:41:46
COMM_9572DDD0,CONTENT_AE69BC45,Great tips,2026-04-28 20:41:46
COMM_9BDA8FF4,CONTENT_AE69BC45,I thought I was the only one,2026-04-27 09:41:46
COMM_5B080B14,CONTENT_AE69BC45,this is literally me,2026-04-28 15:41:46
COMM_47F86507,CONTENT_85E7E889,I don't really agree but okay,2026-03-13 21:41:46
COMM_4901A140,CONTENT_85E7E889,Good content,2026-03-13 12:41:46
COMM_262C48F7,CONTENT_85E7E889,Thanks for sharing,2026-03-13 17:41:46
COMM_89741563,CONTENT_85E7E889,I've been through this,2026-03-12 16:41:46
COMM_D7C023CA,CONTENT_78C5E599,I thought I was the only one,2026-08-22 00:41:46
COMM_4448747C,CONTENT_3F324C98,Great tips,2026-06-13 10:41:46
COMM_D51A2CC2,CONTENT_3F324C98,I've been through this,2026-06-12 11:41:46
COMM_3729D809,CONTENT_3F324C98,same here,2026-06-13 08:41:46
COMM_5561A8C6,CONTENT_1E8AEC20,Hello from Brazil,2026-03-25 06:41:46
COMM_718BF484,CONTENT_1E8AEC20,same here,2026-03-25 21:41:46
COMM_9B892CE7,CONTENT_1E8AEC20,I thought I was the only one,2026-03-26 00:41:46
COMM_BF53270A,CONTENT_1E8AEC20,I've been through this,2026-03-26 09:41:46
COMM_175FD4A4,CONTENT_1E8AEC20,Great tips,2026-03-26 22:41:46
COMM_BEE92025,CONTENT_DFE9D82A,Hello from Brazil,2026-04-07 21:41:46
COMM_4DC5E4E5,CONTENT_DFE9D82A,Nice video,2026-04-07 15:41:46
COMM_54648AF7,CONTENT_DFE9D82A,Hello from Brazil,2026-04-06 09:41:46
COMM_46E885DA,CONTENT_5A2B5D05,Hello from Brazil,2026-04-03 11:41:46
COMM_D567BA0A,CONTENT_5A2B5D05,Nice video,2026-04-03 23:41:46
COMM_810D2B82,CONTENT_5A2B5D05,Thanks for sharing,2026-04-03 04:41:46
COMM_F3C7D5EA,CONTENT_5A2B5D05,Good content,2026-04-04 08:41:46
COMM_6B20855C,CONTENT_5A2B5D05,Interesting perspective,2026-04-04 05:41:46
COMM_852EFD12,CONTENT_3E120137,Good content,2026-08-24 19:41:46
COMM_168C75E6,CONTENT_B3A3CD8F,Thanks for sharing,2026-05-16 08:41:46
COMM_1D651412,CONTENT_B3A3CD8F,same here,2026-05-15 16:41:46
COMM_0D0E3071,CONTENT_B3A3CD8F,Interesting perspective,2026-05-15 04:41:46
COMM_366FCD9D,CONTENT_B3A3CD8F,I don't really agree but okay,2026-05-16 02:41:46
COMM_0AF0B3DF,CONTENT_0796796F,this is literally me,2026-04-08 15:41:46
COMM_BFFCCB36,CONTENT_0796796F,this is literally me,2026-04-09 22:41:46
COMM_27F86D94,CONTENT_0796796F,Interesting perspective,2026-04-08 17:41:46
COMM_D285F83A,CONTENT_0796796F,Hello from Brazil,2026-04-08 01:41:46
COMM_1A56304D,CONTENT_6F0FDC82,Thanks for sharing,2026-07-19 11:41:46
COMM_201B162C,CONTENT_6F0FDC82,Nice video,2026-07-19 23:41:46
COMM_60AF3F89,CONTENT_69BE2BBC,this is literally me,2026-06-13 21:41:46
COMM_6F0B876E,CONTENT_8BC2D1FC,Hello from Brazil,2026-08-11 13:41:46
COMM_A6B3E96A,CONTENT_8BC2D1FC,Hello from Brazil,2026-08-11 21:41:46
COMM_440EAA4C,CONTENT_92497B4D,I've been through this,2026-07-26 01:41:46
COMM_4FBF511D,CONTENT_92497B4D,Good content,2026-07-25 11:41:46
COMM_424E37AC,CONTENT_92497B4D,I feel exactly the same way,2026-07-26 07:41:46
COMM_82B81A77,CONTENT_92497B4D,I've been through this,2026-07-26 17:41:46
COMM_23C9708C,CONTENT_9408E14E,I thought I was the only one,2026-06-06 01:41:46
COMM_8828D195,CONTENT_9408E14E,This happens to me all the time,2026-06-06 05:41:46
COMM_EEA03484,CONTENT_9408E14E,Hello from Brazil,2026-06-06 09:41:46
COMM_E75AC0FA,CONTENT_9408E14E,I feel exactly the same way,2026-06-07 10:41:46
COMM_91186A65,CONTENT_9408E14E,This happens to me all the time,2026-06-07 06:41:46
COMM_E17EF28E,CONTENT_576BAAEE,Great tips,2026-05-29 15:41:46
COMM_EB3FB8C4,CONTENT_55D4EA16,Interesting perspective,2026-05-08 10:41:46
COMM_E13321C8,CONTENT_55D4EA16,Hello from Brazil,2026-05-08 08:41:46
COMM_DAB268EC,CONTENT_55D4EA16,Thanks for sharing,2026-05-09 03:41:46
COMM_0C2BE0F2,CONTENT_55D4EA16,I don't really agree but okay,2026-05-09 08:41:46
COMM_A2C19F8C,CONTENT_5181063C,I thought I was the only one,2026-06-19 17:41:46
COMM_C8FA88A1,CONTENT_5181063C,I thought I was the only one,2026-06-19 20:41:46
COMM_DA738B31,CONTENT_D1FED52C,I've been through this,2026-04-11 12:41:46
COMM_95F325CA,CONTENT_D1FED52C,Hello from Brazil,2026-04-11 20:41:46
COMM_FB64D860,CONTENT_D1FED52C,I've been through this,2026-04-11 21:41:46
COMM_DEBC5479,CONTENT_1D9F1E72,I don't really agree but okay,2026-05-21 20:41:46
COMM_BC0E0E73,CONTENT_1D9F1E72,I can relate,2026-05-21 08:41:46
COMM_421AD1B8,CONTENT_1D9F1E72,Thanks for sharing,2026-05-22 07:41:46
COMM_295BFF0E,CONTENT_1D9F1E72,I don't really agree but okay,2026-05-22 16:41:46
COMM_891E4C24,CONTENT_1D9F1E72,Nice video,2026-05-22 10:41:46
COMM_F103C835,CONTENT_420BF13B,I thought I was the only one,2026-03-26 22:41:46
COMM_E2A1C3DA,CONTENT_420BF13B,Nice video,2026-03-26 09:41:46
COMM_F16ACE6C,CONTENT_420BF13B,I thought I was the only one,2026-03-27 09:41:46
COMM_A2781A9E,CONTENT_411CDD80,I thought I was the only one,2026-05-14 00:41:46
COMM_C41ACB7E,CONTENT_411CDD80,I don't really agree but okay,2026-05-14 19:41:46
COMM_38743C58,CONTENT_411CDD80,Good content,2026-05-14 02:41:46
COMM_95067935,CONTENT_1E6DCD64,I've been through this,2026-08-19 13:41:46
COMM_10A64217,CONTENT_F7B74A33,I don't really agree but okay,2026-04-13 21:41:46
COMM_B5031DB5,CONTENT_F7B74A33,Nice video,2026-04-12 12:41:46
COMM_35D02B63,CONTENT_F7B74A33,Great tips,2026-04-12 17:41:46
COMM_9C742BE9,CONTENT_F7B74A33,Nice video,2026-04-13 11:41:46
COMM_CA7530AB,CONTENT_B2E611B4,Interesting perspective,2026-05-29 08:41:46
COMM_A6C201BB,CONTENT_B2E611B4,I don't really agree but okay,2026-05-29 01:41:46
COMM_5F0E895E,CONTENT_0AB7866E,Good content,2026-03-28 22:41:46
COMM_CD4C96C0,CONTENT_0AB7866E,I feel exactly the same way,2026-03-28 11:41:46
COMM_A2D3F433,CONTENT_0AB7866E,I don't really agree but okay,2026-03-28 00:41:46
COMM_4BCE2293,CONTENT_3339D8D0,I thought I was the only one,2026-03-26 20:41:46
COMM_CAC3D831,CONTENT_AC16A871,Thanks for sharing,2026-03-23 14:41:46
COMM_35A175D0,CONTENT_AC16A871,I don't really agree but okay,2026-03-24 10:41:46
COMM_57EC3E3B,CONTENT_7746C8F0,I don't really agree but okay,2026-08-22 08:41:46
COMM_37D97100,CONTENT_7746C8F0,exactly my situation,2026-08-23 15:41:46
COMM_6A648E41,CONTENT_7746C8F0,Great tips,2026-08-22 23:41:46
COMM_EA81B859,CONTENT_7746C8F0,Good content,2026-08-23 00:41:46
COMM_AE01085E,CONTENT_7746C8F0,Thanks for sharing,2026-08-23 13:41:46
COMM_9BBCC517,CONTENT_7BA9B690,I struggle with this daily,2026-08-06 19:41:46
COMM_27CC0B5C,CONTENT_B0617926,exactly my situation,2026-08-31 15:41:46
COMM_1E3FD194,CONTENT_4D0F9CB9,Great tips,2026-05-23 09:41:46
COMM_860CDDAB,CONTENT_4D0F9CB9,I've been through this,2026-05-23 00:41:46
COMM_5F9AE48F,CONTENT_4D0F9CB9,Good content,2026-05-23 22:41:46
COMM_F506FD57,CONTENT_C9A436FC,same here,2026-06-13 04:41:46
COMM_AEA74888,CONTENT_C9A436FC,I can relate,2026-06-13 08:41:46
COMM_538037E8,CONTENT_EE919D6A,I can relate,2026-06-15 09:41:46
COMM_5F025E31,CONTENT_EE919D6A,same here,2026-06-15 10:41:46
COMM_56BB6E0C,CONTENT_8523C30D,I feel exactly the same way,2026-07-22 05:41:46
COMM_08750F77,CONTENT_8523C30D,same here,2026-07-21 16:41:46
COMM_63B640D6,CONTENT_8523C30D,Thanks for sharing,2026-07-22 19:41:46
COMM_7F3213EE,CONTENT_03A2C4E1,This happens to me all the time,2026-07-10 18:41:46
COMM_A0C1D2A9,CONTENT_45AD37EE,Thanks for sharing,2026-07-03 18:41:46
COMM_C7CFDA86,CONTENT_45AD37EE,Good content,2026-07-04 01:41:46
COMM_5595FF81,CONTENT_84CC0044,same here,2026-09-07 15:41:46
COMM_27FCC69B,CONTENT_84CC0044,This happens to me all the time,2026-09-06 19:41:46
COMM_D8CB1AB6,CONTENT_84CC0044,same here,2026-09-06 03:41:46
COMM_470B0A02,CONTENT_CC0F70E0,Nice video,2026-04-06 23:41:46
COMM_9E71C840,CONTENT_CC0F70E0,Interesting perspective,2026-04-06 18:41:46
COMM_0ABF1264,CONTENT_CC0F70E0,I can relate,2026-04-07 18:41:46
COMM_006F633F,CONTENT_CC0F70E0,I don't really agree but okay,2026-04-06 19:41:46
COMM_E904226C,CONTENT_CC0F70E0,this is literally me,2026-04-06 20:41:46
COMM_257A04BA,CONTENT_635026D5,I feel exactly the same way,2026-03-18 15:41:46
COMM_657EFB99,CONTENT_635026D5,Good content,2026-03-18 13:41:46
COMM_2F415076,CONTENT_37336A06,Good content,2026-08-01 09:41:46
COMM_E8FAE332,CONTENT_37336A06,same here,2026-08-02 10:41:46
COMM_ABA1601E,CONTENT_37336A06,Hello from Brazil,2026-08-01 11:41:46
COMM_3997AEB6,CONTENT_EAD0F2B0,this is literally me,2026-06-13 02:41:46
COMM_CED2B34F,CONTENT_EAD0F2B0,I can relate,2026-06-12 21:41:46
COMM_6AE2E02A,CONTENT_EAD0F2B0,I struggle with this daily,2026-06-12 13:41:46
COMM_0BB5C996,CONTENT_EAD0F2B0,I feel exactly the same way,2026-06-12 03:41:46
COMM_FB4C79FD,CONTENT_EAD0F2B0,I thought I was the only one,2026-06-13 02:41:46
COMM_BFB8BCE3,CONTENT_AD604DCE,Great tips,2026-06-24 06:41:46
COMM_F3C0788A,CONTENT_AD604DCE,Hello from Brazil,2026-06-24 06:41:46
COMM_3253C833,CONTENT_AD604DCE,Thanks for sharing,2026-06-24 08:41:46
COMM_F8B09328,CONTENT_AD604DCE,Good content,2026-06-23 20:41:46
COMM_190C075C,CONTENT_AD604DCE,I've been through this,2026-06-24 19:41:46
COMM_3CA33AD6,CONTENT_2C360E7C,I can relate,2026-09-07 08:41:46
COMM_65DCEEFD,CONTENT_2C360E7C,Good content,2026-09-06 23:41:46
COMM_8C7C2AFA,CONTENT_2C360E7C,Nice video,2026-09-07 04:41:46
COMM_27827F85,CONTENT_2C360E7C,Thanks for sharing,2026-09-07 22:41:46
COMM_288A6C54,CONTENT_2C360E7C,I struggle with this daily,2026-09-06 17:41:46
COMM_5A9F5DDC,CONTENT_83DC38F0,Interesting perspective,2026-07-06 15:41:46
COMM_343C151E,CONTENT_83DC38F0,I don't really agree but okay,2026-07-06 01:41:46
COMM_2A55C34A,CONTENT_83DC38F0,This happens to me all the time,2026-07-05 18:41:46
COMM_3884F237,CONTENT_83DC38F0,Hello from Brazil,2026-07-05 17:41:46
COMM_A80B3601,CONTENT_4517F475,Hello from Brazil,2026-06-25 14:41:46
COMM_02984D73,CONTENT_4517F475,this is literally me,2026-06-25 16:41:46
COMM_0E52125E,CONTENT_0D56CFCF,Great tips,2026-05-05 22:41:46
COMM_A990E986,CONTENT_0D56CFCF,Interesting perspective,2026-05-06 11:41:46
COMM_F7B20262,CONTENT_0D56CFCF,Great tips,2026-05-05 19:41:46
COMM_A5EC95D9,CONTENT_0D56CFCF,Great tips,2026-05-06 15:41:46
COMM_9E87C6F5,CONTENT_0D56CFCF,Thanks for sharing,2026-05-06 22:41:46
COMM_2B8777CF,CONTENT_E5C529C0,I don't really agree but okay,2026-04-06 16:41:46
COMM_8D24B358,CONTENT_2BE02A99,I can relate,2026-05-04 15:41:46
COMM_97225C57,CONTENT_2BE02A99,Thanks for sharing,2026-05-03 01:41:46
COMM_80D6940B,CONTENT_1B0BE2C2,same here,2026-06-01 20:41:46
COMM_13238A61,CONTENT_1B0BE2C2,this is literally me,2026-05-31 15:41:46
COMM_4582FE04,CONTENT_1B0BE2C2,I feel exactly the same way,2026-06-01 05:41:46
COMM_2D178FE6,CONTENT_1B0BE2C2,I struggle with this daily,2026-05-31 22:41:46
COMM_5F564247,CONTENT_D3FF4110,Nice video,2026-07-10 02:41:46
COMM_9C25F36E,CONTENT_D3FF4110,Interesting perspective,2026-07-11 13:41:46
COMM_286A5BE3,CONTENT_D3FF4110,Good content,2026-07-11 20:41:46
COMM_CB1569E0,CONTENT_D3FF4110,Good content,2026-07-10 13:41:46
COMM_5CDCB6C3,CONTENT_D3FF4110,Nice video,2026-07-11 14:41:46
COMM_AC0EAAF7,CONTENT_3FC7F821,Good content,2026-06-12 03:41:46
COMM_A5A95BFA,CONTENT_3FC7F821,Interesting perspective,2026-06-13 15:41:46
COMM_671783EF,CONTENT_3FC7F821,same here,2026-06-12 05:41:46
COMM_19A1892F,CONTENT_3FC7F821,this is literally me,2026-06-12 05:41:46
COMM_2DF0422F,CONTENT_14A7A750,I don't really agree but okay,2026-06-21 21:41:46
COMM_90BD5778,CONTENT_14A7A750,I feel exactly the same way,2026-06-20 17:41:46
COMM_A828F2F9,CONTENT_393F5431,I feel exactly the same way,2026-07-19 14:41:46
COMM_B76D6BAA,CONTENT_393F5431,Good content,2026-07-19 00:41:46
COMM_45DC2782,CONTENT_393F5431,I struggle with this daily,2026-07-20 12:41:46
COMM_3D51E5B0,CONTENT_393F5431,I don't really agree but okay,2026-07-20 08:41:46
COMM_ED56CDD9,CONTENT_0451617D,Thanks for sharing,2026-08-30 21:41:46
COMM_E8423E96,CONTENT_C5CE1AF8,Good content,2026-06-14 19:41:46
COMM_AB9CEE38,CONTENT_C5CE1AF8,Great tips,2026-06-14 11:41:46
COMM_50326A2A,CONTENT_C5CE1AF8,I thought I was the only one,2026-06-14 13:41:46
COMM_9E4E5FDA,CONTENT_C5CE1AF8,Nice video,2026-06-14 16:41:46
COMM_6B4C8B0E,CONTENT_C5CE1AF8,Nice video,2026-06-14 04:41:46
COMM_9D8E54F8,CONTENT_867A7FB6,I feel exactly the same way,2026-08-20 11:41:46
COMM_F411377A,CONTENT_867A7FB6,Great tips,2026-08-21 11:41:46
COMM_7FDFE121,CONTENT_867A7FB6,I can relate,2026-08-21 16:41:46
COMM_6675F7B5,CONTENT_867A7FB6,exactly my situation,2026-08-20 05:41:46
COMM_795C4756,CONTENT_1042AF40,I feel exactly the same way,2026-08-25 03:41:46
COMM_8AF67984,CONTENT_1042AF40,I feel exactly the same way,2026-08-24 20:41:46
COMM_DDAFA28A,CONTENT_1042AF40,Thanks for sharing,2026-08-24 12:41:46
COMM_ED9C5E91,CONTENT_1042AF40,this is literally me,2026-08-25 03:41:46
COMM_4863A960,CONTENT_8A512F8B,Hello from Brazil,2026-09-06 11:41:46
COMM_DEF34EBD,CONTENT_8A512F8B,I thought I was the only one,2026-09-05 03:41:46
COMM_D59E0E7D,CONTENT_8A512F8B,Good content,2026-09-06 07:41:46
COMM_60DCBCFE,CONTENT_8A512F8B,Interesting perspective,2026-09-05 12:41:46
COMM_D711BEE3,CONTENT_8A512F8B,I can relate,2026-09-06 04:41:46
COMM_0913F098,CONTENT_75B73683,Good content,2026-04-13 01:41:46
COMM_F6792C01,CONTENT_05475A7F,Great tips,2026-07-01 07:41:46
COMM_1A9E7460,CONTENT_EFAB7A07,Hello from Brazil,2026-05-17 08:41:46
COMM_16E58273,CONTENT_EFAB7A07,this is literally me,2026-05-17 10:41:46
COMM_35F291D0,CONTENT_EFAB7A07,I struggle with this daily,2026-05-17 21:41:46
COMM_D64D11A9,CONTENT_EFAB7A07,Interesting perspective,2026-05-18 07:41:46
COMM_65869C80,CONTENT_717B0F72,Great tips,2026-05-14 06:41:46
COMM_B3D85CEF,CONTENT_4A1B327B,Nice video,2026-08-04 06:41:46
COMM_685F81E5,CONTENT_4A1B327B,Hello from Brazil,2026-08-04 20:41:46
COMM_16C0281C,CONTENT_4A1B327B,Interesting perspective,2026-08-04 09:41:46
COMM_0159B782,CONTENT_4A1B327B,I can relate,2026-08-03 01:41:46
COMM_54422EE5,CONTENT_4A1B327B,this is literally me,2026-08-03 04:41:46
COMM_A50736FF,CONTENT_83F101CE,Thanks for sharing,2026-04-02 08:41:46
COMM_A7778025,CONTENT_83F101CE,Thanks for sharing,2026-04-03 21:41:46
COMM_8C5F3030,CONTENT_83F101CE,Great tips,2026-04-02 09:41:46
COMM_B16A7519,CONTENT_05EF933C,Good content,2026-08-31 21:41:46
COMM_C9F1FBBF,CONTENT_05EF933C,Hello from Brazil,2026-08-31 08:41:46
COMM_FC4923FB,CONTENT_05EF933C,Good content,2026-08-31 10:41:46
COMM_BBB9F800,CONTENT_05EF933C,Hello from Brazil,2026-08-31 18:41:46
COMM_FAC72964,CONTENT_1031C585,Good content,2026-06-02 20:41:46
COMM_3BD7DFFB,CONTENT_1031C585,I don't really agree but okay,2026-06-03 15:41:46
COMM_09AA33AB,CONTENT_1031C585,I've been through this,2026-06-02 06:41:46
COMM_030590B6,CONTENT_1031C585,I feel exactly the same way,2026-06-02 23:41:46
COMM_2394BAB9,CONTENT_507CAD5C,I struggle with this daily,2026-04-10 02:41:46
COMM_BE0F47A4,CONTENT_507CAD5C,I thought I was the only one,2026-04-10 00:41:46
COMM_0E6318C5,CONTENT_507CAD5C,I struggle with this daily,2026-04-09 04:41:46
COMM_014CD90F,CONTENT_8C4F41B7,I don't really agree but okay,2026-04-16 16:41:46
COMM_0E9C20AA,CONTENT_8C4F41B7,Great tips,2026-04-16 07:41:46
COMM_E8CB39DA,CONTENT_8C4F41B7,Interesting perspective,2026-04-17 08:41:46
COMM_BA5BFE73,CONTENT_8C4F41B7,exactly my situation,2026-04-16 20:41:46
COMM_196CB238,CONTENT_056F34B0,Good content,2026-03-27 13:41:46
COMM_E2C598A5,CONTENT_056F34B0,Hello from Brazil,2026-03-27 19:41:46
COMM_1E5AE39B,CONTENT_056F34B0,Good content,2026-03-26 23:41:46
COMM_D43B1BAD,CONTENT_056F34B0,Hello from Brazil,2026-03-27 07:41:46
COMM_06D8474D,CONTENT_86B2A4A2,same here,2026-05-25 11:41:46
COMM_75C10794,CONTENT_86B2A4A2,Hello from Brazil,2026-05-25 16:41:46
COMM_2D5B00EC,CONTENT_86B2A4A2,I don't really agree but okay,2026-05-25 10:41:46
COMM_30E0027B,CONTENT_86B2A4A2,I don't really agree but okay,2026-05-25 01:41:46
COMM_2FD6AB59,CONTENT_08E87EFA,I can relate,2026-03-20 23:41:46
COMM_00DC7E9D,CONTENT_08E87EFA,Nice video,2026-03-21 18:41:46
COMM_E037B6E2,CONTENT_08E87EFA,Nice video,2026-03-20 13:41:46
COMM_7700FBEF,CONTENT_7ED1314F,Interesting perspective,2026-06-02 21:41:46
COMM_8CB94A34,CONTENT_7ED1314F,Thanks for sharing,2026-06-03 15:41:46
COMM_1B686A50,CONTENT_7ED1314F,Good content,2026-06-03 14:41:46
COMM_3C8408B9,CONTENT_7ED1314F,Hello from Brazil,2026-06-02 02:41:46
COMM_9ABA8158,CONTENT_7ED1314F,Thanks for sharing,2026-06-02 12:41:46
COMM_45897F7D,CONTENT_95B6A658,I feel exactly the same way,2026-05-06 15:41:46
COMM_8C45D876,CONTENT_95B6A658,Interesting perspective,2026-05-05 16:41:46
COMM_BB0181D2,CONTENT_95B6A658,exactly my situation,2026-05-05 12:41:46
COMM_AD26B864,CONTENT_95B6A658,exactly my situation,2026-05-06 06:41:46
COMM_CF36FE43,CONTENT_95B6A658,Nice video,2026-05-05 06:41:46
COMM_7AE7D0F8,CONTENT_18E8A7B8,I've been through this,2026-07-03 19:41:46
COMM_F736AF92,CONTENT_4B03DF86,Interesting perspective,2026-08-09 01:41:46
COMM_E0009DF7,CONTENT_4C7E0AC8,Thanks for sharing,2026-04-24 12:41:46
COMM_D8CC85AF,CONTENT_4C7E0AC8,same here,2026-04-24 13:41:46
COMM_CD962139,CONTENT_6873AEA8,Good content,2026-08-31 01:41:46
COMM_B8F69ECF,CONTENT_6873AEA8,Interesting perspective,2026-08-31 20:41:46
COMM_6BAC0A27,CONTENT_6873AEA8,I don't really agree but okay,2026-08-30 17:41:46
COMM_85C7C75A,CONTENT_E9B9748D,This happens to me all the time,2026-03-30 15:41:46
COMM_AE026284,CONTENT_2A1951AF,I feel exactly the same way,2026-04-26 06:41:46
COMM_0C3F3274,CONTENT_2A1951AF,Great tips,2026-04-26 09:41:46
COMM_0E24C5BF,CONTENT_2A1951AF,this is literally me,2026-04-26 03:41:46
COMM_84FEEC70,CONTENT_2A1951AF,Nice video,2026-04-26 19:41:46
COMM_83B7B535,CONTENT_1A625CEA,Interesting perspective,2026-08-21 07:41:46
COMM_81DC47FA,CONTENT_1A625CEA,I struggle with this daily,2026-08-20 19:41:46
COMM_B80B0EC2,CONTENT_1A625CEA,I don't really agree but okay,2026-08-20 01:41:46
COMM_35D73ED4,CONTENT_56C6319C,exactly my situation,2026-03-24 03:41:46
COMM_834C9333,CONTENT_56C6319C,Nice video,2026-03-24 00:41:46
COMM_7F8C97C1,CONTENT_56C6319C,I've been through this,2026-03-24 11:41:46
COMM_0CBD94D3,CONTENT_56C6319C,Hello from Brazil,2026-03-24 16:41:46
COMM_2D29FF1E,CONTENT_520D3409,I can relate,2026-08-06 07:41:46
COMM_7C98675E,CONTENT_520D3409,I don't really agree but okay,2026-08-06 06:41:46
COMM_42D25026,CONTENT_59CAD1EA,Great tips,2026-03-28 03:41:46
COMM_515E3FBD,CONTENT_59CAD1EA,Good content,2026-03-28 09:41:46
COMM_F6649890,CONTENT_59CAD1EA,same here,2026-03-28 22:41:46
COMM_B3837794,CONTENT_77145530,Interesting perspective,2026-07-30 17:41:46
COMM_A36837BB,CONTENT_C1702DD6,I don't really agree but okay,2026-04-13 00:41:46
COMM_D9E88C99,CONTENT_C1702DD6,This happens to me all the time,2026-04-13 16:41:46
COMM_23DE366A,CONTENT_C1702DD6,I can relate,2026-04-12 22:41:46
COMM_BD50E78A,CONTENT_5FBACDEE,I struggle with this daily,2026-05-25 09:41:46
COMM_9F2C4C98,CONTENT_5FBACDEE,Interesting perspective,2026-05-24 03:41:46
COMM_458831E4,CONTENT_5FBACDEE,I feel exactly the same way,2026-05-24 05:41:46
COMM_540EAF8B,CONTENT_5FBACDEE,Thanks for sharing,2026-05-24 22:41:46
COMM_B2DC6971,CONTENT_5FBACDEE,I can relate,2026-05-24 09:41:46
COMM_D6C69223,CONTENT_3A7946E7,same here,2026-07-04 03:41:46
COMM_40F8724C,CONTENT_3A7946E7,Thanks for sharing,2026-07-03 20:41:46
COMM_6089F05E,CONTENT_363BC61B,Nice video,2026-05-25 00:41:46
COMM_2F86FF95,CONTENT_363BC61B,exactly my situation,2026-05-24 17:41:46
COMM_42CFC195,CONTENT_6EA2EB74,I've been through this,2026-08-19 03:41:46
COMM_1717821B,CONTENT_6EA2EB74,same here,2026-08-20 13:41:46
COMM_74DCD286,CONTENT_6EA2EB74,I've been through this,2026-08-19 16:41:46
COMM_1896BA94,CONTENT_D7156BC7,I can relate,2026-08-28 20:41:46
COMM_C0084E00,CONTENT_D7156BC7,I feel exactly the same way,2026-08-29 04:41:46
COMM_2AF20654,CONTENT_D7156BC7,Good content,2026-08-29 20:41:46
COMM_1F3536FA,CONTENT_D7156BC7,same here,2026-08-29 20:41:46
COMM_98BCDE89,CONTENT_1C1C1908,I don't really agree but okay,2026-08-12 09:41:46
COMM_10954C1D,CONTENT_1C1C1908,Great tips,2026-08-13 15:41:46
COMM_CAF31F5F,CONTENT_7A7D74E1,I don't really agree but okay,2026-05-30 06:41:46
COMM_B85D00A8,CONTENT_7A7D74E1,this is literally me,2026-05-31 14:41:46
COMM_8E958F85,CONTENT_7A7D74E1,This happens to me all the time,2026-05-30 19:41:46
COMM_230A58FF,CONTENT_7A7D74E1,I feel exactly the same way,2026-05-30 12:41:46
COMM_0FA46CCF,CONTENT_4F12409E,Nice video,2026-03-21 22:41:46
COMM_FA31454D,CONTENT_4F12409E,Thanks for sharing,2026-03-20 03:41:46
COMM_CCD21520,CONTENT_4F12409E,Thanks for sharing,2026-03-21 17:41:46
COMM_1A756BD3,CONTENT_4F12409E,Hello from Brazil,2026-03-20 07:41:46
COMM_BE72D2DA,CONTENT_910CE2C0,Hello from Brazil,2026-08-30 08:41:46
COMM_559C0F9D,CONTENT_910CE2C0,Hello from Brazil,2026-08-30 11:41:46
COMM_A6B4BE2F,CONTENT_910CE2C0,Nice video,2026-08-30 00:41:46
COMM_C60CE84E,CONTENT_910CE2C0,Thanks for sharing,2026-08-30 22:41:46
COMM_A44A2073,CONTENT_3BF6A757,Thanks for sharing,2026-06-14 13:41:46
COMM_4EC377E9,CONTENT_3BF6A757,Great tips,2026-06-14 21:41:46
COMM_425E60A7,CONTENT_3BF6A757,I don't really agree but okay,2026-06-15 10:41:46
COMM_5FD216CF,CONTENT_3BF6A757,This happens to me all the time,2026-06-14 11:41:46
COMM_52ED3B63,CONTENT_3BF6A757,I can relate,2026-06-14 13:41:46
COMM_9307065F,CONTENT_BF48B4CA,Hello from Brazil,2026-08-07 08:41:46
COMM_F87EEC95,CONTENT_BF48B4CA,Interesting perspective,2026-08-07 09:41:46
COMM_46BC6F33,CONTENT_0F12C331,same here,2026-04-15 05:41:46
COMM_30C26D30,CONTENT_0F12C331,Good content,2026-04-15 14:41:46
COMM_79DA20F1,CONTENT_0F12C331,Thanks for sharing,2026-04-15 09:41:46
COMM_6AED120E,CONTENT_0F12C331,same here,2026-04-15 02:41:46
COMM_9471B735,CONTENT_62BF745A,I feel exactly the same way,2026-09-06 09:41:46
COMM_F1A042CC,CONTENT_5D2950FE,Interesting perspective,2026-07-08 12:41:46
COMM_6EA82AED,CONTENT_BA9E021E,Good content,2026-03-16 19:41:46
COMM_588CDFDB,CONTENT_BA9E021E,Thanks for sharing,2026-03-17 14:41:46
COMM_FA615FB3,CONTENT_BA9E021E,this is literally me,2026-03-17 15:41:46
COMM_B26F0DEF,CONTENT_CAE93F3F,Nice video,2026-07-27 23:41:46
COMM_D3CE82BE,CONTENT_CAE93F3F,Interesting perspective,2026-07-28 20:41:46
COMM_59A93ED7,CONTENT_C286344D,Nice video,2026-06-06 02:41:46
COMM_E4E702FF,CONTENT_C286344D,I don't really agree but okay,2026-06-06 12:41:46
COMM_F606939B,CONTENT_C286344D,Good content,2026-06-07 18:41:46
COMM_BD43EFA9,CONTENT_C286344D,I don't really agree but okay,2026-06-06 20:41:46
COMM_8A3B37CF,CONTENT_C9DAF8C0,This happens to me all the time,2026-08-16 15:41:46
COMM_5099E0DE,CONTENT_C9DAF8C0,this is literally me,2026-08-16 12:41:46
COMM_EB57434A,CONTENT_C9DAF8C0,Interesting perspective,2026-08-15 14:41:46
COMM_529B5015,CONTENT_C9DAF8C0,this is literally me,2026-08-15 02:41:46
COMM_34FDF53F,CONTENT_C3B8823B,This happens to me all the time,2026-03-16 10:41:46
COMM_4EDDDE9A,CONTENT_C3B8823B,I don't really agree but okay,2026-03-15 20:41:46
COMM_73757F0A,CONTENT_C3B8823B,Great tips,2026-03-15 13:41:46
COMM_80D3E7FA,CONTENT_C3B8823B,Nice video,2026-03-16 22:41:46
COMM_70445670,CONTENT_7277FB9B,I don't really agree but okay,2026-08-06 06:41:46
COMM_0F4443E2,CONTENT_7277FB9B,Nice video,2026-08-06 11:41:46
COMM_C4976343,CONTENT_7277FB9B,Thanks for sharing,2026-08-07 09:41:46
COMM_21F53D03,CONTENT_7277FB9B,Good content,2026-08-07 04:41:46
COMM_4DE4B269,CONTENT_7277FB9B,Good content,2026-08-07 11:41:46
COMM_8BA8D297,CONTENT_9F5B547B,Hello from Brazil,2026-04-30 01:41:46
COMM_0F880EA4,CONTENT_9F5B547B,Good content,2026-05-01 05:41:46
COMM_AEA23709,CONTENT_9F5B547B,Nice video,2026-04-30 11:41:46
COMM_4BF46767,CONTENT_5D4E5F6E,I don't really agree but okay,2026-04-19 13:41:46
COMM_80E739E8,CONTENT_5D4E5F6E,Great tips,2026-04-19 13:41:46
COMM_946E0324,CONTENT_5D4E5F6E,Hello from Brazil,2026-04-19 01:41:46
COMM_8F045CFC,CONTENT_7B708EA9,Thanks for sharing,2026-06-20 11:41:46
COMM_6080D62E,CONTENT_7B708EA9,Hello from Brazil,2026-06-20 06:41:46
COMM_17AA839A,CONTENT_7B708EA9,Great tips,2026-06-19 08:41:46
COMM_AC53C7D5,CONTENT_1FD17B99,I struggle with this daily,2026-08-07 11:41:46
COMM_A0C2D9B6,CONTENT_1FD17B99,Thanks for sharing,2026-08-07 17:41:46
COMM_F299D0C6,CONTENT_1FD17B99,Nice video,2026-08-08 06:41:46
COMM_9FA54409,CONTENT_FCA8DAEC,this is literally me,2026-06-07 14:41:46
COMM_7E140429,CONTENT_FCA8DAEC,I've been through this,2026-06-07 03:41:46
COMM_D9EFA51A,CONTENT_FCA8DAEC,same here,2026-06-08 14:41:46
COMM_3C516DCC,CONTENT_FCA8DAEC,Hello from Brazil,2026-06-07 19:41:46
COMM_9CE7C277,CONTENT_FCA8DAEC,Nice video,2026-06-07 10:41:46
COMM_F7EBA391,CONTENT_63618C3F,I've been through this,2026-06-16 16:41:46
COMM_B01DD8D9,CONTENT_086C1702,I struggle with this daily,2026-08-13 09:41:46
COMM_DEDD71A2,CONTENT_086C1702,I've been through this,2026-08-12 16:41:46
COMM_96FCC3C5,CONTENT_086C1702,I feel exactly the same way,2026-08-13 14:41:46
COMM_889E53F7,CONTENT_CF785BAF,this is literally me,2026-06-21 20:41:46
COMM_436E26D3,CONTENT_CF785BAF,I can relate,2026-06-22 22:41:46
COMM_BED7618F,CONTENT_CF785BAF,this is literally me,2026-06-21 19:41:46
COMM_31F012C1,CONTENT_3D92F207,I feel exactly the same way,2026-07-26 22:41:46
COMM_770504F7,CONTENT_3D92F207,Thanks for sharing,2026-07-27 10:41:46
COMM_9344D2A3,CONTENT_3D92F207,Good content,2026-07-26 21:41:46
COMM_8421C613,CONTENT_3D92F207,Nice video,2026-07-27 20:41:46
COMM_A856DA3D,CONTENT_BED028F0,Thanks for sharing,2026-08-16 01:41:46
COMM_9E410E4F,CONTENT_BED028F0,Great tips,2026-08-17 21:41:46
COMM_7A572DAC,CONTENT_BED028F0,Interesting perspective,2026-08-17 08:41:46
COMM_6E592485,CONTENT_BED028F0,I struggle with this daily,2026-08-17 03:41:46
COMM_0A18B0B4,CONTENT_93525CB4,I don't really agree but okay,2026-03-28 02:41:46
COMM_18A09E62,CONTENT_F47E3330,Great tips,2026-03-22 20:41:46
COMM_7A833AC2,CONTENT_CE582144,I thought I was the only one,2026-07-02 12:41:46
COMM_B2E1C83A,CONTENT_CE582144,I've been through this,2026-07-01 06:41:46
COMM_5F93F4AA,CONTENT_CE582144,Hello from Brazil,2026-07-01 07:41:46
COMM_0FC8D1F4,CONTENT_CE582144,Hello from Brazil,2026-07-01 18:41:46
COMM_9CE16676,CONTENT_CE582144,I feel exactly the same way,2026-07-01 05:41:46
COMM_4AE89929,CONTENT_8AF926F4,I've been through this,2026-04-19 16:41:46
COMM_A3D0E561,CONTENT_8AF926F4,Nice video,2026-04-19 14:41:46
COMM_6F73BF2F,CONTENT_8AF926F4,Thanks for sharing,2026-04-18 17:41:46
COMM_986034DE,CONTENT_8AF926F4,Hello from Brazil,2026-04-19 11:41:46
COMM_2DEFFEEA,CONTENT_8AF926F4,Thanks for sharing,2026-04-18 15:41:46
COMM_14F3FE3E,CONTENT_0EE752C7,Great tips,2026-05-05 11:41:46
COMM_1F948843,CONTENT_0EE752C7,Interesting perspective,2026-05-04 16:41:46
COMM_62B28728,CONTENT_0EE752C7,Good content,2026-05-04 18:41:46
COMM_278C9007,CONTENT_0EE752C7,Hello from Brazil,2026-05-04 04:41:46
COMM_2CCB5CED,CONTENT_0EE752C7,Thanks for sharing,2026-05-05 17:41:46
COMM_3F574348,CONTENT_740A5E6B,This happens to me all the time,2026-05-06 11:41:46
COMM_552D1B05,CONTENT_740A5E6B,This happens to me all the time,2026-05-05 17:41:46
COMM_630CD51E,CONTENT_740A5E6B,I feel exactly the same way,2026-05-06 16:41:46
COMM_74E7E7CC,CONTENT_740A5E6B,I feel exactly the same way,2026-05-05 12:41:46
COMM_C425AC3E,CONTENT_BB305216,Thanks for sharing,2026-08-03 16:41:46
COMM_98779D5C,CONTENT_F49E36A3,this is literally me,2026-05-20 16:41:46
COMM_9E9F4B91,CONTENT_F49E36A3,Thanks for sharing,2026-05-21 08:41:46
COMM_DBAEBAFE,CONTENT_F49E36A3,Hello from Brazil,2026-05-21 12:41:46
COMM_FBD70D62,CONTENT_F49E36A3,Thanks for sharing,2026-05-20 13:41:46
COMM_70D06681,CONTENT_F49E36A3,I can relate,2026-05-21 02:41:46
COMM_BCB279DD,CONTENT_2983156B,I don't really agree but okay,2026-04-14 14:41:46
COMM_ED445606,CONTENT_2983156B,exactly my situation,2026-04-14 16:41:46
COMM_88D2F38F,CONTENT_2983156B,I can relate,2026-04-14 08:41:46
COMM_7BFAB14B,CONTENT_2983156B,Great tips,2026-04-13 15:41:46
COMM_E0A69CA9,CONTENT_2983156B,Interesting perspective,2026-04-14 02:41:46
COMM_728AC6FC,CONTENT_378562F8,Hello from Brazil,2026-03-20 17:41:46
COMM_0A48F649,CONTENT_0EDA1EE1,Nice video,2026-03-25 17:41:46
COMM_7CD9CC0B,CONTENT_0EDA1EE1,Great tips,2026-03-25 11:41:46
COMM_363C9F2B,CONTENT_0EDA1EE1,Thanks for sharing,2026-03-25 09:41:46
COMM_A8C95190,CONTENT_0EDA1EE1,I can relate,2026-03-26 17:41:46
COMM_E6ECACD6,CONTENT_A533E633,This happens to me all the time,2026-07-30 21:41:46
COMM_360711CB,CONTENT_A533E633,Great tips,2026-07-30 01:41:46
COMM_A4EDA06D,CONTENT_A533E633,same here,2026-07-30 03:41:46
COMM_562B7245,CONTENT_A533E633,I thought I was the only one,2026-07-31 11:41:46
COMM_734141CC,CONTENT_908BF8AD,exactly my situation,2026-07-12 01:41:46
COMM_6DE25B70,CONTENT_908BF8AD,I feel exactly the same way,2026-07-11 07:41:46
COMM_6B1776E0,CONTENT_908BF8AD,Interesting perspective,2026-07-11 03:41:46
COMM_6402002E,CONTENT_79E4C5E0,Nice video,2026-08-19 01:41:46
COMM_D3FB3B5E,CONTENT_79E4C5E0,Great tips,2026-08-18 16:41:46
COMM_A79E80E5,CONTENT_79E4C5E0,Interesting perspective,2026-08-19 21:41:46
COMM_A0E2FE50,CONTENT_79E4C5E0,Nice video,2026-08-18 20:41:46
COMM_F50B30C7,CONTENT_79E4C5E0,Nice video,2026-08-18 00:41:46
COMM_23391DD4,CONTENT_A98B2C24,I can relate,2026-04-24 14:41:46
COMM_F9D0D8EB,CONTENT_A98B2C24,Thanks for sharing,2026-04-25 21:41:46
COMM_D0F48093,CONTENT_A98B2C24,same here,2026-04-25 16:41:46
COMM_EB72C34B,CONTENT_A98B2C24,Good content,2026-04-24 12:41:46
COMM_CEE337FC,CONTENT_A98B2C24,I can relate,2026-04-24 19:41:46
COMM_DF8511AA,CONTENT_9337351C,Great tips,2026-07-05 14:41:46
COMM_E9799C6A,CONTENT_9337351C,Thanks for sharing,2026-07-06 05:41:46
COMM_7885BE21,CONTENT_9337351C,I thought I was the only one,2026-07-06 11:41:46
COMM_35A1B187,CONTENT_6627FBB9,Good content,2026-09-04 19:41:46
COMM_C9545A36,CONTENT_6627FBB9,This happens to me all the time,2026-09-04 21:41:46
COMM_409F0A3D,CONTENT_3211A60A,This happens to me all the time,2026-04-17 06:41:46
COMM_23EED5E1,CONTENT_C020706D,Nice video,2026-07-21 15:41:46
COMM_A7B43D4B,CONTENT_C020706D,Hello from Brazil,2026-07-21 09:41:46
COMM_3B9B83BD,CONTENT_C020706D,this is literally me,2026-07-21 11:41:46
COMM_2BB5F036,CONTENT_C020706D,Nice video,2026-07-21 10:41:46
COMM_3CC71999,CONTENT_32347A8B,Great tips,2026-06-03 13:41:46
COMM_C957AC87,CONTENT_32347A8B,I struggle with this daily,2026-06-02 22:41:46
COMM_6BCB2A1E,CONTENT_685E49E4,Great tips,2026-07-05 15:41:46
COMM_CD72D1BC,CONTENT_685E49E4,Great tips,2026-07-04 04:41:46
COMM_0763B6F1,CONTENT_685E49E4,Nice video,2026-07-04 21:41:46
COMM_2C43318A,CONTENT_685E49E4,this is literally me,2026-07-05 16:41:46
COMM_7610C168,CONTENT_685E49E4,Nice video,2026-07-04 00:41:46
COMM_33FCB873,CONTENT_E6F9A7AE,I thought I was the only one,2026-05-16 14:41:46
COMM_74E23FB4,CONTENT_E6F9A7AE,I've been through this,2026-05-15 18:41:46
COMM_672511A4,CONTENT_E6F9A7AE,I can relate,2026-05-15 00:41:46
COMM_AB80E5F3,CONTENT_E6F9A7AE,Thanks for sharing,2026-05-15 14:41:46
COMM_2CC1BFA7,CONTENT_7D895BC5,This happens to me all the time,2026-07-25 14:41:46
COMM_AF025C42,CONTENT_7D895BC5,same here,2026-07-24 21:41:46
COMM_4D308E35,CONTENT_7D895BC5,I've been through this,2026-07-25 01:41:46
COMM_28F03B44,CONTENT_7D895BC5,I feel exactly the same way,2026-07-24 06:41:46
COMM_00AA9882,CONTENT_3BC5D559,Great tips,2026-03-30 19:41:46
COMM_DB627365,CONTENT_3BC5D559,Nice video,2026-03-30 21:41:46
COMM_CE88AB16,CONTENT_3BC5D559,Good content,2026-03-29 06:41:46
COMM_534B0B57,CONTENT_4E4E87F7,same here,2026-06-09 02:41:46
COMM_5039A852,CONTENT_4E4E87F7,I thought I was the only one,2026-06-10 20:41:46
COMM_C7807DA6,CONTENT_4E4E87F7,this is literally me,2026-06-10 18:41:46
COMM_C63B2012,CONTENT_AE7E1857,this is literally me,2026-06-05 17:41:46
COMM_FF57D470,CONTENT_DE020175,Great tips,2026-08-10 02:41:46
COMM_829D8F7C,CONTENT_DE020175,I feel exactly the same way,2026-08-11 03:41:46
COMM_E46D8910,CONTENT_DE020175,I can relate,2026-08-11 16:41:46
COMM_B3847E49,CONTENT_E4164C8A,Thanks for sharing,2026-07-08 22:41:46
COMM_5B611A89,CONTENT_E4164C8A,Hello from Brazil,2026-07-08 07:41:46
COMM_C1D86A5D,CONTENT_E4164C8A,this is literally me,2026-07-09 09:41:46
COMM_C8A8718F,CONTENT_E4164C8A,I don't really agree but okay,2026-07-08 06:41:46
COMM_24C95CFC,CONTENT_445F0A74,I struggle with this daily,2026-04-02 23:41:46
COMM_937F57F5,CONTENT_445F0A74,I don't really agree but okay,2026-04-02 20:41:46
COMM_5FE75D19,CONTENT_537F7C6C,Thanks for sharing,2026-08-10 20:41:46
COMM_B97CB4D3,CONTENT_537F7C6C,I can relate,2026-08-11 15:41:46
COMM_A4FA9EB9,CONTENT_537F7C6C,I don't really agree but okay,2026-08-10 22:41:46
COMM_B5868DBD,CONTENT_537F7C6C,I thought I was the only one,2026-08-10 21:41:46
COMM_A5E6E58A,CONTENT_537F7C6C,this is literally me,2026-08-11 13:41:46
COMM_4BF44E72,CONTENT_C1A38EE3,Thanks for sharing,2026-05-25 11:41:46
COMM_FAF2DCA8,CONTENT_C1A38EE3,Great tips,2026-05-26 12:41:46
COMM_3F6B5916,CONTENT_5528DE91,Good content,2026-09-02 20:41:46
COMM_375597DB,CONTENT_5528DE91,I don't really agree but okay,2026-09-01 12:41:46
COMM_517C4A5E,CONTENT_5528DE91,I struggle with this daily,2026-09-01 07:41:46
COMM_1DA6D181,CONTENT_5528DE91,I've been through this,2026-09-02 09:41:46
COMM_DCE70B8F,CONTENT_C6231BBA,I struggle with this daily,2026-06-10 19:41:46
COMM_7C7A7AA1,CONTENT_C6231BBA,I struggle with this daily,2026-06-09 13:41:46
COMM_03025EBF,CONTENT_C6231BBA,This happens to me all the time,2026-06-10 10:41:46
COMM_708C0509,CONTENT_C6231BBA,Thanks for sharing,2026-06-10 10:41:46
COMM_DFD33BE0,CONTENT_C6231BBA,Interesting perspective,2026-06-10 20:41:46
COMM_6B4F32A6,CONTENT_A8A4F3C4,Thanks for sharing,2026-05-18 12:41:46
COMM_14B8BFB8,CONTENT_A8A4F3C4,Nice video,2026-05-17 09:41:46
COMM_A00C98CC,CONTENT_A8A4F3C4,This happens to me all the time,2026-05-17 01:41:46
COMM_13C5A79F,CONTENT_A8A4F3C4,Great tips,2026-05-18 02:41:46
COMM_C66BF2DE,CONTENT_A8A4F3C4,Thanks for sharing,2026-05-17 17:41:46
COMM_DFFAE527,CONTENT_8EBD56BA,Good content,2026-08-14 03:41:46
COMM_25C76368,CONTENT_8EBD56BA,I can relate,2026-08-15 17:41:46
COMM_67BA886A,CONTENT_8EBD56BA,I feel exactly the same way,2026-08-14 03:41:46
COMM_73D7687F,CONTENT_215B9A14,Nice video,2026-03-17 03:41:46
COMM_B8902902,CONTENT_215B9A14,I don't really agree but okay,2026-03-17 10:41:46
COMM_C25933D5,CONTENT_215B9A14,Interesting perspective,2026-03-17 05:41:46
COMM_99940C62,CONTENT_215B9A14,Good content,2026-03-17 22:41:46
COMM_6A7DAAD3,CONTENT_1E36FB7A,same here,2026-05-27 19:41:46
COMM_1A2876D5,CONTENT_1E36FB7A,Great tips,2026-05-27 04:41:46
COMM_479C9382,CONTENT_1E36FB7A,This happens to me all the time,2026-05-27 07:41:46
COMM_5911C819,CONTENT_1E36FB7A,I've been through this,2026-05-27 21:41:46
COMM_6D63EFA0,CONTENT_C641CA22,Hello from Brazil,2026-06-05 12:41:46
COMM_9C010482,CONTENT_C641CA22,I don't really agree but okay,2026-06-04 04:41:46
COMM_EBD07715,CONTENT_C641CA22,This happens to me all the time,2026-06-05 21:41:46
COMM_7C8470D6,CONTENT_C641CA22,Interesting perspective,2026-06-04 00:41:46
COMM_B910B2D6,CONTENT_B98EAE33,I struggle with this daily,2026-08-18 02:41:46
COMM_358472A5,CONTENT_B98EAE33,this is literally me,2026-08-18 06:41:46
COMM_1490FF8E,CONTENT_B98EAE33,Good content,2026-08-17 07:41:46
COMM_08D3D970,CONTENT_B98EAE33,same here,2026-08-18 05:41:46
COMM_757C8E24,CONTENT_B98EAE33,This happens to me all the time,2026-08-17 05:41:46
COMM_B54A0A3D,CONTENT_3D155886,I don't really agree but okay,2026-05-22 15:41:46
COMM_42A6F67F,CONTENT_3D155886,I thought I was the only one,2026-05-23 02:41:46
COMM_CC075227,CONTENT_3D155886,same here,2026-05-22 06:41:46
COMM_64ACE942,CONTENT_3D155886,I feel exactly the same way,2026-05-23 20:41:46
COMM_D33787C5,CONTENT_D77A326F,Thanks for sharing,2026-05-23 07:41:46
COMM_7C62AEF5,CONTENT_D77A326F,Great tips,2026-05-22 13:41:46
COMM_EED29805,CONTENT_D77A326F,Great tips,2026-05-22 04:41:46
COMM_61F8338C,CONTENT_D77A326F,Hello from Brazil,2026-05-23 21:41:46
COMM_64B77558,CONTENT_7574EA21,Nice video,2026-05-31 12:41:46
COMM_01E62328,CONTENT_7574EA21,I feel exactly the same way,2026-06-01 00:41:46
COMM_E8DD63E9,CONTENT_7574EA21,Good content,2026-05-31 12:41:46
COMM_309DC238,CONTENT_7574EA21,Interesting perspective,2026-05-31 07:41:46
COMM_9FAAF65A,CONTENT_94E96087,Interesting perspective,2026-05-11 15:41:46
COMM_5347FDD6,CONTENT_94E96087,Great tips,2026-05-11 11:41:46
COMM_D2B293B8,CONTENT_94E96087,Interesting perspective,2026-05-11 10:41:46
COMM_9AAB62BE,CONTENT_94E96087,Hello from Brazil,2026-05-12 09:41:46
COMM_75543B6F,CONTENT_48ABCBA4,I struggle with this daily,2026-08-05 11:41:46
COMM_03091FC0,CONTENT_48ABCBA4,I don't really agree but okay,2026-08-04 12:41:46
COMM_514EDC0D,CONTENT_48ABCBA4,Thanks for sharing,2026-08-05 06:41:46
COMM_4A86E949,CONTENT_48ABCBA4,Great tips,2026-08-05 01:41:46
COMM_2DC2A69F,CONTENT_48ABCBA4,I don't really agree but okay,2026-08-05 13:41:46
COMM_A7F87142,CONTENT_5D5DE216,This happens to me all the time,2026-08-14 04:41:46
COMM_15FB1B92,CONTENT_5D5DE216,Great tips,2026-08-14 12:41:46
COMM_4F0D43C8,CONTENT_5D5DE216,Interesting perspective,2026-08-13 06:41:46
COMM_089B3B15,CONTENT_5D5DE216,Great tips,2026-08-13 18:41:46
COMM_F36F0474,CONTENT_6AC6BC16,I thought I was the only one,2026-04-07 12:41:46
COMM_A18E5EB3,CONTENT_6AC6BC16,same here,2026-04-06 11:41:46
COMM_0B3CE58F,CONTENT_6AC6BC16,Great tips,2026-04-07 00:41:46
COMM_3C421929,CONTENT_5456405B,I can relate,2026-05-06 19:41:46
COMM_D8932916,CONTENT_5456405B,I thought I was the only one,2026-05-06 03:41:46
COMM_C20A1B65,CONTENT_5456405B,Nice video,2026-05-06 17:41:46
COMM_E6353A11,CONTENT_5456405B,same here,2026-05-06 11:41:46
COMM_660C9671,CONTENT_5456405B,same here,2026-05-06 05:41:46
COMM_B7E6CFC1,CONTENT_6A312AA9,I feel exactly the same way,2026-07-07 22:41:46
COMM_2C7B7BC6,CONTENT_6A312AA9,Interesting perspective,2026-07-07 14:41:46
COMM_3A3E2833,CONTENT_A18A379D,This happens to me all the time,2026-06-12 15:41:46
COMM_1B977C6A,CONTENT_A18A379D,Hello from Brazil,2026-06-11 10:41:46
COMM_FAC21F6D,CONTENT_A18A379D,Hello from Brazil,2026-06-11 10:41:46
COMM_847FE55A,CONTENT_A18A379D,Thanks for sharing,2026-06-11 03:41:46
COMM_90EF9068,CONTENT_A18A379D,Nice video,2026-06-11 17:41:46
COMM_222C9CD3,CONTENT_399024E4,Great tips,2026-04-17 13:41:46
COMM_BEE8A8C8,CONTENT_7D1837F6,this is literally me,2026-05-10 12:41:46
COMM_A4E39CAA,CONTENT_7D1837F6,I feel exactly the same way,2026-05-10 07:41:46
COMM_11FA9079,CONTENT_7D1837F6,same here,2026-05-10 18:41:46
COMM_4C1FE818,CONTENT_7D1837F6,Hello from Brazil,2026-05-10 21:41:46
COMM_302E8D71,CONTENT_934AAD46,this is literally me,2026-06-29 02:41:46
COMM_EB4F35A8,CONTENT_934AAD46,same here,2026-06-29 13:41:46
COMM_5B8AEECF,CONTENT_EF18555A,Good content,2026-07-25 22:41:46
COMM_E18A67CB,CONTENT_73A3DFB8,I struggle with this daily,2026-07-10 21:41:46
COMM_BD294017,CONTENT_73A3DFB8,I thought I was the only one,2026-07-11 18:41:46
COMM_8231DCAD,CONTENT_73A3DFB8,same here,2026-07-11 11:41:46
COMM_6B4D9DC0,CONTENT_AD98B154,I struggle with this daily,2026-08-29 03:41:46
COMM_C5B7B044,CONTENT_AD98B154,Hello from Brazil,2026-08-30 03:41:46
COMM_5E40B3CB,CONTENT_AD98B154,Good content,2026-08-30 19:41:46
COMM_6E6FD3B5,CONTENT_06495BC2,I don't really agree but okay,2026-03-12 18:41:46
COMM_A49424BC,CONTENT_06495BC2,I can relate,2026-03-13 04:41:46
COMM_9AB86B07,CONTENT_06495BC2,Great tips,2026-03-13 02:41:46
COMM_B3627E7C,CONTENT_16681DF5,Nice video,2026-08-24 15:41:46
COMM_A2FAFD1C,CONTENT_16681DF5,I thought I was the only one,2026-08-25 00:41:46
COMM_A5A1CF34,CONTENT_16681DF5,this is literally me,2026-08-24 15:41:46
COMM_1FC468C7,CONTENT_A62F0931,Good content,2026-09-07 09:41:46
COMM_2D83EB07,CONTENT_337E522C,Interesting perspective,2026-05-13 09:41:46
COMM_57BEC30B,CONTENT_337E522C,this is literally me,2026-05-12 01:41:46
COMM_C5D1DFC8,CONTENT_337E522C,I feel exactly the same way,2026-05-12 22:41:46
COMM_29000E5F,CONTENT_36C3333B,I thought I was the only one,2026-06-10 23:41:46
COMM_9FAD35B4,CONTENT_36C3333B,I don't really agree but okay,2026-06-11 05:41:46
COMM_55E208A1,CONTENT_36C3333B,Great tips,2026-06-11 19:41:46
COMM_43D08E53,CONTENT_36C3333B,Good content,2026-06-11 04:41:46
COMM_FD109E00,CONTENT_7855D3C4,I don't really agree but okay,2026-04-14 05:41:46
COMM_F245B08E,CONTENT_7855D3C4,Great tips,2026-04-14 13:41:46
COMM_EBFCE296,CONTENT_7855D3C4,I don't really agree but okay,2026-04-13 08:41:46
COMM_F8AAD10F,CONTENT_7855D3C4,Nice video,2026-04-13 08:41:46
COMM_A605B70E,CONTENT_7855D3C4,Nice video,2026-04-14 00:41:46
COMM_99B3CE4B,CONTENT_BA59AD6D,I struggle with this daily,2026-05-07 11:41:46
COMM_21EB3BA8,CONTENT_BA59AD6D,I feel exactly the same way,2026-05-07 11:41:46
COMM_E1570FFF,CONTENT_BA59AD6D,Interesting perspective,2026-05-07 12:41:46
COMM_5ECEFDE7,CONTENT_BA59AD6D,Thanks for sharing,2026-05-07 03:41:46
COMM_8684C701,CONTENT_BA59AD6D,Thanks for sharing,2026-05-07 21:41:46
COMM_D2D5FB98,CONTENT_3589B567,Nice video,2026-09-02 09:41:46
COMM_00507E0C,CONTENT_3589B567,Thanks for sharing,2026-09-02 11:41:46
COMM_E5AE169F,CONTENT_3589B567,I don't really agree but okay,2026-09-02 07:41:46
COMM_2152EC84,CONTENT_3589B567,Nice video,2026-09-02 22:41:46
COMM_F38C6B7A,CONTENT_3589B567,I don't really agree but okay,2026-09-02 02:41:46
COMM_0603543B,CONTENT_3D6290A9,I thought I was the only one,2026-09-04 14:41:46
COMM_D4608BF6,CONTENT_3D6290A9,I can relate,2026-09-04 20:41:46
COMM_10165867,CONTENT_3D6290A9,Nice video,2026-09-04 10:41:46
COMM_C4C650F1,CONTENT_3D6290A9,This happens to me all the time,2026-09-04 13:41:46
COMM_2801F4A4,CONTENT_3D6290A9,this is literally me,2026-09-04 06:41:46
COMM_92117866,CONTENT_44B51CA5,Nice video,2026-08-22 11:41:46
COMM_43890D7E,CONTENT_44B51CA5,I can relate,2026-08-22 20:41:46
COMM_C672BAF2,CONTENT_CC10C074,I can relate,2026-07-08 13:41:46
COMM_79A9095E,CONTENT_CC10C074,Thanks for sharing,2026-07-09 02:41:46
COMM_82121BAC,CONTENT_CC10C074,Thanks for sharing,2026-07-08 23:41:46
COMM_7851D097,CONTENT_A3E4A1D2,Interesting perspective,2026-08-29 17:41:46
COMM_B92B91E9,CONTENT_A3E4A1D2,I can relate,2026-08-28 23:41:46
COMM_E3F6D6E8,CONTENT_A3E4A1D2,I feel exactly the same way,2026-08-28 02:41:46
COMM_7D40EEBA,CONTENT_A3E4A1D2,Great tips,2026-08-28 06:41:46
COMM_6F2193A9,CONTENT_A3E4A1D2,I feel exactly the same way,2026-08-29 06:41:46
COMM_E2CEB48F,CONTENT_0EF6BDFF,I feel exactly the same way,2026-03-14 07:41:46
COMM_45BCD26D,CONTENT_B336D87E,Interesting perspective,2026-08-16 05:41:46
COMM_18F8B72C,CONTENT_EBDF3F65,Good content,2026-03-30 16:41:46
COMM_48382755,CONTENT_38BE5C4C,same here,2026-05-15 06:41:46
COMM_162AB54F,CONTENT_38BE5C4C,Hello from Brazil,2026-05-15 14:41:46
COMM_4C65C8E9,CONTENT_3B141564,Great tips,2026-08-12 02:41:46
COMM_9C17D788,CONTENT_3B141564,Good content,2026-08-12 02:41:46
COMM_99C1A88A,CONTENT_3B141564,I don't really agree but okay,2026-08-11 12:41:46
COMM_866CB49C,CONTENT_3B141564,I struggle with this daily,2026-08-12 08:41:46
COMM_AEE01098,CONTENT_3B141564,I don't really agree but okay,2026-08-11 13:41:46
COMM_39DA96FE,CONTENT_CDA57434,Hello from Brazil,2026-08-12 04:41:46
COMM_7C059F41,CONTENT_91E410FA,I struggle with this daily,2026-06-04 06:41:46
COMM_C5AE7F54,CONTENT_91E410FA,Great tips,2026-06-04 03:41:46
COMM_F839C524,CONTENT_3DEF0EDB,This happens to me all the time,2026-04-17 07:41:46
COMM_88F18DD0,CONTENT_3DEF0EDB,Good content,2026-04-17 21:41:46
COMM_120E30C0,CONTENT_E31A0CB0,Thanks for sharing,2026-04-01 11:41:46
COMM_A29ED458,CONTENT_E31A0CB0,This happens to me all the time,2026-03-31 07:41:46
COMM_B88579C6,CONTENT_E31A0CB0,this is literally me,2026-04-01 12:41:46
COMM_82597467,CONTENT_E31A0CB0,This happens to me all the time,2026-04-01 13:41:46
COMM_752232CA,CONTENT_E31A0CB0,I feel exactly the same way,2026-04-01 21:41:46
COMM_EF7B0251,CONTENT_F68BD6F0,Interesting perspective,2026-07-25 16:41:46
COMM_CFBADA64,CONTENT_F68BD6F0,Interesting perspective,2026-07-24 16:41:46
COMM_19169832,CONTENT_F68BD6F0,I don't really agree but okay,2026-07-24 08:41:46
COMM_13E13062,CONTENT_F68BD6F0,I don't really agree but okay,2026-07-25 17:41:46
COMM_F9668987,CONTENT_2FBC12D4,I don't really agree but okay,2026-05-10 11:41:46
COMM_0291EE77,CONTENT_2F172E99,Thanks for sharing,2026-04-25 21:41:46
COMM_F3F562E6,CONTENT_018B43DF,same here,2026-06-25 11:41:46
COMM_CAC70086,CONTENT_018B43DF,same here,2026-06-25 06:41:46
COMM_8506EE6E,CONTENT_018B43DF,Thanks for sharing,2026-06-24 09:41:46
COMM_4333102E,CONTENT_018B43DF,This happens to me all the time,2026-06-25 04:41:46
COMM_1835E555,CONTENT_018B43DF,Hello from Brazil,2026-06-24 12:41:46
COMM_16DE5DF7,CONTENT_E21570AF,I thought I was the only one,2026-05-16 18:41:46
COMM_EF7AAA30,CONTENT_E21570AF,I can relate,2026-05-15 20:41:46
COMM_DD09033E,CONTENT_E21570AF,I can relate,2026-05-15 17:41:46
COMM_B7E083B3,CONTENT_0200793D,Good content,2026-05-28 13:41:46
COMM_1B3A0A16,CONTENT_0200793D,Thanks for sharing,2026-05-29 16:41:46
COMM_98BAF264,CONTENT_0200793D,I don't really agree but okay,2026-05-29 17:41:46
COMM_CAABFDB5,CONTENT_74DF56AF,I can relate,2026-05-02 12:41:46
COMM_79A44FF8,CONTENT_74DF56AF,same here,2026-05-03 06:41:46
COMM_81D9876B,CONTENT_74DF56AF,this is literally me,2026-05-02 06:41:46
COMM_26CCB073,CONTENT_74DF56AF,This happens to me all the time,2026-05-02 15:41:46
COMM_520B2250,CONTENT_734BC8E2,Hello from Brazil,2026-04-27 09:41:46
COMM_BF88E5E3,CONTENT_734BC8E2,Hello from Brazil,2026-04-27 11:41:46
COMM_C2D3D521,CONTENT_734BC8E2,I don't really agree but okay,2026-04-27 15:41:46
COMM_B3D3EAD8,CONTENT_734BC8E2,Interesting perspective,2026-04-26 01:41:46
COMM_E1BB7084,CONTENT_CC7F2342,I've been through this,2026-06-15 02:41:46
COMM_18E9A3E1,CONTENT_9DBEC011,This happens to me all the time,2026-07-03 08:41:46
COMM_0EC3D252,CONTENT_9DBEC011,I struggle with this daily,2026-07-02 06:41:46
COMM_7B6E06DA,CONTENT_8B013E0B,this is literally me,2026-04-30 14:41:46
COMM_B3F25809,CONTENT_8B013E0B,I struggle with this daily,2026-04-29 00:41:46
COMM_AE3E1726,CONTENT_0F6516DA,Thanks for sharing,2026-07-18 01:41:46
COMM_85BFD0E3,CONTENT_4D44615A,I feel exactly the same way,2026-07-08 01:41:46
COMM_C4EC47BF,CONTENT_4D44615A,I feel exactly the same way,2026-07-09 06:41:46
COMM_FD1BE5F2,CONTENT_4D44615A,I feel exactly the same way,2026-07-08 07:41:46
COMM_4C227F70,CONTENT_4D44615A,I can relate,2026-07-08 10:41:46
COMM_6409A26D,CONTENT_4D44615A,I feel exactly the same way,2026-07-09 07:41:46
COMM_880C8F4B,CONTENT_E6936939,Great tips,2026-05-26 12:41:46
COMM_8ECC59C2,CONTENT_E6936939,This happens to me all the time,2026-05-26 03:41:46
COMM_16BAF7EC,CONTENT_E6936939,I struggle with this daily,2026-05-25 17:41:46
COMM_E0063DFB,CONTENT_E6936939,I struggle with this daily,2026-05-25 07:41:46
COMM_1AADDA93,CONTENT_7CC60054,This happens to me all the time,2026-08-14 01:41:46
COMM_A83F615D,CONTENT_7CC60054,This happens to me all the time,2026-08-14 05:41:46
COMM_AD746521,CONTENT_7CC60054,This happens to me all the time,2026-08-14 07:41:46
COMM_D73051E9,CONTENT_7CC60054,I thought I was the only one,2026-08-14 13:41:46
COMM_1D6BECDB,CONTENT_EAF2C460,Great tips,2026-09-07 21:41:46
COMM_40E66C5D,CONTENT_EAF2C460,I don't really agree but okay,2026-09-06 06:41:46
COMM_3CC00FE8,CONTENT_7ED3C776,same here,2026-05-02 06:41:46
COMM_A47AA587,CONTENT_7ED3C776,This happens to me all the time,2026-05-02 09:41:46
COMM_8BBE850D,CONTENT_0223D770,Interesting perspective,2026-04-24 02:41:46
COMM_27339B12,CONTENT_D361D86C,Good content,2026-05-02 10:41:46
COMM_27DD80DB,CONTENT_93B815D5,Interesting perspective,2026-07-02 10:41:46
COMM_D532AC44,CONTENT_1499B806,Interesting perspective,2026-04-13 15:41:46
COMM_E7424890,CONTENT_1499B806,same here,2026-04-12 10:41:46
COMM_8ED7B006,CONTENT_1499B806,same here,2026-04-13 06:41:46
COMM_7675D6D8,CONTENT_1499B806,Interesting perspective,2026-04-13 05:41:46
COMM_5D26111D,CONTENT_BCBD0790,Thanks for sharing,2026-04-11 08:41:46
COMM_E7986907,CONTENT_BCBD0790,Thanks for sharing,2026-04-12 12:41:46
COMM_1241E017,CONTENT_D484EBE1,Interesting perspective,2026-04-23 07:41:46
COMM_E9F1ADA5,CONTENT_D484EBE1,I feel exactly the same way,2026-04-23 10:41:46
COMM_C0A8C28C,CONTENT_D484EBE1,This happens to me all the time,2026-04-23 22:41:46
COMM_BF8F102A,CONTENT_E267AC00,I don't really agree but okay,2026-05-26 01:41:46
COMM_AE6F71AC,CONTENT_E267AC00,Thanks for sharing,2026-05-25 06:41:46
COMM_CB465C92,CONTENT_4539350E,Hello from Brazil,2026-03-31 12:41:46
COMM_CA322044,CONTENT_4539350E,Hello from Brazil,2026-04-01 18:41:46
COMM_0BDEBD08,CONTENT_4539350E,Great tips,2026-03-31 14:41:46
COMM_4702644F,CONTENT_4539350E,I don't really agree but okay,2026-04-01 01:41:46
COMM_38F5AFCF,CONTENT_4539350E,Nice video,2026-04-01 09:41:46
COMM_80977F56,CONTENT_82198165,I don't really agree but okay,2026-04-11 17:41:46
COMM_4FD51BCD,CONTENT_82198165,Good content,2026-04-10 04:41:46
COMM_3F43A889,CONTENT_82198165,Interesting perspective,2026-04-10 00:41:46
COMM_C98C3F9C,CONTENT_82198165,Hello from Brazil,2026-04-10 19:41:46
COMM_60E1317E,CONTENT_5FFAA59E,This happens to me all the time,2026-09-04 16:41:46
COMM_ABC94A52,CONTENT_5FFAA59E,Good content,2026-09-04 13:41:46
COMM_F1A6D035,CONTENT_5FFAA59E,I don't really agree but okay,2026-09-03 13:41:46
COMM_5498929D,CONTENT_5FFAA59E,Interesting perspective,2026-09-04 13:41:46
COMM_779C2F54,CONTENT_46C5B534,This happens to me all the time,2026-05-01 21:41:46
COMM_BF383EBB,CONTENT_46C5B534,same here,2026-05-01 16:41:46
COMM_51A67A50,CONTENT_46C5B534,I can relate,2026-05-01 21:41:46
COMM_DBEA98C5,CONTENT_46C5B534,I don't really agree but okay,2026-04-30 10:41:46
COMM_F20AA4B3,CONTENT_46C5B534,I don't really agree but okay,2026-05-01 19:41:46
COMM_DA927A4D,CONTENT_525E949D,Good content,2026-04-27 06:41:46
COMM_017B09AE,CONTENT_525E949D,Thanks for sharing,2026-04-27 04:41:46
COMM_88978B67,CONTENT_525E949D,I don't really agree but okay,2026-04-26 02:41:46
COMM_4F1BD6E1,CONTENT_525E949D,I've been through this,2026-04-26 01:41:46
COMM_1FCA0A4A,CONTENT_525E949D,Hello from Brazil,2026-04-26 23:41:46
COMM_E01B4E1D,CONTENT_DFDF5066,Great tips,2026-05-21 11:41:46
COMM_6C25C90E,CONTENT_C5A6C86E,this is literally me,2026-07-22 07:41:46
COMM_99E256CD,CONTENT_C5A6C86E,I struggle with this daily,2026-07-22 10:41:46
COMM_F9D5C9A2,CONTENT_C5A6C86E,I've been through this,2026-07-23 18:41:46
COMM_C0C28B47,CONTENT_C5A6C86E,Interesting perspective,2026-07-23 01:41:46
COMM_90F00ADB,CONTENT_C5A6C86E,I've been through this,2026-07-22 06:41:46
