content_id,platform,content_date,topic,title,caption,content_type,format,hook_type,video_length,posting_time,views,likes,comments,shares,saves,followers_before,followers_after,retention_rate,hashtag_count,hashtags,cta_type,caption_style,audience_segment
CONTENT_C0EC45BC,YouTube,2026-08-14 23:41:46,Academic Stress,The truth about academic stress,Let's talk about academic stress. #growth #mentalhealth,Organic,Single Image,Audio Hook,0.0,Night (9 PM-12 AM),1528,85,27,12,50,1769,1781,0.16,2,#AcademicStress #struggle,Follow for more,Question to Audience,General
CONTENT_AEA96D56,TikTok,2026-06-25 23:41:46,Self Confidence,The truth about self confidence,Let's talk about self confidence. #growth #mentalhealth,Organic,Long Video,Story Hook,131.1,Night (9 PM-12 AM),12550,1129,71,237,293,20118,20225,0.41,4,#SelfConfidence #struggle,Follow for more,Emotion + Personal Story,Professionals
CONTENT_F7AC6829,YouTube,2026-05-29 23:41:46,Relationships,The truth about relationships,Let's talk about relationships. #growth #mentalhealth,Organic,Long Video,Visual Hook,126.4,Evening (5-8 PM),8971,462,75,202,62,18159,18187,0.35,8,#Relationships #struggle,Follow for more,Question to Audience,Millennials
CONTENT_06B68628,Instagram,2026-04-18 23:41:46,Academic Stress,The truth about academic stress,Let's talk about academic stress. #growth #mentalhealth,Organic,Short Video,Question Hook,16.4,Afternoon (12-4 PM),28548,2711,311,864,1318,30127,30543,0.64,2,#AcademicStress #struggle,Follow for more,Long-form vulnerable,Millennials
CONTENT_6D82194F,TikTok,2026-04-19 23:41:46,Financial Stress,The truth about financial stress,Let's talk about financial stress. #growth #mentalhealth,Organic,Long Video,Story Hook,262.2,Morning (8-11 AM),466,23,3,18,14,4561,4566,0.32,9,#FinancialStress #struggle,Comment your thoughts,Question to Audience,Millennials
CONTENT_F373FD8E,TikTok,2026-06-20 23:41:46,Social Anxiety,The truth about social anxiety,Let's talk about social anxiety. #growth #mentalhealth,Organic,Short Video,Story Hook,41.6,Evening (5-8 PM),2438,258,26,207,159,34270,34354,0.51,9,#SocialAnxiety #struggle,None,Educational / Tips,Millennials
CONTENT_2E31E031,YouTube,2026-04-23 23:41:46,Academic Stress,The truth about academic stress,Let's talk about academic stress. #growth #mentalhealth,Organic,Short Video,Visual Hook,40.3,Night (9 PM-12 AM),3910,406,31,18,59,23299,23320,0.64,9,#AcademicStress #struggle,Link in bio,Long-form vulnerable,Students
CONTENT_F5184EFC,Instagram,2026-08-11 23:41:46,Overthinking,The truth about overthinking,Let's talk about overthinking. #growth #mentalhealth,Organic,Short Video,Audio Hook,51.3,Night (9 PM-12 AM),29842,2441,198,2930,55,10474,10785,0.66,5,#Overthinking #struggle,Share this,Emotion + Personal Story,Professionals
CONTENT_08EFB886,YouTube,2026-03-11 23:41:46,Career Pressure,The truth about career pressure,Let's talk about career pressure. #growth #mentalhealth,Organic,Short Video,Audio Hook,24.8,Afternoon (12-4 PM),456,34,3,16,5,28728,28731,0.33,6,#CareerPressure #struggle,Save for later,Long-form vulnerable,Gen Z
CONTENT_B05D3085,TikTok,2026-07-26 23:41:46,Self Confidence,The truth about self confidence,Let's talk about self confidence. #growth #mentalhealth,Organic,Long Video,Story Hook,334.9,Night (9 PM-12 AM),51781,5658,321,666,2089,41772,42302,0.42,1,#SelfConfidence #struggle,Comment your thoughts,Emotion + Personal Story,Students
CONTENT_0775B126,Instagram,2026-03-20 23:41:46,Loneliness,The truth about loneliness,Let's talk about loneliness. #growth #mentalhealth,Organic,Long Video,Audio Hook,276.5,Night (9 PM-12 AM),28552,2423,183,2985,1025,36153,37173,0.42,9,#Loneliness #struggle,Share this,Educational / Tips,Millennials
CONTENT_1A61B093,TikTok,2026-06-16 23:41:46,Career Pressure,The truth about career pressure,Let's talk about career pressure. #growth #mentalhealth,Organic,Long Video,Text Hook,386.5,Night (9 PM-12 AM),1555,115,9,44,68,8158,8174,0.31,3,#CareerPressure #struggle,Follow for more,Question to Audience,Gen Z
CONTENT_59BCF5B0,Instagram,2026-05-16 23:41:46,Self Confidence,The truth about self confidence,Let's talk about self confidence. #growth #mentalhealth,Organic,Short Video,Question Hook,45.1,Afternoon (12-4 PM),656,96,6,18,22,47760,47764,0.68,5,#SelfConfidence #struggle,None,Question to Audience,Professionals
CONTENT_A82C237E,Instagram,2026-04-08 23:41:46,Self Confidence,The truth about self confidence,Let's talk about self confidence. #growth #mentalhealth,Organic,Long Video,Question Hook,296.5,Evening (5-8 PM),37413,2783,733,929,1698,31746,32326,0.21,1,#SelfConfidence #struggle,Link in bio,Long-form vulnerable,Students
CONTENT_61605A88,YouTube,2026-04-03 23:41:46,Overthinking,The truth about overthinking,Let's talk about overthinking. #growth #mentalhealth,Organic,Short Video,Audio Hook,44.0,Night (9 PM-12 AM),13115,1919,233,521,1008,20778,20955,0.69,6,#Overthinking #struggle,Link in bio,Educational / Tips,Professionals
CONTENT_990C3930,YouTube,2026-06-16 23:41:46,Loneliness,The truth about loneliness,Let's talk about loneliness. #growth #mentalhealth,Organic,Short Video,Text Hook,38.3,Evening (5-8 PM),47970,5951,741,3428,2425,6801,8215,0.65,9,#Loneliness #struggle,Comment your thoughts,Long-form vulnerable,Students
CONTENT_93BFEF5C,YouTube,2026-07-12 23:41:46,Loneliness,The truth about loneliness,Let's talk about loneliness. #growth #mentalhealth,Organic,Long Video,Story Hook,432.0,Night (9 PM-12 AM),48807,4090,519,2194,4471,29312,30056,0.56,6,#Loneliness #struggle,Save for later,Emotion + Personal Story,Students
CONTENT_6A72F044,Instagram,2026-05-03 23:41:46,Social Anxiety,The truth about social anxiety,Let's talk about social anxiety. #growth #mentalhealth,Organic,Short Video,Audio Hook,29.7,Night (9 PM-12 AM),41977,3238,817,3547,795,33093,33982,0.63,2,#SocialAnxiety #struggle,Follow for more,Question to Audience,Millennials
CONTENT_21FA3C8C,YouTube,2026-06-13 23:41:46,Career Pressure,The truth about career pressure,Let's talk about career pressure. #growth #mentalhealth,Organic,Carousel,Audio Hook,0.0,Night (9 PM-12 AM),2238,129,25,47,21,17896,17908,0.17,6,#CareerPressure #struggle,Follow for more,Emotion + Personal Story,General
CONTENT_4BDF4107,YouTube,2026-06-11 23:41:46,Career Pressure,The truth about career pressure,Let's talk about career pressure. #growth #mentalhealth,Organic,Single Image,Story Hook,0.0,Afternoon (12-4 PM),34280,1877,462,1307,58,10435,10591,0.49,4,#CareerPressure #struggle,Comment your thoughts,Long-form vulnerable,Students
CONTENT_5C0D46B3,Instagram,2026-06-13 23:41:46,Social Anxiety,The truth about social anxiety,Let's talk about social anxiety. #growth #mentalhealth,Organic,Carousel,Story Hook,0.0,Evening (5-8 PM),7084,388,136,45,246,24289,24359,0.46,8,#SocialAnxiety #struggle,Follow for more,Long-form vulnerable,General
CONTENT_5FF2CE4B,TikTok,2026-03-21 23:41:46,Dating,The truth about dating,Let's talk about dating. #growth #mentalhealth,Organic,Short Video,Text Hook,54.0,Morning (8-11 AM),455,59,6,14,10,36506,36512,0.55,1,#Dating #struggle,Comment your thoughts,Emotion + Personal Story,Millennials
CONTENT_DA314C5C,Instagram,2026-05-06 23:41:46,Dating,The truth about dating,Let's talk about dating. #growth #mentalhealth,Organic,Short Video,Question Hook,32.0,Evening (5-8 PM),12429,1436,133,26,762,42576,42700,0.43,2,#Dating #struggle,Save for later,Long-form vulnerable,Professionals
CONTENT_50F99EB0,TikTok,2026-06-13 23:41:46,Relationships,The truth about relationships,Let's talk about relationships. #growth #mentalhealth,Organic,Carousel,Story Hook,0.0,Morning (8-11 AM),5101,345,82,252,108,38841,38892,0.31,5,#Relationships #struggle,Comment your thoughts,Question to Audience,Gen Z
CONTENT_B64FA273,TikTok,2026-03-18 23:41:46,Self Confidence,The truth about self confidence,Let's talk about self confidence. #growth #mentalhealth,Organic,Carousel,Audio Hook,0.0,Morning (8-11 AM),20937,1862,198,420,32,8400,8528,0.3,4,#SelfConfidence #struggle,Comment your thoughts,Short & Punchy,Millennials
CONTENT_D30308C5,Instagram,2026-07-09 23:41:46,Self Confidence,The truth about self confidence,Let's talk about self confidence. #growth #mentalhealth,Organic,Short Video,Audio Hook,29.8,Night (9 PM-12 AM),357,44,6,3,16,22689,22690,0.57,3,#SelfConfidence #struggle,Share this,Long-form vulnerable,Professionals
CONTENT_ED5A90A0,TikTok,2026-08-22 23:41:46,Overthinking,The truth about overthinking,Let's talk about overthinking. #growth #mentalhealth,Organic,Single Image,Visual Hook,0.0,Afternoon (12-4 PM),16695,1546,139,2067,1069,18924,19514,0.54,8,#Overthinking #struggle,Share this,Long-form vulnerable,Gen Z
CONTENT_2FB54929,Instagram,2026-08-29 23:41:46,Relationships,The truth about relationships,Let's talk about relationships. #growth #mentalhealth,Organic,Short Video,Visual Hook,48.9,Morning (8-11 AM),14309,834,238,508,188,29178,29262,0.55,2,#Relationships #struggle,None,Question to Audience,Millennials
CONTENT_26AA1E3C,Instagram,2026-08-29 23:41:46,Overthinking,The truth about overthinking,Let's talk about overthinking. #growth #mentalhealth,Organic,Carousel,Visual Hook,0.0,Evening (5-8 PM),31786,2780,295,1140,2757,37395,38370,0.58,5,#Overthinking #struggle,Share this,Long-form vulnerable,Professionals
CONTENT_B44908DD,YouTube,2026-03-21 23:41:46,Productivity,The truth about productivity,Let's talk about productivity. #growth #mentalhealth,Organic,Short Video,Audio Hook,18.4,Night (9 PM-12 AM),104973,7524,988,4999,3110,20087,21948,0.37,8,#Productivity #struggle,Share this,Question to Audience,Students
CONTENT_61586AB6,YouTube,2026-07-28 23:41:46,Career Pressure,The truth about career pressure,Let's talk about career pressure. #growth #mentalhealth,Organic,Short Video,Question Hook,32.5,Afternoon (12-4 PM),3383,257,39,74,71,36547,36567,0.44,3,#CareerPressure #struggle,Share this,Long-form vulnerable,Millennials
CONTENT_266664B0,YouTube,2026-06-02 23:41:46,Academic Stress,The truth about academic stress,Let's talk about academic stress. #growth #mentalhealth,Organic,Long Video,Visual Hook,159.7,Afternoon (12-4 PM),2092,219,15,122,51,47318,47339,0.55,9,#AcademicStress #struggle,Share this,Short & Punchy,Professionals
CONTENT_6AD048E5,Instagram,2026-06-27 23:41:46,Loneliness,The truth about loneliness,Let's talk about loneliness. #growth #mentalhealth,Organic,Short Video,Visual Hook,21.0,Evening (5-8 PM),31690,4478,436,2997,2431,14456,15186,0.7,3,#Loneliness #struggle,Link in bio,Long-form vulnerable,General
CONTENT_D03C8617,YouTube,2026-07-20 23:41:46,Dating,The truth about dating,Let's talk about dating. #growth #mentalhealth,Organic,Carousel,Text Hook,0.0,Night (9 PM-12 AM),142528,7442,1777,5536,3775,38131,40372,0.21,9,#Dating #struggle,None,Emotion + Personal Story,General
CONTENT_1BC4FE96,TikTok,2026-06-23 23:41:46,Self Confidence,The truth about self confidence,Let's talk about self confidence. #growth #mentalhealth,Organic,Carousel,Audio Hook,0.0,Evening (5-8 PM),39641,3716,735,1103,915,43318,43647,0.26,1,#SelfConfidence #struggle,Follow for more,Long-form vulnerable,General
CONTENT_1B3442ED,Instagram,2026-06-28 23:41:46,Social Anxiety,The truth about social anxiety,Let's talk about social anxiety. #growth #mentalhealth,Organic,Single Image,Text Hook,0.0,Morning (8-11 AM),868,83,17,31,17,13015,13022,0.2,7,#SocialAnxiety #struggle,Link in bio,Short & Punchy,Students
CONTENT_3E961758,YouTube,2026-03-21 23:41:46,Dating,The truth about dating,Let's talk about dating. #growth #mentalhealth,Organic,Short Video,Audio Hook,36.3,Night (9 PM-12 AM),2401,129,18,43,6,40749,40755,0.38,2,#Dating #struggle,Follow for more,Emotion + Personal Story,Millennials
CONTENT_1A223783,TikTok,2026-04-25 23:41:46,Self Confidence,The truth about self confidence,Let's talk about self confidence. #growth #mentalhealth,Organic,Short Video,Visual Hook,43.3,Evening (5-8 PM),26922,3697,506,30,1172,15178,15310,0.43,8,#SelfConfidence #struggle,Link in bio,Educational / Tips,Students
CONTENT_B17894F3,Instagram,2026-07-06 23:41:46,Academic Stress,The truth about academic stress,Let's talk about academic stress. #growth #mentalhealth,Organic,Short Video,Story Hook,16.7,Afternoon (12-4 PM),45332,4586,588,1971,831,35674,36084,0.76,7,#AcademicStress #struggle,Link in bio,Emotion + Personal Story,Gen Z
CONTENT_F59DEBA3,Instagram,2026-03-17 23:41:46,Dating,The truth about dating,Let's talk about dating. #growth #mentalhealth,Organic,Short Video,Question Hook,55.1,Morning (8-11 AM),2393,282,40,58,70,27069,27094,0.54,3,#Dating #struggle,Link in bio,Educational / Tips,Gen Z
CONTENT_FB4018BF,Instagram,2026-05-03 23:41:46,Career Pressure,The truth about career pressure,Let's talk about career pressure. #growth #mentalhealth,Organic,Carousel,Text Hook,0.0,Evening (5-8 PM),994,64,8,42,5,11589,11595,0.14,7,#CareerPressure #struggle,Follow for more,Short & Punchy,Professionals
CONTENT_3CA231C4,TikTok,2026-04-04 23:41:46,Social Anxiety,The truth about social anxiety,Let's talk about social anxiety. #growth #mentalhealth,Organic,Long Video,Text Hook,585.3,Night (9 PM-12 AM),22623,2979,200,1527,1895,1846,2466,0.45,5,#SocialAnxiety #struggle,None,Educational / Tips,Students
CONTENT_5B89361C,YouTube,2026-07-25 23:41:46,Academic Stress,The truth about academic stress,Let's talk about academic stress. #growth #mentalhealth,Organic,Long Video,Visual Hook,175.1,Night (9 PM-12 AM),790,51,9,23,15,1009,1016,0.43,8,#AcademicStress #struggle,Comment your thoughts,Educational / Tips,Students
CONTENT_DB176958,TikTok,2026-07-07 23:41:46,Career Pressure,The truth about career pressure,Let's talk about career pressure. #growth #mentalhealth,Organic,Long Video,Visual Hook,405.9,Morning (8-11 AM),25738,2346,263,1647,966,43929,44231,0.39,9,#CareerPressure #struggle,Share this,Educational / Tips,Students
CONTENT_5FB96089,Instagram,2026-06-06 23:41:46,Academic Stress,The truth about academic stress,Let's talk about academic stress. #growth #mentalhealth,Organic,Single Image,Question Hook,0.0,Night (9 PM-12 AM),19321,2510,335,790,649,41345,41715,0.4,9,#AcademicStress #struggle,Link in bio,Educational / Tips,Professionals
CONTENT_8DE4C828,TikTok,2026-04-20 23:41:46,Self Confidence,The truth about self confidence,Let's talk about self confidence. #growth #mentalhealth,Organic,Long Video,Visual Hook,290.6,Morning (8-11 AM),16400,1692,98,452,363,28202,28371,0.36,1,#SelfConfidence #struggle,Comment your thoughts,Question to Audience,Professionals
CONTENT_08B8DB16,TikTok,2026-08-13 23:41:46,Overthinking,The truth about overthinking,Let's talk about overthinking. #growth #mentalhealth,Organic,Short Video,Visual Hook,26.2,Morning (8-11 AM),182555,15372,3161,8541,10053,36996,40482,0.75,4,#Overthinking #struggle,Follow for more,Question to Audience,General
CONTENT_9E0D2AAF,YouTube,2026-06-24 23:41:46,Overthinking,The truth about overthinking,Let's talk about overthinking. #growth #mentalhealth,Organic,Long Video,Audio Hook,380.5,Night (9 PM-12 AM),17770,1502,137,632,582,1814,1985,0.2,8,#Overthinking #struggle,Save for later,Educational / Tips,Gen Z
CONTENT_837C3476,Instagram,2026-06-18 23:41:46,Career Pressure,The truth about career pressure,Let's talk about career pressure. #growth #mentalhealth,Organic,Carousel,Audio Hook,0.0,Night (9 PM-12 AM),49387,2809,304,2310,2289,14718,15227,0.25,4,#CareerPressure #struggle,None,Emotion + Personal Story,Gen Z
CONTENT_4D32FAC8,TikTok,2026-07-17 23:41:46,Relationships,The truth about relationships,Let's talk about relationships. #growth #mentalhealth,Organic,Long Video,Story Hook,146.3,Evening (5-8 PM),21328,2778,108,211,454,35393,35559,0.33,2,#Relationships #struggle,Share this,Short & Punchy,Millennials
CONTENT_3F018226,TikTok,2026-04-27 23:41:46,Productivity,The truth about productivity,Let's talk about productivity. #growth #mentalhealth,Organic,Long Video,Audio Hook,558.1,Night (9 PM-12 AM),13152,702,127,387,420,11395,11496,0.17,1,#Productivity #struggle,Link in bio,Question to Audience,Gen Z
CONTENT_6B98062D,Instagram,2026-04-27 23:41:46,Social Anxiety,The truth about social anxiety,Let's talk about social anxiety. #growth #mentalhealth,Organic,Short Video,Question Hook,59.9,Evening (5-8 PM),1591,174,9,35,128,3079,3105,0.5,8,#SocialAnxiety #struggle,Comment your thoughts,Short & Punchy,Millennials
CONTENT_512751ED,YouTube,2026-06-27 23:41:46,Career Pressure,The truth about career pressure,Let's talk about career pressure. #growth #mentalhealth,Organic,Carousel,Text Hook,0.0,Afternoon (12-4 PM),810,102,5,3,30,38641,38645,0.3,1,#CareerPressure #struggle,Link in bio,Question to Audience,Millennials
CONTENT_7250FB4F,YouTube,2026-03-17 23:41:46,Relationships,The truth about relationships,Let's talk about relationships. #growth #mentalhealth,Organic,Short Video,Visual Hook,26.4,Evening (5-8 PM),837966,84258,11669,50524,8169,25160,37556,0.48,3,#Relationships #struggle,Share this,Short & Punchy,Students
CONTENT_F5396610,TikTok,2026-07-17 23:41:46,Productivity,The truth about productivity,Let's talk about productivity. #growth #mentalhealth,Organic,Short Video,Text Hook,43.5,Evening (5-8 PM),29602,4074,433,1324,1822,23419,23877,0.35,7,#Productivity #struggle,Save for later,Question to Audience,Students
CONTENT_91C6EA89,TikTok,2026-07-01 23:41:46,Self Confidence,The truth about self confidence,Let's talk about self confidence. #growth #mentalhealth,Organic,Short Video,Visual Hook,53.7,Afternoon (12-4 PM),25459,3754,425,1663,633,25557,25984,0.49,1,#SelfConfidence #struggle,Share this,Emotion + Personal Story,Millennials
CONTENT_B1F58A29,YouTube,2026-08-09 23:41:46,Self Confidence,The truth about self confidence,Let's talk about self confidence. #growth #mentalhealth,Organic,Short Video,Audio Hook,59.3,Afternoon (12-4 PM),1524,79,28,62,38,27657,27676,0.41,7,#SelfConfidence #struggle,Link in bio,Long-form vulnerable,Millennials
CONTENT_3E35D5BB,TikTok,2026-05-02 23:41:46,Social Anxiety,The truth about social anxiety,Let's talk about social anxiety. #growth #mentalhealth,Organic,Short Video,Audio Hook,26.3,Night (9 PM-12 AM),18378,1827,249,1186,654,37397,37585,0.55,1,#SocialAnxiety #struggle,Share this,Short & Punchy,General
CONTENT_184E0CBA,YouTube,2026-05-29 23:41:46,Self Confidence,The truth about self confidence,Let's talk about self confidence. #growth #mentalhealth,Organic,Short Video,Story Hook,28.0,Evening (5-8 PM),94528,10080,1147,719,2335,41483,42047,0.52,2,#SelfConfidence #struggle,None,Emotion + Personal Story,Millennials
CONTENT_0B480D0C,TikTok,2026-06-15 23:41:46,Loneliness,The truth about loneliness,Let's talk about loneliness. #growth #mentalhealth,Organic,Short Video,Visual Hook,37.3,Morning (8-11 AM),5035,470,43,48,10,10650,10661,0.68,5,#Loneliness #struggle,Comment your thoughts,Question to Audience,Professionals
CONTENT_BC88785A,TikTok,2026-03-21 23:41:46,Productivity,The truth about productivity,Let's talk about productivity. #growth #mentalhealth,Organic,Short Video,Text Hook,35.1,Morning (8-11 AM),13751,1694,235,480,585,16896,17166,0.65,9,#Productivity #struggle,Link in bio,Long-form vulnerable,Millennials
CONTENT_02D8C7FE,TikTok,2026-05-30 23:41:46,Social Anxiety,The truth about social anxiety,Let's talk about social anxiety. #growth #mentalhealth,Organic,Carousel,Visual Hook,0.0,Evening (5-8 PM),1967,191,19,144,36,9007,9058,0.42,4,#SocialAnxiety #struggle,Link in bio,Short & Punchy,Millennials
CONTENT_62C5FC45,Instagram,2026-03-25 23:41:46,Loneliness,The truth about loneliness,Let's talk about loneliness. #growth #mentalhealth,Organic,Long Video,Audio Hook,177.9,Night (9 PM-12 AM),13568,1661,81,1114,816,8564,8956,0.24,2,#Loneliness #struggle,Share this,Short & Punchy,Millennials
CONTENT_107E72E7,TikTok,2026-03-25 23:41:46,Financial Stress,The truth about financial stress,Let's talk about financial stress. #growth #mentalhealth,Organic,Short Video,Story Hook,32.3,Morning (8-11 AM),6163,351,31,237,127,9436,9505,0.77,9,#FinancialStress #struggle,Link in bio,Educational / Tips,Gen Z
CONTENT_6FD15323,TikTok,2026-06-05 23:41:46,Career Pressure,The truth about career pressure,Let's talk about career pressure. #growth #mentalhealth,Organic,Long Video,Visual Hook,121.6,Afternoon (12-4 PM),476,57,6,32,1,5494,5500,0.54,5,#CareerPressure #struggle,Share this,Long-form vulnerable,General
CONTENT_F8B931D4,YouTube,2026-06-24 23:41:46,Social Anxiety,The truth about social anxiety,Let's talk about social anxiety. #growth #mentalhealth,Organic,Short Video,Audio Hook,42.6,Afternoon (12-4 PM),10077,1502,85,847,223,37332,37460,0.37,9,#SocialAnxiety #struggle,Follow for more,Educational / Tips,Gen Z
CONTENT_E85EB887,TikTok,2026-03-12 23:41:46,Dating,The truth about dating,Let's talk about dating. #growth #mentalhealth,Organic,Carousel,Story Hook,0.0,Morning (8-11 AM),1492,163,19,30,56,27685,27707,0.41,6,#Dating #struggle,Comment your thoughts,Long-form vulnerable,General
CONTENT_00833BC8,Instagram,2026-04-03 23:41:46,Loneliness,The truth about loneliness,Let's talk about loneliness. #growth #mentalhealth,Organic,Long Video,Story Hook,339.6,Afternoon (12-4 PM),27496,2125,334,2630,2140,30192,30902,0.36,2,#Loneliness #struggle,Comment your thoughts,Question to Audience,Professionals
CONTENT_8EA17506,Instagram,2026-06-09 23:41:46,Overthinking,The truth about overthinking,Let's talk about overthinking. #growth #mentalhealth,Organic,Short Video,Story Hook,19.9,Night (9 PM-12 AM),73967,8595,973,2083,5865,8314,10151,0.63,9,#Overthinking #struggle,Link in bio,Long-form vulnerable,Professionals
CONTENT_09684FAE,TikTok,2026-08-16 23:41:46,Dating,The truth about dating,Let's talk about dating. #growth #mentalhealth,Organic,Single Image,Question Hook,0.0,Evening (5-8 PM),8551,589,155,373,20,48638,48678,0.38,5,#Dating #struggle,Link in bio,Educational / Tips,Students
CONTENT_F1419D60,TikTok,2026-05-11 23:41:46,Loneliness,The truth about loneliness,Let's talk about loneliness. #growth #mentalhealth,Organic,Carousel,Question Hook,0.0,Evening (5-8 PM),32346,2835,166,2536,363,48517,48810,0.15,5,#Loneliness #struggle,Link in bio,Long-form vulnerable,Students
CONTENT_1A456DD7,Instagram,2026-08-31 23:41:46,Dating,The truth about dating,Let's talk about dating. #growth #mentalhealth,Organic,Carousel,Question Hook,0.0,Evening (5-8 PM),473,60,7,8,14,3353,3358,0.17,4,#Dating #struggle,None,Short & Punchy,Professionals
CONTENT_42085D58,TikTok,2026-03-24 23:41:46,Loneliness,The truth about loneliness,Let's talk about loneliness. #growth #mentalhealth,Organic,Short Video,Story Hook,52.0,Evening (5-8 PM),104303,5225,770,10400,6162,7540,11679,0.5,4,#Loneliness #struggle,Save for later,Educational / Tips,Students
CONTENT_A78515AC,YouTube,2026-03-10 23:41:46,Self Confidence,The truth about self confidence,Let's talk about self confidence. #growth #mentalhealth,Organic,Short Video,Visual Hook,21.8,Afternoon (12-4 PM),6367,919,71,307,243,33196,33346,0.57,6,#SelfConfidence #struggle,Comment your thoughts,Educational / Tips,General
CONTENT_9C27A63E,Instagram,2026-07-18 23:41:46,Dating,The truth about dating,Let's talk about dating. #growth #mentalhealth,Organic,Carousel,Question Hook,0.0,Afternoon (12-4 PM),7163,491,129,61,166,21017,21068,0.49,5,#Dating #struggle,Link in bio,Question to Audience,Millennials
CONTENT_BA1C3AB9,TikTok,2026-07-17 23:41:46,Self Confidence,The truth about self confidence,Let's talk about self confidence. #growth #mentalhealth,Organic,Carousel,Visual Hook,0.0,Afternoon (12-4 PM),51961,3248,794,1473,626,6109,6440,0.25,1,#SelfConfidence #struggle,Follow for more,Long-form vulnerable,Millennials
CONTENT_E12943D5,YouTube,2026-06-14 23:41:46,Self Confidence,The truth about self confidence,Let's talk about self confidence. #growth #mentalhealth,Organic,Short Video,Audio Hook,49.1,Morning (8-11 AM),43136,2600,585,1349,1527,9905,10561,0.36,1,#SelfConfidence #struggle,None,Emotion + Personal Story,Gen Z
CONTENT_88703835,TikTok,2026-05-09 23:41:46,Academic Stress,The truth about academic stress,Let's talk about academic stress. #growth #mentalhealth,Organic,Short Video,Question Hook,32.9,Afternoon (12-4 PM),37472,4000,574,1545,169,26003,26213,0.35,6,#AcademicStress #struggle,Save for later,Emotion + Personal Story,Gen Z
CONTENT_8F65C1BA,TikTok,2026-03-12 23:41:46,Social Anxiety,The truth about social anxiety,Let's talk about social anxiety. #growth #mentalhealth,Organic,Long Video,Text Hook,538.1,Night (9 PM-12 AM),37238,4896,230,2092,2029,17405,18101,0.24,9,#SocialAnxiety #struggle,Follow for more,Question to Audience,Millennials
CONTENT_4D0E1CA3,TikTok,2026-05-01 23:41:46,Academic Stress,The truth about academic stress,Let's talk about academic stress. #growth #mentalhealth,Organic,Carousel,Question Hook,0.0,Evening (5-8 PM),21010,2057,299,1025,367,19311,19678,0.36,3,#AcademicStress #struggle,Comment your thoughts,Question to Audience,Millennials
CONTENT_0D457AEF,Instagram,2026-04-02 23:41:46,Social Anxiety,The truth about social anxiety,Let's talk about social anxiety. #growth #mentalhealth,Organic,Long Video,Story Hook,380.4,Night (9 PM-12 AM),3291,237,37,416,56,47804,47917,0.36,4,#SocialAnxiety #struggle,Share this,Question to Audience,Students
CONTENT_A5E97CBA,YouTube,2026-07-02 23:41:46,Overthinking,The truth about overthinking,Let's talk about overthinking. #growth #mentalhealth,Organic,Long Video,Text Hook,366.7,Morning (8-11 AM),9528,504,104,834,774,46350,46572,0.34,6,#Overthinking #struggle,Follow for more,Long-form vulnerable,Students
CONTENT_A493B99D,Instagram,2026-05-08 23:41:46,Academic Stress,The truth about academic stress,Let's talk about academic stress. #growth #mentalhealth,Organic,Short Video,Story Hook,25.6,Evening (5-8 PM),6186,700,65,61,397,5648,5704,0.64,8,#AcademicStress #struggle,Save for later,Emotion + Personal Story,Students
CONTENT_247D966C,TikTok,2026-03-19 23:41:46,Loneliness,The truth about loneliness,Let's talk about loneliness. #growth #mentalhealth,Organic,Short Video,Audio Hook,58.6,Morning (8-11 AM),126790,14666,1252,1879,11073,37142,38675,0.4,6,#Loneliness #struggle,Follow for more,Educational / Tips,General
CONTENT_CEEC5EF5,TikTok,2026-07-07 23:41:46,Career Pressure,The truth about career pressure,Let's talk about career pressure. #growth #mentalhealth,Organic,Carousel,Visual Hook,0.0,Morning (8-11 AM),25736,1716,193,1184,475,16563,16875,0.48,6,#CareerPressure #struggle,Share this,Question to Audience,Professionals
CONTENT_BEBB7C57,YouTube,2026-03-21 23:41:46,Social Anxiety,The truth about social anxiety,Let's talk about social anxiety. #growth #mentalhealth,Organic,Short Video,Text Hook,38.9,Morning (8-11 AM),1957,105,13,38,18,30856,30867,0.67,4,#SocialAnxiety #struggle,None,Long-form vulnerable,Millennials
CONTENT_704E45E3,TikTok,2026-07-11 23:41:46,Financial Stress,The truth about financial stress,Let's talk about financial stress. #growth #mentalhealth,Organic,Short Video,Text Hook,43.8,Morning (8-11 AM),8620,852,129,61,64,13595,13626,0.51,8,#FinancialStress #struggle,Follow for more,Educational / Tips,General
CONTENT_E4E92AFA,TikTok,2026-06-30 23:41:46,Social Anxiety,The truth about social anxiety,Let's talk about social anxiety. #growth #mentalhealth,Organic,Long Video,Story Hook,205.0,Evening (5-8 PM),59482,7959,1140,221,2081,25089,25615,0.48,8,#SocialAnxiety #struggle,Save for later,Emotion + Personal Story,Students
CONTENT_42696AB8,YouTube,2026-05-16 23:41:46,Self Confidence,The truth about self confidence,Let's talk about self confidence. #growth #mentalhealth,Organic,Short Video,Story Hook,44.3,Night (9 PM-12 AM),19902,1091,391,1482,753,20614,21140,0.8,6,#SelfConfidence #struggle,Share this,Question to Audience,Professionals
CONTENT_4D5134B6,Instagram,2026-07-30 23:41:46,Overthinking,The truth about overthinking,Let's talk about overthinking. #growth #mentalhealth,Organic,Carousel,Visual Hook,0.0,Evening (5-8 PM),4703,619,31,308,144,24616,24689,0.37,3,#Overthinking #struggle,None,Question to Audience,General
CONTENT_D3F1CAE2,Instagram,2026-08-10 23:41:46,Academic Stress,The truth about academic stress,Let's talk about academic stress. #growth #mentalhealth,Organic,Short Video,Visual Hook,25.2,Evening (5-8 PM),16303,1825,194,449,776,44461,44768,0.67,5,#AcademicStress #struggle,Comment your thoughts,Educational / Tips,General
CONTENT_ABA2DD06,TikTok,2026-04-03 23:41:46,Dating,The truth about dating,Let's talk about dating. #growth #mentalhealth,Organic,Short Video,Audio Hook,39.7,Night (9 PM-12 AM),3685,447,47,39,5,28764,28779,0.6,3,#Dating #struggle,Link in bio,Question to Audience,General
CONTENT_59D4E38D,YouTube,2026-06-06 23:41:46,Loneliness,The truth about loneliness,Let's talk about loneliness. #growth #mentalhealth,Organic,Short Video,Story Hook,26.6,Night (9 PM-12 AM),4303,447,41,311,159,44596,44677,0.72,7,#Loneliness #struggle,Follow for more,Question to Audience,Millennials
CONTENT_FD77637D,TikTok,2026-07-28 23:41:46,Overthinking,The truth about overthinking,Let's talk about overthinking. #growth #mentalhealth,Organic,Short Video,Visual Hook,23.3,Afternoon (12-4 PM),3619,334,22,202,20,14673,14701,0.77,6,#Overthinking #struggle,None,Long-form vulnerable,Students
CONTENT_2E3019C5,TikTok,2026-05-17 23:41:46,Dating,The truth about dating,Let's talk about dating. #growth #mentalhealth,Organic,Short Video,Text Hook,33.5,Night (9 PM-12 AM),1630,126,28,55,66,38778,38802,0.61,1,#Dating #struggle,Follow for more,Short & Punchy,Students
CONTENT_D9A557D0,TikTok,2026-05-12 23:41:46,Relationships,The truth about relationships,Let's talk about relationships. #growth #mentalhealth,Organic,Short Video,Visual Hook,16.1,Afternoon (12-4 PM),4469,494,58,60,214,8421,8451,0.66,7,#Relationships #struggle,Save for later,Long-form vulnerable,Millennials
CONTENT_F20524B2,Instagram,2026-05-21 23:41:46,Academic Stress,The truth about academic stress,Let's talk about academic stress. #growth #mentalhealth,Organic,Short Video,Visual Hook,15.7,Morning (8-11 AM),60390,5056,1122,295,313,46408,46566,0.64,6,#AcademicStress #struggle,Link in bio,Emotion + Personal Story,Students
CONTENT_1E711F19,YouTube,2026-05-18 23:41:46,Academic Stress,The truth about academic stress,Let's talk about academic stress. #growth #mentalhealth,Organic,Carousel,Question Hook,0.0,Morning (8-11 AM),3715,423,33,127,68,46113,46143,0.13,7,#AcademicStress #struggle,Save for later,Question to Audience,Millennials
CONTENT_1C6E7234,TikTok,2026-07-27 23:41:46,Academic Stress,The truth about academic stress,Let's talk about academic stress. #growth #mentalhealth,Organic,Single Image,Question Hook,0.0,Night (9 PM-12 AM),2350,266,38,13,81,4083,4096,0.48,7,#AcademicStress #struggle,Save for later,Question to Audience,Professionals
CONTENT_F23A2C9A,Instagram,2026-07-29 23:41:46,Dating,The truth about dating,Let's talk about dating. #growth #mentalhealth,Organic,Single Image,Question Hook,0.0,Morning (8-11 AM),10323,1053,148,408,671,12023,12211,0.44,7,#Dating #struggle,Save for later,Educational / Tips,General
CONTENT_B3550F64,TikTok,2026-03-21 23:41:46,Academic Stress,The truth about academic stress,Let's talk about academic stress. #growth #mentalhealth,Organic,Short Video,Audio Hook,39.9,Morning (8-11 AM),2951,324,37,116,86,6435,6485,0.48,1,#AcademicStress #struggle,Comment your thoughts,Educational / Tips,Millennials
CONTENT_C9850936,Instagram,2026-03-19 23:41:46,Self Confidence,The truth about self confidence,Let's talk about self confidence. #growth #mentalhealth,Organic,Long Video,Text Hook,466.3,Afternoon (12-4 PM),586,41,10,1,5,8373,8374,0.16,2,#SelfConfidence #struggle,Link in bio,Emotion + Personal Story,General
CONTENT_249DF4C9,Instagram,2026-03-21 23:41:46,Relationships,The truth about relationships,Let's talk about relationships. #growth #mentalhealth,Organic,Single Image,Visual Hook,0.0,Afternoon (12-4 PM),14953,1743,102,33,113,47659,47677,0.53,4,#Relationships #struggle,Link in bio,Educational / Tips,General
CONTENT_C2B30F71,TikTok,2026-08-15 23:41:46,Social Anxiety,The truth about social anxiety,Let's talk about social anxiety. #growth #mentalhealth,Organic,Long Video,Story Hook,417.4,Evening (5-8 PM),9809,639,58,203,200,37618,37712,0.46,9,#SocialAnxiety #struggle,Comment your thoughts,Short & Punchy,Gen Z
CONTENT_C4E330B4,Instagram,2026-05-11 23:41:46,Social Anxiety,The truth about social anxiety,Let's talk about social anxiety. #growth #mentalhealth,Organic,Short Video,Audio Hook,46.1,Evening (5-8 PM),16177,2125,230,307,964,38285,38486,0.7,4,#SocialAnxiety #struggle,Follow for more,Long-form vulnerable,Professionals
CONTENT_D6769C12,Instagram,2026-08-23 23:41:46,Academic Stress,The truth about academic stress,Let's talk about academic stress. #growth #mentalhealth,Organic,Short Video,Story Hook,49.6,Morning (8-11 AM),4235,387,51,168,125,25022,25056,0.4,1,#AcademicStress #struggle,None,Long-form vulnerable,General
CONTENT_178E15F2,Instagram,2026-09-05 23:41:46,Overthinking,The truth about overthinking,Let's talk about overthinking. #growth #mentalhealth,Organic,Long Video,Story Hook,151.0,Afternoon (12-4 PM),9711,1112,121,484,145,38487,38637,0.31,6,#Overthinking #struggle,Link in bio,Educational / Tips,General
CONTENT_0942E50C,TikTok,2026-04-12 23:41:46,Financial Stress,The truth about financial stress,Let's talk about financial stress. #growth #mentalhealth,Organic,Short Video,Visual Hook,29.2,Night (9 PM-12 AM),6580,616,58,306,132,26364,26477,0.68,6,#FinancialStress #struggle,Save for later,Emotion + Personal Story,Gen Z
CONTENT_7C3D762E,YouTube,2026-03-30 23:41:46,Social Anxiety,The truth about social anxiety,Let's talk about social anxiety. #growth #mentalhealth,Organic,Long Video,Audio Hook,474.0,Morning (8-11 AM),199267,11652,3137,16062,2210,12280,17475,0.12,4,#SocialAnxiety #struggle,Link in bio,Short & Punchy,Students
CONTENT_D365AC77,Instagram,2026-07-23 23:41:46,Overthinking,The truth about overthinking,Let's talk about overthinking. #growth #mentalhealth,Organic,Long Video,Question Hook,203.6,Evening (5-8 PM),11932,1384,196,48,161,45251,45300,0.14,9,#Overthinking #struggle,Save for later,Educational / Tips,Millennials
CONTENT_EA570C62,YouTube,2026-07-31 23:41:46,Social Anxiety,The truth about social anxiety,Let's talk about social anxiety. #growth #mentalhealth,Organic,Short Video,Question Hook,18.1,Afternoon (12-4 PM),15169,1247,104,1487,832,43676,44289,0.66,1,#SocialAnxiety #struggle,Comment your thoughts,Educational / Tips,Gen Z
CONTENT_70B78AB6,TikTok,2026-07-06 23:41:46,Academic Stress,The truth about academic stress,Let's talk about academic stress. #growth #mentalhealth,Organic,Short Video,Question Hook,42.6,Afternoon (12-4 PM),24928,1846,170,1108,813,13258,13680,0.68,1,#AcademicStress #struggle,Comment your thoughts,Question to Audience,Gen Z
CONTENT_E3247A81,Instagram,2026-04-07 23:41:46,Loneliness,The truth about loneliness,Let's talk about loneliness. #growth #mentalhealth,Organic,Long Video,Story Hook,524.2,Afternoon (12-4 PM),44246,2997,582,1256,2185,49908,50306,0.46,4,#Loneliness #struggle,Comment your thoughts,Short & Punchy,Millennials
CONTENT_4A9D5643,Instagram,2026-04-03 23:41:46,Dating,The truth about dating,Let's talk about dating. #growth #mentalhealth,Organic,Long Video,Question Hook,318.4,Morning (8-11 AM),19506,2425,276,559,677,6926,7164,0.4,8,#Dating #struggle,None,Educational / Tips,Millennials
CONTENT_0C7551CD,YouTube,2026-07-24 23:41:46,Social Anxiety,The truth about social anxiety,Let's talk about social anxiety. #growth #mentalhealth,Organic,Short Video,Story Hook,59.6,Evening (5-8 PM),13857,975,184,864,254,32656,32849,0.72,6,#SocialAnxiety #struggle,None,Question to Audience,Gen Z
CONTENT_B189BAE9,YouTube,2026-07-19 23:41:46,Social Anxiety,The truth about social anxiety,Let's talk about social anxiety. #growth #mentalhealth,Organic,Carousel,Story Hook,0.0,Morning (8-11 AM),4071,511,71,357,365,35947,36060,0.47,8,#SocialAnxiety #struggle,None,Short & Punchy,Millennials
CONTENT_E7E8476C,YouTube,2026-07-19 23:41:46,Academic Stress,The truth about academic stress,Let's talk about academic stress. #growth #mentalhealth,Organic,Short Video,Story Hook,42.9,Afternoon (12-4 PM),72728,7914,888,2650,443,24225,24891,0.44,8,#AcademicStress #struggle,None,Educational / Tips,Millennials
CONTENT_59497902,YouTube,2026-08-29 23:41:46,Self Confidence,The truth about self confidence,Let's talk about self confidence. #growth #mentalhealth,Organic,Short Video,Audio Hook,43.6,Morning (8-11 AM),4459,533,72,159,265,49831,49905,0.36,7,#SelfConfidence #struggle,Save for later,Emotion + Personal Story,Gen Z
CONTENT_0FD7E6B3,Instagram,2026-07-31 23:41:46,Social Anxiety,The truth about social anxiety,Let's talk about social anxiety. #growth #mentalhealth,Organic,Short Video,Audio Hook,48.1,Night (9 PM-12 AM),3398,436,23,336,230,49998,50109,0.55,9,#SocialAnxiety #struggle,None,Question to Audience,General
CONTENT_5BFC7E35,Instagram,2026-06-10 23:41:46,Financial Stress,The truth about financial stress,Let's talk about financial stress. #growth #mentalhealth,Organic,Short Video,Audio Hook,41.4,Morning (8-11 AM),169990,20359,3220,8005,2329,6017,8819,0.53,4,#FinancialStress #struggle,Comment your thoughts,Emotion + Personal Story,General
CONTENT_F661BA07,YouTube,2026-03-23 23:41:46,Loneliness,The truth about loneliness,Let's talk about loneliness. #growth #mentalhealth,Organic,Short Video,Text Hook,17.2,Night (9 PM-12 AM),10471,1017,54,66,52,38766,38786,0.67,6,#Loneliness #struggle,Follow for more,Educational / Tips,Gen Z
CONTENT_B439C633,TikTok,2026-08-16 23:41:46,Overthinking,The truth about overthinking,Let's talk about overthinking. #growth #mentalhealth,Organic,Short Video,Story Hook,16.5,Night (9 PM-12 AM),4233,595,30,139,295,32358,32412,0.43,4,#Overthinking #struggle,Follow for more,Long-form vulnerable,Millennials
CONTENT_3D1069EE,YouTube,2026-07-14 23:41:46,Overthinking,The truth about overthinking,Let's talk about overthinking. #growth #mentalhealth,Organic,Carousel,Visual Hook,0.0,Morning (8-11 AM),2757,265,53,99,32,8345,8376,0.43,9,#Overthinking #struggle,Follow for more,Emotion + Personal Story,Gen Z
CONTENT_10557750,Instagram,2026-03-31 23:41:46,Financial Stress,The truth about financial stress,Let's talk about financial stress. #growth #mentalhealth,Organic,Short Video,Question Hook,39.4,Afternoon (12-4 PM),24659,2586,349,578,610,14140,14282,0.62,2,#FinancialStress #struggle,None,Educational / Tips,Millennials
CONTENT_F7752798,Instagram,2026-07-30 23:41:46,Relationships,The truth about relationships,Let's talk about relationships. #growth #mentalhealth,Organic,Short Video,Question Hook,50.4,Night (9 PM-12 AM),6691,865,83,60,114,31573,31615,0.69,6,#Relationships #struggle,Link in bio,Question to Audience,Students
CONTENT_57225A09,TikTok,2026-08-23 23:41:46,Career Pressure,The truth about career pressure,Let's talk about career pressure. #growth #mentalhealth,Organic,Single Image,Text Hook,0.0,Night (9 PM-12 AM),2386,125,14,42,35,42971,42989,0.41,9,#CareerPressure #struggle,None,Short & Punchy,Millennials
CONTENT_84FDEF83,YouTube,2026-05-08 23:41:46,Social Anxiety,The truth about social anxiety,Let's talk about social anxiety. #growth #mentalhealth,Organic,Short Video,Audio Hook,23.4,Night (9 PM-12 AM),10736,833,103,657,885,38991,39267,0.6,2,#SocialAnxiety #struggle,Share this,Short & Punchy,General
CONTENT_0EA92E74,TikTok,2026-03-21 23:41:46,Productivity,The truth about productivity,Let's talk about productivity. #growth #mentalhealth,Organic,Short Video,Visual Hook,24.1,Night (9 PM-12 AM),4232,589,62,69,169,6906,6962,0.47,7,#Productivity #struggle,Comment your thoughts,Emotion + Personal Story,General
CONTENT_84CE86D0,TikTok,2026-07-20 23:41:46,Financial Stress,The truth about financial stress,Let's talk about financial stress. #growth #mentalhealth,Organic,Long Video,Story Hook,199.7,Afternoon (12-4 PM),5874,301,78,21,242,25217,25241,0.26,9,#FinancialStress #struggle,Share this,Question to Audience,Millennials
CONTENT_B8B5DE94,YouTube,2026-08-12 23:41:46,Social Anxiety,The truth about social anxiety,Let's talk about social anxiety. #growth #mentalhealth,Organic,Carousel,Visual Hook,0.0,Evening (5-8 PM),63982,7368,621,5264,7620,42945,44606,0.56,1,#SocialAnxiety #struggle,Save for later,Long-form vulnerable,Professionals
CONTENT_E7802C05,TikTok,2026-08-24 23:41:46,Social Anxiety,The truth about social anxiety,Let's talk about social anxiety. #growth #mentalhealth,Organic,Short Video,Text Hook,42.6,Afternoon (12-4 PM),291747,38107,5151,18714,3774,23433,27131,0.6,7,#SocialAnxiety #struggle,Comment your thoughts,Emotion + Personal Story,Students
CONTENT_40C91015,TikTok,2026-08-01 23:41:46,Dating,The truth about dating,Let's talk about dating. #growth #mentalhealth,Organic,Carousel,Audio Hook,0.0,Night (9 PM-12 AM),710,50,7,1,11,45333,45335,0.45,9,#Dating #struggle,Link in bio,Short & Punchy,Students
CONTENT_8A62B39E,Instagram,2026-06-30 23:41:46,Self Confidence,The truth about self confidence,Let's talk about self confidence. #growth #mentalhealth,Organic,Short Video,Visual Hook,45.2,Afternoon (12-4 PM),2965,284,53,58,144,13109,13143,0.58,8,#SelfConfidence #struggle,None,Educational / Tips,Gen Z
CONTENT_3F79910E,YouTube,2026-07-29 23:41:46,Career Pressure,The truth about career pressure,Let's talk about career pressure. #growth #mentalhealth,Organic,Single Image,Text Hook,0.0,Evening (5-8 PM),10149,525,197,242,422,14074,14233,0.42,5,#CareerPressure #struggle,Share this,Long-form vulnerable,Students
CONTENT_EBD0CDB4,Instagram,2026-05-10 23:41:46,Social Anxiety,The truth about social anxiety,Let's talk about social anxiety. #growth #mentalhealth,Organic,Short Video,Visual Hook,27.8,Night (9 PM-12 AM),58001,3274,1053,3911,4708,6374,7257,0.64,3,#SocialAnxiety #struggle,Save for later,Short & Punchy,Millennials
CONTENT_BA8EFF75,TikTok,2026-06-04 23:41:46,Loneliness,The truth about loneliness,Let's talk about loneliness. #growth #mentalhealth,Organic,Long Video,Question Hook,407.5,Morning (8-11 AM),2574,152,47,224,19,45096,45121,0.15,8,#Loneliness #struggle,Follow for more,Question to Audience,Students
CONTENT_615A963A,TikTok,2026-08-18 23:41:46,Loneliness,The truth about loneliness,Let's talk about loneliness. #growth #mentalhealth,Organic,Short Video,Audio Hook,22.4,Afternoon (12-4 PM),135411,15930,944,5373,6068,12093,13664,0.56,7,#Loneliness #struggle,Follow for more,Emotion + Personal Story,Gen Z
CONTENT_6F09FEF5,YouTube,2026-08-24 23:41:46,Career Pressure,The truth about career pressure,Let's talk about career pressure. #growth #mentalhealth,Organic,Short Video,Visual Hook,31.3,Afternoon (12-4 PM),8411,458,59,201,194,43604,43676,0.59,3,#CareerPressure #struggle,Follow for more,Long-form vulnerable,Students
CONTENT_F98A39DC,Instagram,2026-04-15 23:41:46,Dating,The truth about dating,Let's talk about dating. #growth #mentalhealth,Organic,Long Video,Visual Hook,143.8,Afternoon (12-4 PM),12161,1170,140,248,38,23760,23813,0.31,9,#Dating #struggle,None,Emotion + Personal Story,General
CONTENT_38E354ED,Instagram,2026-06-26 23:41:46,Career Pressure,The truth about career pressure,Let's talk about career pressure. #growth #mentalhealth,Organic,Long Video,Visual Hook,356.9,Evening (5-8 PM),11995,1790,83,109,241,9210,9268,0.48,1,#CareerPressure #struggle,None,Long-form vulnerable,Millennials
CONTENT_92FB7165,YouTube,2026-05-24 23:41:46,Financial Stress,The truth about financial stress,Let's talk about financial stress. #growth #mentalhealth,Organic,Carousel,Visual Hook,0.0,Evening (5-8 PM),5523,718,82,38,118,14395,14434,0.47,3,#FinancialStress #struggle,Link in bio,Emotion + Personal Story,Millennials
CONTENT_71650566,YouTube,2026-07-18 23:41:46,Self Confidence,The truth about self confidence,Let's talk about self confidence. #growth #mentalhealth,Organic,Long Video,Text Hook,405.0,Evening (5-8 PM),15375,1746,287,197,144,12777,12841,0.1,8,#SelfConfidence #struggle,Share this,Educational / Tips,Gen Z
CONTENT_88C9E4FB,Instagram,2026-06-16 23:41:46,Self Confidence,The truth about self confidence,Let's talk about self confidence. #growth #mentalhealth,Organic,Long Video,Audio Hook,160.5,Morning (8-11 AM),21465,1537,257,138,428,18514,18607,0.42,7,#SelfConfidence #struggle,Share this,Emotion + Personal Story,General
CONTENT_9180D8FC,TikTok,2026-08-17 23:41:46,Relationships,The truth about relationships,Let's talk about relationships. #growth #mentalhealth,Organic,Long Video,Question Hook,304.4,Afternoon (12-4 PM),4832,521,79,142,92,2141,2193,0.28,2,#Relationships #struggle,Comment your thoughts,Question to Audience,General
CONTENT_FA7A96BE,YouTube,2026-08-18 23:41:46,Self Confidence,The truth about self confidence,Let's talk about self confidence. #growth #mentalhealth,Organic,Short Video,Visual Hook,57.6,Morning (8-11 AM),17785,901,191,374,289,9767,9908,0.55,1,#SelfConfidence #struggle,Comment your thoughts,Question to Audience,Gen Z
CONTENT_0978BDB0,YouTube,2026-04-08 23:41:46,Social Anxiety,The truth about social anxiety,Let's talk about social anxiety. #growth #mentalhealth,Organic,Short Video,Audio Hook,58.4,Evening (5-8 PM),661,35,3,11,2,15138,15139,0.45,5,#SocialAnxiety #struggle,Comment your thoughts,Educational / Tips,General
CONTENT_68344C31,Instagram,2026-04-27 23:41:46,Academic Stress,The truth about academic stress,Let's talk about academic stress. #growth #mentalhealth,Organic,Short Video,Audio Hook,35.0,Evening (5-8 PM),10762,1191,78,321,190,46123,46265,0.34,2,#AcademicStress #struggle,Share this,Long-form vulnerable,General
CONTENT_AEE040A2,Instagram,2026-04-02 23:41:46,Overthinking,The truth about overthinking,Let's talk about overthinking. #growth #mentalhealth,Organic,Short Video,Text Hook,26.7,Afternoon (12-4 PM),19971,1113,202,499,1499,10714,10934,0.38,3,#Overthinking #struggle,Follow for more,Long-form vulnerable,Millennials
CONTENT_8ABB4956,TikTok,2026-05-12 23:41:46,Loneliness,The truth about loneliness,Let's talk about loneliness. #growth #mentalhealth,Organic,Short Video,Visual Hook,54.6,Evening (5-8 PM),98872,6934,1080,8458,6377,27485,29458,0.65,5,#Loneliness #struggle,Follow for more,Educational / Tips,Professionals
CONTENT_B3E44A07,YouTube,2026-04-26 23:41:46,Academic Stress,The truth about academic stress,Let's talk about academic stress. #growth #mentalhealth,Organic,Short Video,Story Hook,50.6,Afternoon (12-4 PM),238519,30869,2179,641,11570,1882,3779,0.45,7,#AcademicStress #struggle,None,Educational / Tips,Students
CONTENT_0A61C4AA,Instagram,2026-08-29 23:41:46,Career Pressure,The truth about career pressure,Let's talk about career pressure. #growth #mentalhealth,Organic,Short Video,Audio Hook,56.3,Evening (5-8 PM),81338,7775,947,3296,1980,49456,50020,0.66,1,#CareerPressure #struggle,Follow for more,Emotion + Personal Story,Gen Z
CONTENT_3B956F26,YouTube,2026-07-25 23:41:46,Relationships,The truth about relationships,Let's talk about relationships. #growth #mentalhealth,Organic,Short Video,Audio Hook,16.4,Evening (5-8 PM),3025,218,48,73,157,22162,22217,0.69,5,#Relationships #struggle,Save for later,Question to Audience,Millennials
CONTENT_85135382,Instagram,2026-07-20 23:41:46,Career Pressure,The truth about career pressure,Let's talk about career pressure. #growth #mentalhealth,Organic,Carousel,Visual Hook,0.0,Afternoon (12-4 PM),40618,2089,652,1950,178,21620,22158,0.32,1,#CareerPressure #struggle,Share this,Question to Audience,Professionals
CONTENT_9042CD0C,Instagram,2026-04-23 23:41:46,Self Confidence,The truth about self confidence,Let's talk about self confidence. #growth #mentalhealth,Organic,Short Video,Visual Hook,18.5,Afternoon (12-4 PM),27290,2475,163,761,872,45716,46073,0.56,3,#SelfConfidence #struggle,Comment your thoughts,Short & Punchy,Millennials
CONTENT_34E1317A,TikTok,2026-05-01 23:41:46,Social Anxiety,The truth about social anxiety,Let's talk about social anxiety. #growth #mentalhealth,Organic,Long Video,Text Hook,459.4,Night (9 PM-12 AM),871,68,14,14,22,37469,37474,0.19,1,#SocialAnxiety #struggle,None,Emotion + Personal Story,Gen Z
CONTENT_E1A94A95,YouTube,2026-08-16 23:41:46,Dating,The truth about dating,Let's talk about dating. #growth #mentalhealth,Organic,Short Video,Audio Hook,33.7,Morning (8-11 AM),3354,230,52,77,138,2589,2610,0.6,2,#Dating #struggle,None,Question to Audience,Students
CONTENT_48E5FA36,YouTube,2026-06-10 23:41:46,Career Pressure,The truth about career pressure,Let's talk about career pressure. #growth #mentalhealth,Organic,Short Video,Question Hook,56.3,Morning (8-11 AM),3710,512,64,53,76,47520,47531,0.36,2,#CareerPressure #struggle,Comment your thoughts,Emotion + Personal Story,Millennials
CONTENT_9F57EC24,Instagram,2026-04-29 23:41:46,Loneliness,The truth about loneliness,Let's talk about loneliness. #growth #mentalhealth,Organic,Short Video,Question Hook,18.7,Morning (8-11 AM),163320,21667,1134,20721,4807,32331,39331,0.67,3,#Loneliness #struggle,Share this,Emotion + Personal Story,Students
CONTENT_0E610B8E,Instagram,2026-08-31 23:41:46,Self Confidence,The truth about self confidence,Let's talk about self confidence. #growth #mentalhealth,Organic,Short Video,Text Hook,32.4,Morning (8-11 AM),89008,5936,1397,886,1303,34290,34869,0.3,9,#SelfConfidence #struggle,Link in bio,Long-form vulnerable,Students
CONTENT_766CF707,YouTube,2026-03-22 23:41:46,Overthinking,The truth about overthinking,Let's talk about overthinking. #growth #mentalhealth,Organic,Long Video,Text Hook,292.8,Morning (8-11 AM),39012,3902,448,2503,4083,10083,11621,0.48,5,#Overthinking #struggle,Save for later,Long-form vulnerable,Students
CONTENT_6F95B949,YouTube,2026-05-02 23:41:46,Relationships,The truth about relationships,Let's talk about relationships. #growth #mentalhealth,Organic,Short Video,Visual Hook,36.3,Afternoon (12-4 PM),8392,929,79,312,138,20604,20708,0.67,1,#Relationships #struggle,Follow for more,Question to Audience,General
CONTENT_783257FB,YouTube,2026-06-17 23:41:46,Career Pressure,The truth about career pressure,Let's talk about career pressure. #growth #mentalhealth,Organic,Short Video,Visual Hook,20.0,Morning (8-11 AM),21858,1677,383,280,997,37609,37722,0.61,3,#CareerPressure #struggle,None,Emotion + Personal Story,Professionals
CONTENT_85697D6C,YouTube,2026-08-31 23:41:46,Academic Stress,The truth about academic stress,Let's talk about academic stress. #growth #mentalhealth,Organic,Long Video,Question Hook,467.9,Night (9 PM-12 AM),53888,4134,447,2631,385,45724,46069,0.28,9,#AcademicStress #struggle,Follow for more,Educational / Tips,General
CONTENT_2507F9AF,Instagram,2026-03-17 23:41:46,Career Pressure,The truth about career pressure,Let's talk about career pressure. #growth #mentalhealth,Organic,Short Video,Story Hook,49.8,Morning (8-11 AM),5531,469,58,185,154,21936,22002,0.61,7,#CareerPressure #struggle,Comment your thoughts,Emotion + Personal Story,General
CONTENT_5536C5E6,TikTok,2026-09-03 23:41:46,Academic Stress,The truth about academic stress,Let's talk about academic stress. #growth #mentalhealth,Organic,Short Video,Audio Hook,25.3,Morning (8-11 AM),9022,878,52,446,172,27423,27602,0.6,6,#AcademicStress #struggle,Save for later,Emotion + Personal Story,Gen Z
CONTENT_CC6645C6,Instagram,2026-05-13 23:41:46,Dating,The truth about dating,Let's talk about dating. #growth #mentalhealth,Organic,Short Video,Text Hook,43.0,Morning (8-11 AM),894,96,6,23,40,8006,8019,0.61,4,#Dating #struggle,Link in bio,Question to Audience,Gen Z
CONTENT_D1263EC3,YouTube,2026-05-26 23:41:46,Relationships,The truth about relationships,Let's talk about relationships. #growth #mentalhealth,Organic,Carousel,Text Hook,0.0,Afternoon (12-4 PM),2315,337,29,109,111,45605,45655,0.15,3,#Relationships #struggle,Link in bio,Long-form vulnerable,Students
CONTENT_30846705,YouTube,2026-06-07 23:41:46,Relationships,The truth about relationships,Let's talk about relationships. #growth #mentalhealth,Organic,Long Video,Visual Hook,597.6,Night (9 PM-12 AM),178704,15937,2660,2854,8509,32279,34020,0.41,9,#Relationships #struggle,Share this,Question to Audience,Professionals
CONTENT_FB1D761F,Instagram,2026-06-11 23:41:46,Loneliness,The truth about loneliness,Let's talk about loneliness. #growth #mentalhealth,Organic,Single Image,Text Hook,0.0,Afternoon (12-4 PM),3538,316,68,269,85,9199,9285,0.38,7,#Loneliness #struggle,Save for later,Emotion + Personal Story,Professionals
CONTENT_686A6453,YouTube,2026-08-26 23:41:46,Financial Stress,The truth about financial stress,Let's talk about financial stress. #growth #mentalhealth,Organic,Carousel,Story Hook,0.0,Afternoon (12-4 PM),70105,9361,1175,3251,855,44178,44619,0.44,7,#FinancialStress #struggle,Follow for more,Short & Punchy,General
CONTENT_E46E00E9,YouTube,2026-03-26 23:41:46,Dating,The truth about dating,Let's talk about dating. #growth #mentalhealth,Organic,Short Video,Question Hook,15.0,Morning (8-11 AM),1995051,226526,12690,91778,94955,21058,47102,0.49,4,#Dating #struggle,None,Long-form vulnerable,Students
CONTENT_3C01CAF9,YouTube,2026-03-31 23:41:46,Loneliness,The truth about loneliness,Let's talk about loneliness. #growth #mentalhealth,Organic,Short Video,Visual Hook,55.6,Afternoon (12-4 PM),2110,311,11,49,11,35681,35699,0.75,8,#Loneliness #struggle,Comment your thoughts,Long-form vulnerable,Gen Z
CONTENT_531DE31A,TikTok,2026-06-01 23:41:46,Financial Stress,The truth about financial stress,Let's talk about financial stress. #growth #mentalhealth,Organic,Long Video,Audio Hook,398.4,Night (9 PM-12 AM),73325,6254,1350,3280,2370,3179,4538,0.21,2,#FinancialStress #struggle,Save for later,Question to Audience,General
CONTENT_88D3F901,YouTube,2026-08-20 23:41:46,Loneliness,The truth about loneliness,Let's talk about loneliness. #growth #mentalhealth,Organic,Short Video,Audio Hook,53.5,Night (9 PM-12 AM),18478,1055,111,954,700,49407,49808,0.38,8,#Loneliness #struggle,Comment your thoughts,Educational / Tips,Students
CONTENT_814E1186,TikTok,2026-08-24 23:41:46,Dating,The truth about dating,Let's talk about dating. #growth #mentalhealth,Organic,Carousel,Story Hook,0.0,Night (9 PM-12 AM),16899,1768,219,361,449,35148,35326,0.36,7,#Dating #struggle,Link in bio,Long-form vulnerable,General
CONTENT_C320907F,TikTok,2026-06-29 23:41:46,Academic Stress,The truth about academic stress,Let's talk about academic stress. #growth #mentalhealth,Organic,Carousel,Question Hook,0.0,Night (9 PM-12 AM),6190,762,90,395,134,36517,36649,0.22,3,#AcademicStress #struggle,Share this,Emotion + Personal Story,Professionals
CONTENT_DCF05E97,TikTok,2026-03-26 23:41:46,Financial Stress,The truth about financial stress,Let's talk about financial stress. #growth #mentalhealth,Organic,Short Video,Story Hook,41.6,Afternoon (12-4 PM),5151,622,38,152,245,13297,13366,0.62,9,#FinancialStress #struggle,None,Short & Punchy,General
CONTENT_F61112D2,Instagram,2026-07-13 23:41:46,Loneliness,The truth about loneliness,Let's talk about loneliness. #growth #mentalhealth,Organic,Carousel,Visual Hook,0.0,Evening (5-8 PM),20550,2944,357,1659,258,14689,15153,0.35,1,#Loneliness #struggle,Comment your thoughts,Educational / Tips,Professionals
CONTENT_5C391CE0,TikTok,2026-06-30 23:41:46,Social Anxiety,The truth about social anxiety,Let's talk about social anxiety. #growth #mentalhealth,Organic,Short Video,Question Hook,22.1,Night (9 PM-12 AM),25219,2358,333,1486,408,34919,35443,0.57,4,#SocialAnxiety #struggle,Share this,Short & Punchy,Millennials
CONTENT_78C5A8D1,YouTube,2026-03-22 23:41:46,Self Confidence,The truth about self confidence,Let's talk about self confidence. #growth #mentalhealth,Organic,Carousel,Question Hook,0.0,Night (9 PM-12 AM),4133,544,54,170,91,40194,40242,0.38,3,#SelfConfidence #struggle,Share this,Short & Punchy,Students
CONTENT_F1975418,YouTube,2026-09-04 23:41:46,Dating,The truth about dating,Let's talk about dating. #growth #mentalhealth,Organic,Carousel,Visual Hook,0.0,Night (9 PM-12 AM),47264,6221,591,1494,1371,25335,26105,0.33,4,#Dating #struggle,None,Question to Audience,Gen Z
CONTENT_139ECE24,Instagram,2026-06-29 23:41:46,Loneliness,The truth about loneliness,Let's talk about loneliness. #growth #mentalhealth,Organic,Short Video,Audio Hook,30.9,Morning (8-11 AM),148478,12383,2374,9107,3503,20488,22396,0.55,3,#Loneliness #struggle,None,Long-form vulnerable,Professionals
CONTENT_632BD85B,Instagram,2026-05-10 23:41:46,Social Anxiety,The truth about social anxiety,Let's talk about social anxiety. #growth #mentalhealth,Organic,Short Video,Question Hook,43.9,Morning (8-11 AM),84450,7755,1373,2468,2210,30240,30678,0.38,1,#SocialAnxiety #struggle,Follow for more,Educational / Tips,Millennials
CONTENT_6A01AB11,YouTube,2026-07-11 23:41:46,Social Anxiety,The truth about social anxiety,Let's talk about social anxiety. #growth #mentalhealth,Organic,Short Video,Story Hook,46.7,Afternoon (12-4 PM),166523,14096,1825,10214,7890,15114,17666,0.57,6,#SocialAnxiety #struggle,Comment your thoughts,Educational / Tips,Professionals
CONTENT_A18D15CC,YouTube,2026-06-13 23:41:46,Loneliness,The truth about loneliness,Let's talk about loneliness. #growth #mentalhealth,Organic,Short Video,Question Hook,34.4,Evening (5-8 PM),8658,912,126,836,207,4849,5040,0.34,9,#Loneliness #struggle,None,Short & Punchy,Students
CONTENT_B3F37673,Instagram,2026-08-14 23:41:46,Dating,The truth about dating,Let's talk about dating. #growth #mentalhealth,Organic,Short Video,Question Hook,20.3,Morning (8-11 AM),174268,19383,1428,7714,1904,2813,4964,0.48,1,#Dating #struggle,Comment your thoughts,Emotion + Personal Story,General
CONTENT_FB3DC748,TikTok,2026-06-02 23:41:46,Loneliness,The truth about loneliness,Let's talk about loneliness. #growth #mentalhealth,Organic,Short Video,Question Hook,58.1,Evening (5-8 PM),85335,10005,1677,6503,5744,13977,15277,0.38,9,#Loneliness #struggle,Share this,Question to Audience,Students
CONTENT_673DADD0,TikTok,2026-08-07 23:41:46,Academic Stress,The truth about academic stress,Let's talk about academic stress. #growth #mentalhealth,Organic,Carousel,Text Hook,0.0,Evening (5-8 PM),4909,546,71,173,80,11278,11311,0.34,4,#AcademicStress #struggle,Save for later,Emotion + Personal Story,Gen Z
CONTENT_A88B14F2,YouTube,2026-05-25 23:41:46,Social Anxiety,The truth about social anxiety,Let's talk about social anxiety. #growth #mentalhealth,Organic,Short Video,Text Hook,31.0,Night (9 PM-12 AM),1912,209,20,169,102,6283,6354,0.54,3,#SocialAnxiety #struggle,Save for later,Educational / Tips,Gen Z
CONTENT_885D1B6C,YouTube,2026-07-24 23:41:46,Career Pressure,The truth about career pressure,Let's talk about career pressure. #growth #mentalhealth,Organic,Single Image,Audio Hook,0.0,Afternoon (12-4 PM),4638,658,63,120,201,20296,20373,0.25,8,#CareerPressure #struggle,Share this,Short & Punchy,General
CONTENT_262F9F2D,YouTube,2026-03-13 23:41:46,Academic Stress,The truth about academic stress,Let's talk about academic stress. #growth #mentalhealth,Organic,Carousel,Audio Hook,0.0,Night (9 PM-12 AM),8076,520,135,334,185,47218,47324,0.31,7,#AcademicStress #struggle,Save for later,Long-form vulnerable,Professionals
CONTENT_BA459143,YouTube,2026-03-30 23:41:46,Loneliness,The truth about loneliness,Let's talk about loneliness. #growth #mentalhealth,Organic,Single Image,Visual Hook,0.0,Evening (5-8 PM),98308,5028,1094,1733,1568,35800,36231,0.49,7,#Loneliness #struggle,None,Short & Punchy,General
CONTENT_37A73F6C,Instagram,2026-05-03 23:41:46,Overthinking,The truth about overthinking,Let's talk about overthinking. #growth #mentalhealth,Organic,Short Video,Question Hook,15.4,Morning (8-11 AM),13515,1020,218,1124,1447,47390,47711,0.52,4,#Overthinking #struggle,Save for later,Educational / Tips,Gen Z
CONTENT_1317ECF3,TikTok,2026-05-24 23:41:46,Loneliness,The truth about loneliness,Let's talk about loneliness. #growth #mentalhealth,Organic,Single Image,Visual Hook,0.0,Morning (8-11 AM),46976,4193,624,1700,2245,27884,28693,0.24,3,#Loneliness #struggle,Comment your thoughts,Emotion + Personal Story,Gen Z
CONTENT_3C70F1AA,TikTok,2026-07-13 23:41:46,Dating,The truth about dating,Let's talk about dating. #growth #mentalhealth,Organic,Long Video,Story Hook,453.1,Night (9 PM-12 AM),4158,208,65,164,64,14045,14070,0.27,3,#Dating #struggle,None,Educational / Tips,Millennials
CONTENT_C04CD154,Instagram,2026-08-31 23:41:46,Self Confidence,The truth about self confidence,Let's talk about self confidence. #growth #mentalhealth,Organic,Long Video,Text Hook,221.7,Morning (8-11 AM),4163,277,36,72,157,44370,44411,0.22,1,#SelfConfidence #struggle,Comment your thoughts,Short & Punchy,Professionals
CONTENT_C0DE7F32,YouTube,2026-07-15 23:41:46,Self Confidence,The truth about self confidence,Let's talk about self confidence. #growth #mentalhealth,Organic,Carousel,Visual Hook,0.0,Morning (8-11 AM),186,21,2,6,4,28964,28965,0.55,1,#SelfConfidence #struggle,Link in bio,Long-form vulnerable,General
CONTENT_512BCD3B,Instagram,2026-04-04 23:41:46,Overthinking,The truth about overthinking,Let's talk about overthinking. #growth #mentalhealth,Organic,Long Video,Text Hook,576.7,Morning (8-11 AM),9772,1085,174,473,500,37468,37593,0.41,6,#Overthinking #struggle,Comment your thoughts,Question to Audience,Gen Z
CONTENT_5B4A5E61,YouTube,2026-08-30 23:41:46,Loneliness,The truth about loneliness,Let's talk about loneliness. #growth #mentalhealth,Organic,Carousel,Visual Hook,0.0,Afternoon (12-4 PM),13467,1739,158,1109,504,5994,6148,0.33,9,#Loneliness #struggle,Comment your thoughts,Educational / Tips,Professionals
CONTENT_11DC4B8E,YouTube,2026-07-10 23:41:46,Career Pressure,The truth about career pressure,Let's talk about career pressure. #growth #mentalhealth,Organic,Short Video,Question Hook,39.4,Evening (5-8 PM),66019,3740,972,1523,1726,25565,26133,0.69,3,#CareerPressure #struggle,Link in bio,Short & Punchy,Professionals
CONTENT_F91ABB2D,YouTube,2026-07-11 23:41:46,Academic Stress,The truth about academic stress,Let's talk about academic stress. #growth #mentalhealth,Organic,Short Video,Audio Hook,31.6,Evening (5-8 PM),147989,17888,758,6176,6256,49008,50148,0.56,8,#AcademicStress #struggle,Comment your thoughts,Emotion + Personal Story,Students
CONTENT_DB3C10B8,TikTok,2026-03-18 23:41:46,Overthinking,The truth about overthinking,Let's talk about overthinking. #growth #mentalhealth,Organic,Long Video,Story Hook,480.8,Night (9 PM-12 AM),7633,777,54,170,493,36386,36460,0.52,6,#Overthinking #struggle,Link in bio,Long-form vulnerable,Millennials
CONTENT_2BAADECC,Instagram,2026-04-18 23:41:46,Productivity,The truth about productivity,Let's talk about productivity. #growth #mentalhealth,Organic,Carousel,Audio Hook,0.0,Morning (8-11 AM),26270,2974,193,560,1415,17999,18269,0.33,2,#Productivity #struggle,Save for later,Question to Audience,Millennials
CONTENT_C916CB7A,Instagram,2026-05-09 23:41:46,Loneliness,The truth about loneliness,Let's talk about loneliness. #growth #mentalhealth,Organic,Short Video,Visual Hook,46.3,Afternoon (12-4 PM),30211,3993,449,1298,1899,38102,38739,0.55,5,#Loneliness #struggle,Share this,Educational / Tips,General
CONTENT_F4FCC8F1,TikTok,2026-08-21 23:41:46,Self Confidence,The truth about self confidence,Let's talk about self confidence. #growth #mentalhealth,Organic,Carousel,Text Hook,0.0,Evening (5-8 PM),20354,3019,341,717,581,16899,17068,0.28,6,#SelfConfidence #struggle,Save for later,Long-form vulnerable,General
CONTENT_ECC7FDAF,YouTube,2026-05-25 23:41:46,Relationships,The truth about relationships,Let's talk about relationships. #growth #mentalhealth,Organic,Carousel,Question Hook,0.0,Night (9 PM-12 AM),17900,2297,204,796,303,25476,25675,0.44,2,#Relationships #struggle,None,Educational / Tips,Professionals
CONTENT_93E7F519,TikTok,2026-08-14 23:41:46,Overthinking,The truth about overthinking,Let's talk about overthinking. #growth #mentalhealth,Organic,Carousel,Audio Hook,0.0,Night (9 PM-12 AM),30006,2898,407,995,2597,11698,12207,0.1,5,#Overthinking #struggle,Link in bio,Short & Punchy,Millennials
CONTENT_855EE2A3,Instagram,2026-05-22 23:41:46,Overthinking,The truth about overthinking,Let's talk about overthinking. #growth #mentalhealth,Organic,Short Video,Audio Hook,40.4,Afternoon (12-4 PM),75402,10288,1040,994,4380,9210,10055,0.55,9,#Overthinking #struggle,Share this,Question to Audience,Professionals
CONTENT_C518D10B,TikTok,2026-08-02 23:41:46,Relationships,The truth about relationships,Let's talk about relationships. #growth #mentalhealth,Organic,Short Video,Text Hook,42.8,Evening (5-8 PM),4884,485,87,176,220,15026,15128,0.48,7,#Relationships #struggle,Save for later,Educational / Tips,Professionals
CONTENT_AC707138,YouTube,2026-06-10 23:41:46,Dating,The truth about dating,Let's talk about dating. #growth #mentalhealth,Organic,Long Video,Visual Hook,454.6,Evening (5-8 PM),217337,16849,1595,4624,2391,10941,12434,0.46,2,#Dating #struggle,Follow for more,Question to Audience,Millennials
CONTENT_22E74F2C,TikTok,2026-08-24 23:41:46,Overthinking,The truth about overthinking,Let's talk about overthinking. #growth #mentalhealth,Organic,Long Video,Audio Hook,522.3,Evening (5-8 PM),2234,146,30,145,19,43570,43605,0.26,6,#Overthinking #struggle,None,Question to Audience,General
CONTENT_DF01123F,TikTok,2026-05-21 23:41:46,Academic Stress,The truth about academic stress,Let's talk about academic stress. #growth #mentalhealth,Organic,Short Video,Question Hook,26.1,Night (9 PM-12 AM),1040574,114127,13031,46220,11067,41150,50197,0.58,3,#AcademicStress #struggle,Comment your thoughts,Question to Audience,General
CONTENT_BBB14240,YouTube,2026-06-15 23:41:46,Relationships,The truth about relationships,Let's talk about relationships. #growth #mentalhealth,Organic,Long Video,Visual Hook,571.6,Night (9 PM-12 AM),3995,373,43,256,187,23418,23502,0.34,7,#Relationships #struggle,Share this,Question to Audience,Millennials
CONTENT_C9E276A9,YouTube,2026-06-10 23:41:46,Dating,The truth about dating,Let's talk about dating. #growth #mentalhealth,Organic,Short Video,Text Hook,22.5,Night (9 PM-12 AM),17264,2543,282,252,692,25685,25866,0.36,8,#Dating #struggle,Follow for more,Question to Audience,Millennials
CONTENT_77F90738,YouTube,2026-03-19 23:41:46,Career Pressure,The truth about career pressure,Let's talk about career pressure. #growth #mentalhealth,Organic,Short Video,Story Hook,17.8,Morning (8-11 AM),30859,2600,554,763,488,35779,36047,0.46,8,#CareerPressure #struggle,None,Short & Punchy,Students
CONTENT_97BF1E85,Instagram,2026-08-24 23:41:46,Career Pressure,The truth about career pressure,Let's talk about career pressure. #growth #mentalhealth,Organic,Short Video,Visual Hook,35.7,Morning (8-11 AM),5477,724,32,128,300,34455,34531,0.52,7,#CareerPressure #struggle,Save for later,Long-form vulnerable,Gen Z
CONTENT_7B78CEA8,TikTok,2026-04-17 23:41:46,Overthinking,The truth about overthinking,Let's talk about overthinking. #growth #mentalhealth,Organic,Single Image,Text Hook,0.0,Evening (5-8 PM),267,28,4,9,20,24569,24572,0.36,9,#Overthinking #struggle,Follow for more,Long-form vulnerable,General
CONTENT_6BB7AC28,YouTube,2026-05-01 23:41:46,Financial Stress,The truth about financial stress,Let's talk about financial stress. #growth #mentalhealth,Organic,Short Video,Audio Hook,41.1,Morning (8-11 AM),207535,23757,1753,11623,3048,4262,7351,0.5,3,#FinancialStress #struggle,Share this,Question to Audience,Professionals
CONTENT_0E7595E7,YouTube,2026-05-17 23:41:46,Dating,The truth about dating,Let's talk about dating. #growth #mentalhealth,Organic,Carousel,Story Hook,0.0,Afternoon (12-4 PM),10759,940,182,482,188,10018,10189,0.26,4,#Dating #struggle,Comment your thoughts,Emotion + Personal Story,Gen Z
CONTENT_03516EA1,TikTok,2026-07-16 23:41:46,Career Pressure,The truth about career pressure,Let's talk about career pressure. #growth #mentalhealth,Organic,Long Video,Question Hook,402.7,Evening (5-8 PM),12637,1419,176,601,477,43933,44083,0.4,1,#CareerPressure #struggle,Share this,Educational / Tips,Millennials
CONTENT_856173EC,YouTube,2026-06-11 23:41:46,Productivity,The truth about productivity,Let's talk about productivity. #growth #mentalhealth,Organic,Single Image,Audio Hook,0.0,Afternoon (12-4 PM),15435,1964,239,590,605,1870,2171,0.1,5,#Productivity #struggle,Save for later,Long-form vulnerable,Gen Z
CONTENT_95FEE7C7,YouTube,2026-05-23 23:41:46,Loneliness,The truth about loneliness,Let's talk about loneliness. #growth #mentalhealth,Organic,Long Video,Visual Hook,364.7,Night (9 PM-12 AM),90432,4975,499,11610,7567,20456,24983,0.4,9,#Loneliness #struggle,Share this,Question to Audience,Gen Z
CONTENT_86383053,YouTube,2026-08-07 23:41:46,Overthinking,The truth about overthinking,Let's talk about overthinking. #growth #mentalhealth,Organic,Single Image,Audio Hook,0.0,Afternoon (12-4 PM),45573,2531,616,1548,2318,10940,11649,0.18,6,#Overthinking #struggle,Share this,Educational / Tips,General
CONTENT_32ECAE41,YouTube,2026-04-06 23:41:46,Overthinking,The truth about overthinking,Let's talk about overthinking. #growth #mentalhealth,Organic,Short Video,Visual Hook,25.5,Morning (8-11 AM),195661,10372,3800,12607,10659,10221,15200,0.54,6,#Overthinking #struggle,Comment your thoughts,Long-form vulnerable,Professionals
CONTENT_027A1B90,Instagram,2026-04-06 23:41:46,Loneliness,The truth about loneliness,Let's talk about loneliness. #growth #mentalhealth,Organic,Short Video,Visual Hook,30.3,Evening (5-8 PM),349462,29595,4030,11379,11107,25423,28803,0.62,2,#Loneliness #struggle,Comment your thoughts,Emotion + Personal Story,Students
CONTENT_334CA5FE,YouTube,2026-07-05 23:41:46,Dating,The truth about dating,Let's talk about dating. #growth #mentalhealth,Organic,Short Video,Question Hook,17.8,Afternoon (12-4 PM),5096,337,70,117,233,6698,6742,0.34,9,#Dating #struggle,None,Educational / Tips,Students
CONTENT_9595178C,TikTok,2026-08-14 23:41:46,Overthinking,The truth about overthinking,Let's talk about overthinking. #growth #mentalhealth,Organic,Long Video,Audio Hook,512.4,Night (9 PM-12 AM),2342,324,43,76,146,43229,43255,0.26,5,#Overthinking #struggle,Follow for more,Emotion + Personal Story,Students
CONTENT_EA6AD81A,TikTok,2026-06-24 23:41:46,Overthinking,The truth about overthinking,Let's talk about overthinking. #growth #mentalhealth,Organic,Short Video,Story Hook,20.3,Morning (8-11 AM),260718,37801,1839,16675,13889,17260,22043,0.67,7,#Overthinking #struggle,None,Question to Audience,Professionals
CONTENT_9C26B84E,Instagram,2026-06-19 23:41:46,Productivity,The truth about productivity,Let's talk about productivity. #growth #mentalhealth,Organic,Carousel,Audio Hook,0.0,Night (9 PM-12 AM),676,89,11,3,3,48159,48159,0.1,5,#Productivity #struggle,Link in bio,Emotion + Personal Story,Professionals
CONTENT_3840D61B,YouTube,2026-07-09 23:41:46,Loneliness,The truth about loneliness,Let's talk about loneliness. #growth #mentalhealth,Organic,Carousel,Question Hook,0.0,Evening (5-8 PM),2878,297,18,228,292,30631,30761,0.36,9,#Loneliness #struggle,Save for later,Educational / Tips,General
CONTENT_B1B117A8,YouTube,2026-03-17 23:41:46,Dating,The truth about dating,Let's talk about dating. #growth #mentalhealth,Organic,Short Video,Question Hook,46.1,Morning (8-11 AM),1076,81,14,48,40,37885,37900,0.55,1,#Dating #struggle,None,Emotion + Personal Story,Millennials
CONTENT_B49044F9,YouTube,2026-08-19 23:41:46,Dating,The truth about dating,Let's talk about dating. #growth #mentalhealth,Organic,Carousel,Story Hook,0.0,Afternoon (12-4 PM),6846,467,48,262,269,3462,3538,0.43,5,#Dating #struggle,None,Educational / Tips,Gen Z
CONTENT_6B18D9C8,Instagram,2026-08-19 23:41:46,Academic Stress,The truth about academic stress,Let's talk about academic stress. #growth #mentalhealth,Organic,Long Video,Story Hook,315.7,Afternoon (12-4 PM),15358,1631,241,183,195,8566,8649,0.59,3,#AcademicStress #struggle,Link in bio,Short & Punchy,Students
CONTENT_C31236E2,TikTok,2026-08-21 23:41:46,Loneliness,The truth about loneliness,Let's talk about loneliness. #growth #mentalhealth,Organic,Short Video,Question Hook,29.4,Night (9 PM-12 AM),3619,506,70,133,138,48929,48979,0.48,4,#Loneliness #struggle,Comment your thoughts,Short & Punchy,Students
CONTENT_4C67CD0C,Instagram,2026-07-12 23:41:46,Productivity,The truth about productivity,Let's talk about productivity. #growth #mentalhealth,Organic,Short Video,Text Hook,38.3,Night (9 PM-12 AM),4677,686,41,196,16,36186,36224,0.43,3,#Productivity #struggle,Link in bio,Educational / Tips,Millennials
CONTENT_E4072BFF,YouTube,2026-08-07 23:41:46,Social Anxiety,The truth about social anxiety,Let's talk about social anxiety. #growth #mentalhealth,Organic,Carousel,Question Hook,0.0,Afternoon (12-4 PM),18532,1197,324,1749,420,40531,40900,0.43,2,#SocialAnxiety #struggle,None,Educational / Tips,Gen Z
CONTENT_5A093F49,Instagram,2026-03-20 23:41:46,Career Pressure,The truth about career pressure,Let's talk about career pressure. #growth #mentalhealth,Organic,Long Video,Audio Hook,250.6,Evening (5-8 PM),5625,475,84,127,42,19581,19624,0.39,3,#CareerPressure #struggle,None,Emotion + Personal Story,Students
CONTENT_CD016F60,TikTok,2026-06-29 23:41:46,Dating,The truth about dating,Let's talk about dating. #growth #mentalhealth,Organic,Short Video,Text Hook,28.7,Morning (8-11 AM),19766,1118,361,317,549,13317,13512,0.38,9,#Dating #struggle,Link in bio,Educational / Tips,Millennials
CONTENT_33D72D20,Instagram,2026-05-24 23:41:46,Social Anxiety,The truth about social anxiety,Let's talk about social anxiety. #growth #mentalhealth,Organic,Short Video,Visual Hook,44.8,Morning (8-11 AM),3465,181,60,110,87,3941,3991,0.49,2,#SocialAnxiety #struggle,Link in bio,Short & Punchy,Professionals
CONTENT_05C5A1E0,TikTok,2026-05-07 23:41:46,Academic Stress,The truth about academic stress,Let's talk about academic stress. #growth #mentalhealth,Organic,Short Video,Audio Hook,47.9,Morning (8-11 AM),17656,2262,171,526,542,6877,7084,0.68,8,#AcademicStress #struggle,Save for later,Question to Audience,Students
CONTENT_2FA704FF,TikTok,2026-07-30 23:41:46,Academic Stress,The truth about academic stress,Let's talk about academic stress. #growth #mentalhealth,Organic,Short Video,Story Hook,25.2,Morning (8-11 AM),10706,1467,66,405,37,35172,35258,0.53,4,#AcademicStress #struggle,None,Short & Punchy,General
CONTENT_0C9B1569,Instagram,2026-04-08 23:41:46,Loneliness,The truth about loneliness,Let's talk about loneliness. #growth #mentalhealth,Organic,Carousel,Audio Hook,0.0,Evening (5-8 PM),3166,205,28,132,40,40876,40919,0.16,3,#Loneliness #struggle,Follow for more,Educational / Tips,General
CONTENT_4DFB3FD1,Instagram,2026-05-30 23:41:46,Dating,The truth about dating,Let's talk about dating. #growth #mentalhealth,Organic,Single Image,Question Hook,0.0,Afternoon (12-4 PM),1216,74,17,41,50,18695,18716,0.15,4,#Dating #struggle,Follow for more,Short & Punchy,General
CONTENT_8C89F022,TikTok,2026-08-15 23:41:46,Social Anxiety,The truth about social anxiety,Let's talk about social anxiety. #growth #mentalhealth,Organic,Short Video,Question Hook,16.4,Afternoon (12-4 PM),3063,307,20,244,275,11680,11772,0.48,5,#SocialAnxiety #struggle,Save for later,Educational / Tips,Professionals
CONTENT_276DDB81,Instagram,2026-06-09 23:41:46,Academic Stress,The truth about academic stress,Let's talk about academic stress. #growth #mentalhealth,Organic,Short Video,Question Hook,40.4,Night (9 PM-12 AM),6025,716,104,236,10,25881,25920,0.67,5,#AcademicStress #struggle,Link in bio,Educational / Tips,Millennials
CONTENT_E5C1B4A0,YouTube,2026-07-17 23:41:46,Self Confidence,The truth about self confidence,Let's talk about self confidence. #growth #mentalhealth,Organic,Long Video,Audio Hook,258.2,Afternoon (12-4 PM),12491,1828,87,426,376,4009,4190,0.14,4,#SelfConfidence #struggle,Comment your thoughts,Question to Audience,Gen Z
CONTENT_6EEF165B,YouTube,2026-08-16 23:41:46,Social Anxiety,The truth about social anxiety,Let's talk about social anxiety. #growth #mentalhealth,Organic,Short Video,Text Hook,29.6,Night (9 PM-12 AM),101302,11654,829,12953,584,23056,27125,0.4,9,#SocialAnxiety #struggle,Share this,Educational / Tips,Students
CONTENT_101895F7,YouTube,2026-05-05 23:41:46,Career Pressure,The truth about career pressure,Let's talk about career pressure. #growth #mentalhealth,Organic,Short Video,Visual Hook,18.7,Afternoon (12-4 PM),90347,4768,1307,4603,3296,14210,15865,0.5,2,#CareerPressure #struggle,Share this,Long-form vulnerable,Students
CONTENT_CDCF435E,Instagram,2026-06-13 23:41:46,Loneliness,The truth about loneliness,Let's talk about loneliness. #growth #mentalhealth,Organic,Short Video,Story Hook,39.6,Afternoon (12-4 PM),33342,4506,662,1783,2112,47435,48196,0.46,4,#Loneliness #struggle,None,Question to Audience,Millennials
CONTENT_A088E115,TikTok,2026-05-09 23:41:46,Loneliness,The truth about loneliness,Let's talk about loneliness. #growth #mentalhealth,Organic,Short Video,Story Hook,18.7,Evening (5-8 PM),30239,2497,209,2220,917,8148,8956,0.77,1,#Loneliness #struggle,None,Emotion + Personal Story,Students
CONTENT_799570D0,Instagram,2026-04-13 23:41:46,Self Confidence,The truth about self confidence,Let's talk about self confidence. #growth #mentalhealth,Organic,Short Video,Question Hook,47.8,Evening (5-8 PM),5978,724,61,49,32,1935,1957,0.3,9,#SelfConfidence #struggle,Comment your thoughts,Long-form vulnerable,Gen Z
CONTENT_9ECCBDF0,TikTok,2026-03-25 23:41:46,Academic Stress,The truth about academic stress,Let's talk about academic stress. #growth #mentalhealth,Organic,Long Video,Story Hook,228.3,Night (9 PM-12 AM),11781,1154,83,490,575,5042,5236,0.36,4,#AcademicStress #struggle,Comment your thoughts,Short & Punchy,Gen Z
CONTENT_EDC368FE,TikTok,2026-08-23 23:41:46,Career Pressure,The truth about career pressure,Let's talk about career pressure. #growth #mentalhealth,Organic,Short Video,Visual Hook,37.0,Morning (8-11 AM),18991,1642,305,557,664,19028,19197,0.68,6,#CareerPressure #struggle,Link in bio,Short & Punchy,Professionals
CONTENT_2C846722,TikTok,2026-04-04 23:41:46,Self Confidence,The truth about self confidence,Let's talk about self confidence. #growth #mentalhealth,Organic,Short Video,Question Hook,27.8,Morning (8-11 AM),51438,5746,912,621,1440,18241,18462,0.48,9,#SelfConfidence #struggle,Comment your thoughts,Question to Audience,Professionals
CONTENT_79CBBB05,TikTok,2026-05-20 23:41:46,Overthinking,The truth about overthinking,Let's talk about overthinking. #growth #mentalhealth,Organic,Single Image,Audio Hook,0.0,Afternoon (12-4 PM),21498,1659,236,691,1202,6696,7176,0.31,4,#Overthinking #struggle,Follow for more,Short & Punchy,General
CONTENT_5760321F,TikTok,2026-07-05 23:41:46,Financial Stress,The truth about financial stress,Let's talk about financial stress. #growth #mentalhealth,Organic,Carousel,Question Hook,0.0,Evening (5-8 PM),6189,637,98,452,258,37405,37514,0.48,1,#FinancialStress #struggle,Share this,Educational / Tips,Professionals
CONTENT_363E221C,Instagram,2026-08-14 23:41:46,Academic Stress,The truth about academic stress,Let's talk about academic stress. #growth #mentalhealth,Organic,Long Video,Story Hook,272.6,Evening (5-8 PM),502,48,3,4,16,34040,34042,0.53,8,#AcademicStress #struggle,None,Emotion + Personal Story,Professionals
CONTENT_062459AF,Instagram,2026-07-22 23:41:46,Social Anxiety,The truth about social anxiety,Let's talk about social anxiety. #growth #mentalhealth,Organic,Long Video,Story Hook,339.6,Night (9 PM-12 AM),48048,4590,539,733,924,30001,30296,0.36,2,#SocialAnxiety #struggle,None,Short & Punchy,Students
CONTENT_E684601C,TikTok,2026-07-10 23:41:46,Career Pressure,The truth about career pressure,Let's talk about career pressure. #growth #mentalhealth,Organic,Short Video,Question Hook,16.7,Afternoon (12-4 PM),100040,5421,1045,2928,1793,13242,13952,0.39,9,#CareerPressure #struggle,Link in bio,Educational / Tips,Students
CONTENT_76D3FC0A,YouTube,2026-03-21 23:41:46,Career Pressure,The truth about career pressure,Let's talk about career pressure. #growth #mentalhealth,Organic,Short Video,Audio Hook,31.7,Evening (5-8 PM),41145,4211,402,2567,202,8370,9101,0.55,4,#CareerPressure #struggle,Share this,Educational / Tips,Millennials
CONTENT_0CEB8E2B,YouTube,2026-03-21 23:41:46,Career Pressure,The truth about career pressure,Let's talk about career pressure. #growth #mentalhealth,Organic,Single Image,Visual Hook,0.0,Evening (5-8 PM),22508,2037,286,1054,763,3080,3294,0.22,7,#CareerPressure #struggle,None,Emotion + Personal Story,General
CONTENT_2B042D9A,TikTok,2026-08-17 23:41:46,Social Anxiety,The truth about social anxiety,Let's talk about social anxiety. #growth #mentalhealth,Organic,Short Video,Audio Hook,30.8,Afternoon (12-4 PM),4662,244,31,283,569,27347,27527,0.54,4,#SocialAnxiety #struggle,Save for later,Short & Punchy,Millennials
CONTENT_B1DDC919,YouTube,2026-08-29 23:41:46,Career Pressure,The truth about career pressure,Let's talk about career pressure. #growth #mentalhealth,Organic,Long Video,Text Hook,569.0,Night (9 PM-12 AM),168,12,3,3,0,13720,13720,0.11,5,#CareerPressure #struggle,Follow for more,Long-form vulnerable,Millennials
CONTENT_C6EA523B,TikTok,2026-07-27 23:41:46,Career Pressure,The truth about career pressure,Let's talk about career pressure. #growth #mentalhealth,Organic,Carousel,Audio Hook,0.0,Evening (5-8 PM),841,94,4,8,9,16310,16313,0.25,6,#CareerPressure #struggle,Comment your thoughts,Long-form vulnerable,General
CONTENT_2031CA78,Instagram,2026-06-30 23:41:46,Loneliness,The truth about loneliness,Let's talk about loneliness. #growth #mentalhealth,Organic,Short Video,Text Hook,36.3,Night (9 PM-12 AM),76966,5401,682,521,803,20880,21270,0.7,1,#Loneliness #struggle,Link in bio,Educational / Tips,Professionals
CONTENT_A1F49AF0,Instagram,2026-08-27 23:41:46,Loneliness,The truth about loneliness,Let's talk about loneliness. #growth #mentalhealth,Organic,Short Video,Visual Hook,57.2,Morning (8-11 AM),1174361,152254,19202,30642,39209,15506,30916,0.79,2,#Loneliness #struggle,None,Long-form vulnerable,Professionals
CONTENT_98EEBA26,YouTube,2026-07-23 23:41:46,Loneliness,The truth about loneliness,Let's talk about loneliness. #growth #mentalhealth,Organic,Short Video,Question Hook,45.2,Evening (5-8 PM),2971,271,15,18,264,3031,3096,0.5,8,#Loneliness #struggle,Share this,Long-form vulnerable,General
CONTENT_226F68DC,TikTok,2026-08-03 23:41:46,Dating,The truth about dating,Let's talk about dating. #growth #mentalhealth,Organic,Short Video,Text Hook,24.4,Evening (5-8 PM),149883,9178,1495,684,2210,35552,36181,0.54,7,#Dating #struggle,Follow for more,Long-form vulnerable,Millennials
CONTENT_931AE0C2,TikTok,2026-08-03 23:41:46,Relationships,The truth about relationships,Let's talk about relationships. #growth #mentalhealth,Organic,Carousel,Question Hook,0.0,Night (9 PM-12 AM),819,55,13,33,17,43939,43949,0.49,4,#Relationships #struggle,Save for later,Long-form vulnerable,Gen Z
CONTENT_F27BB120,TikTok,2026-05-20 23:41:46,Financial Stress,The truth about financial stress,Let's talk about financial stress. #growth #mentalhealth,Organic,Carousel,Audio Hook,0.0,Night (9 PM-12 AM),630,56,8,2,20,21923,21928,0.32,7,#FinancialStress #struggle,None,Long-form vulnerable,Millennials
CONTENT_2461C5F3,TikTok,2026-08-07 23:41:46,Productivity,The truth about productivity,Let's talk about productivity. #growth #mentalhealth,Organic,Single Image,Visual Hook,0.0,Afternoon (12-4 PM),75694,6951,784,1373,979,19324,19762,0.39,2,#Productivity #struggle,Comment your thoughts,Short & Punchy,Professionals
CONTENT_2475C655,Instagram,2026-08-04 23:41:46,Academic Stress,The truth about academic stress,Let's talk about academic stress. #growth #mentalhealth,Organic,Carousel,Question Hook,0.0,Evening (5-8 PM),1403,167,18,51,43,14900,14915,0.2,6,#AcademicStress #struggle,Link in bio,Long-form vulnerable,Students
CONTENT_64BCB11B,Instagram,2026-07-03 23:41:46,Loneliness,The truth about loneliness,Let's talk about loneliness. #growth #mentalhealth,Organic,Long Video,Visual Hook,123.1,Afternoon (12-4 PM),737,38,10,14,31,29311,29315,0.49,8,#Loneliness #struggle,Comment your thoughts,Long-form vulnerable,Professionals
CONTENT_7D57654E,YouTube,2026-07-16 23:41:46,Relationships,The truth about relationships,Let's talk about relationships. #growth #mentalhealth,Organic,Short Video,Story Hook,53.8,Morning (8-11 AM),12043,1674,168,489,372,8349,8576,0.63,3,#Relationships #struggle,Comment your thoughts,Emotion + Personal Story,Millennials
CONTENT_F1E3DF29,Instagram,2026-03-27 23:41:46,Dating,The truth about dating,Let's talk about dating. #growth #mentalhealth,Organic,Carousel,Text Hook,0.0,Afternoon (12-4 PM),165667,9399,2894,878,1560,48645,49210,0.34,9,#Dating #struggle,Comment your thoughts,Question to Audience,Gen Z
CONTENT_8C038B12,Instagram,2026-05-22 23:41:46,Career Pressure,The truth about career pressure,Let's talk about career pressure. #growth #mentalhealth,Organic,Short Video,Visual Hook,30.0,Night (9 PM-12 AM),1620,195,24,71,99,40683,40727,0.62,9,#CareerPressure #struggle,Save for later,Short & Punchy,Gen Z
CONTENT_1384FE30,TikTok,2026-06-02 23:41:46,Social Anxiety,The truth about social anxiety,Let's talk about social anxiety. #growth #mentalhealth,Organic,Short Video,Story Hook,16.1,Morning (8-11 AM),10518,1484,58,722,1324,43598,44112,0.54,3,#SocialAnxiety #struggle,Save for later,Long-form vulnerable,Gen Z
CONTENT_02394EF1,TikTok,2026-05-17 23:41:46,Dating,The truth about dating,Let's talk about dating. #growth #mentalhealth,Organic,Short Video,Visual Hook,45.2,Morning (8-11 AM),1636,175,13,31,13,33330,33340,0.69,6,#Dating #struggle,None,Short & Punchy,Students
CONTENT_A31141F3,YouTube,2026-05-20 23:41:46,Career Pressure,The truth about career pressure,Let's talk about career pressure. #growth #mentalhealth,Organic,Short Video,Visual Hook,50.8,Night (9 PM-12 AM),67705,7838,990,1193,274,22493,22682,0.46,4,#CareerPressure #struggle,None,Short & Punchy,Millennials
CONTENT_1C21C0DE,TikTok,2026-07-14 23:41:46,Loneliness,The truth about loneliness,Let's talk about loneliness. #growth #mentalhealth,Organic,Single Image,Audio Hook,0.0,Afternoon (12-4 PM),3982,257,61,274,123,16511,16565,0.41,2,#Loneliness #struggle,None,Question to Audience,Professionals
CONTENT_D5704D3A,YouTube,2026-05-04 23:41:46,Dating,The truth about dating,Let's talk about dating. #growth #mentalhealth,Organic,Short Video,Audio Hook,18.8,Afternoon (12-4 PM),2039,279,19,87,15,37736,37759,0.68,4,#Dating #struggle,None,Short & Punchy,Professionals
CONTENT_746C34A8,Instagram,2026-07-14 23:41:46,Self Confidence,The truth about self confidence,Let's talk about self confidence. #growth #mentalhealth,Organic,Short Video,Audio Hook,36.4,Morning (8-11 AM),32735,2891,246,1118,1052,6603,7036,0.64,3,#SelfConfidence #struggle,Comment your thoughts,Long-form vulnerable,Professionals
CONTENT_49B00849,YouTube,2026-03-24 23:41:46,Overthinking,The truth about overthinking,Let's talk about overthinking. #growth #mentalhealth,Organic,Short Video,Question Hook,45.2,Afternoon (12-4 PM),3640,446,24,116,166,36918,36991,0.65,4,#Overthinking #struggle,Save for later,Short & Punchy,General
CONTENT_0DAFF404,YouTube,2026-05-30 23:41:46,Career Pressure,The truth about career pressure,Let's talk about career pressure. #growth #mentalhealth,Organic,Carousel,Story Hook,0.0,Night (9 PM-12 AM),80216,11322,667,1531,2226,26464,26926,0.6,7,#CareerPressure #struggle,Save for later,Long-form vulnerable,General
CONTENT_9687C024,Instagram,2026-08-27 23:41:46,Academic Stress,The truth about academic stress,Let's talk about academic stress. #growth #mentalhealth,Organic,Short Video,Audio Hook,36.3,Afternoon (12-4 PM),52941,5124,590,560,2180,20065,20611,0.51,7,#AcademicStress #struggle,None,Educational / Tips,Students
CONTENT_250C2E77,YouTube,2026-05-12 23:41:46,Loneliness,The truth about loneliness,Let's talk about loneliness. #growth #mentalhealth,Organic,Short Video,Visual Hook,53.1,Evening (5-8 PM),15319,768,163,337,593,25426,25658,0.5,6,#Loneliness #struggle,Link in bio,Educational / Tips,General
CONTENT_0E13D5B7,YouTube,2026-05-10 23:41:46,Social Anxiety,The truth about social anxiety,Let's talk about social anxiety. #growth #mentalhealth,Organic,Short Video,Text Hook,56.8,Evening (5-8 PM),3550,301,37,385,41,29899,30019,0.5,7,#SocialAnxiety #struggle,Share this,Educational / Tips,Millennials
CONTENT_6DD2A84F,TikTok,2026-05-15 23:41:46,Career Pressure,The truth about career pressure,Let's talk about career pressure. #growth #mentalhealth,Organic,Long Video,Text Hook,283.8,Afternoon (12-4 PM),4936,580,62,214,10,3809,3856,0.28,8,#CareerPressure #struggle,Save for later,Educational / Tips,Millennials
CONTENT_503A3AFC,YouTube,2026-08-11 23:41:46,Loneliness,The truth about loneliness,Let's talk about loneliness. #growth #mentalhealth,Organic,Short Video,Text Hook,54.9,Morning (8-11 AM),73464,7601,1313,7015,921,45229,46544,0.41,8,#Loneliness #struggle,Follow for more,Emotion + Personal Story,Gen Z
CONTENT_3AB4DEDE,YouTube,2026-04-09 23:41:46,Social Anxiety,The truth about social anxiety,Let's talk about social anxiety. #growth #mentalhealth,Organic,Long Video,Audio Hook,386.7,Afternoon (12-4 PM),6330,580,67,619,462,7568,7769,0.22,2,#SocialAnxiety #struggle,None,Educational / Tips,Gen Z
CONTENT_EA3AA080,Instagram,2026-08-27 23:41:46,Career Pressure,The truth about career pressure,Let's talk about career pressure. #growth #mentalhealth,Organic,Long Video,Audio Hook,256.1,Night (9 PM-12 AM),5643,360,65,9,147,13352,13386,0.4,9,#CareerPressure #struggle,None,Short & Punchy,Students
CONTENT_DC58533A,Instagram,2026-08-06 23:41:46,Self Confidence,The truth about self confidence,Let's talk about self confidence. #growth #mentalhealth,Organic,Long Video,Text Hook,577.2,Afternoon (12-4 PM),934,88,12,8,22,15820,15827,0.4,4,#SelfConfidence #struggle,Save for later,Emotion + Personal Story,General
CONTENT_59609E74,YouTube,2026-07-06 23:41:46,Academic Stress,The truth about academic stress,Let's talk about academic stress. #growth #mentalhealth,Organic,Carousel,Story Hook,0.0,Morning (8-11 AM),5475,488,105,140,227,38711,38805,0.27,3,#AcademicStress #struggle,Link in bio,Short & Punchy,General
CONTENT_89D8E357,YouTube,2026-05-19 23:41:46,Social Anxiety,The truth about social anxiety,Let's talk about social anxiety. #growth #mentalhealth,Organic,Single Image,Audio Hook,0.0,Afternoon (12-4 PM),10095,1320,60,864,615,36333,36562,0.35,2,#SocialAnxiety #struggle,Share this,Question to Audience,General
CONTENT_45C5DF1F,TikTok,2026-07-17 23:41:46,Academic Stress,The truth about academic stress,Let's talk about academic stress. #growth #mentalhealth,Organic,Short Video,Text Hook,25.7,Evening (5-8 PM),45737,5470,477,1642,478,44194,44746,0.54,4,#AcademicStress #struggle,Comment your thoughts,Educational / Tips,General
CONTENT_6D6724AA,YouTube,2026-05-05 23:41:46,Career Pressure,The truth about career pressure,Let's talk about career pressure. #growth #mentalhealth,Organic,Long Video,Text Hook,529.8,Morning (8-11 AM),828,71,5,6,6,16479,16481,0.39,9,#CareerPressure #struggle,Share this,Question to Audience,Gen Z
CONTENT_C23C917E,Instagram,2026-03-26 23:41:46,Career Pressure,The truth about career pressure,Let's talk about career pressure. #growth #mentalhealth,Organic,Short Video,Text Hook,41.2,Night (9 PM-12 AM),2464,192,15,39,22,3148,3161,0.48,1,#CareerPressure #struggle,Share this,Long-form vulnerable,Students
CONTENT_43F03E0C,YouTube,2026-08-10 23:41:46,Financial Stress,The truth about financial stress,Let's talk about financial stress. #growth #mentalhealth,Organic,Carousel,Audio Hook,0.0,Night (9 PM-12 AM),26912,2037,322,1177,141,15873,16112,0.12,1,#FinancialStress #struggle,Link in bio,Educational / Tips,General
CONTENT_CB73AAD6,Instagram,2026-04-24 23:41:46,Dating,The truth about dating,Let's talk about dating. #growth #mentalhealth,Organic,Single Image,Audio Hook,0.0,Morning (8-11 AM),3281,401,55,61,196,21085,21132,0.22,6,#Dating #struggle,Save for later,Emotion + Personal Story,Gen Z
CONTENT_EF50350C,Instagram,2026-07-08 23:41:46,Social Anxiety,The truth about social anxiety,Let's talk about social anxiety. #growth #mentalhealth,Organic,Short Video,Text Hook,48.7,Night (9 PM-12 AM),1142,129,8,40,13,46254,46264,0.44,4,#SocialAnxiety #struggle,Share this,Short & Punchy,Students
CONTENT_989D8983,Instagram,2026-04-01 23:41:46,Loneliness,The truth about loneliness,Let's talk about loneliness. #growth #mentalhealth,Organic,Short Video,Text Hook,51.3,Afternoon (12-4 PM),471755,55041,5974,3429,1768,23614,24520,0.57,2,#Loneliness #struggle,Follow for more,Question to Audience,Students
CONTENT_7B34AA05,TikTok,2026-03-21 23:41:46,Overthinking,The truth about overthinking,Let's talk about overthinking. #growth #mentalhealth,Organic,Long Video,Question Hook,489.5,Night (9 PM-12 AM),27050,2903,273,1421,1235,45387,45685,0.49,6,#Overthinking #struggle,Link in bio,Long-form vulnerable,Professionals
CONTENT_F6AAC844,Instagram,2026-08-05 23:41:46,Dating,The truth about dating,Let's talk about dating. #growth #mentalhealth,Organic,Long Video,Audio Hook,219.4,Afternoon (12-4 PM),50972,6767,820,1388,1637,23469,23848,0.21,9,#Dating #struggle,Link in bio,Short & Punchy,Millennials
CONTENT_824F3D27,YouTube,2026-06-20 23:41:46,Self Confidence,The truth about self confidence,Let's talk about self confidence. #growth #mentalhealth,Organic,Short Video,Text Hook,23.7,Night (9 PM-12 AM),2031,209,35,21,32,1882,1891,0.34,2,#SelfConfidence #struggle,Share this,Educational / Tips,General
CONTENT_565B0AB1,Instagram,2026-07-11 23:41:46,Self Confidence,The truth about self confidence,Let's talk about self confidence. #growth #mentalhealth,Organic,Single Image,Story Hook,0.0,Evening (5-8 PM),10912,755,163,499,272,3567,3680,0.44,4,#SelfConfidence #struggle,Share this,Educational / Tips,General
CONTENT_EDFBA329,Instagram,2026-07-22 23:41:46,Overthinking,The truth about overthinking,Let's talk about overthinking. #growth #mentalhealth,Organic,Short Video,Story Hook,34.6,Afternoon (12-4 PM),22838,2141,208,351,181,12283,12443,0.66,1,#Overthinking #struggle,Link in bio,Educational / Tips,General
CONTENT_38D3FDCF,YouTube,2026-05-05 23:41:46,Loneliness,The truth about loneliness,Let's talk about loneliness. #growth #mentalhealth,Organic,Short Video,Text Hook,39.9,Afternoon (12-4 PM),13474,1983,172,398,568,49570,49787,0.33,9,#Loneliness #struggle,Link in bio,Question to Audience,Millennials
CONTENT_A28E867A,TikTok,2026-06-01 23:41:46,Social Anxiety,The truth about social anxiety,Let's talk about social anxiety. #growth #mentalhealth,Organic,Long Video,Audio Hook,137.5,Evening (5-8 PM),125403,16730,848,15934,3128,24456,27735,0.12,3,#SocialAnxiety #struggle,Share this,Educational / Tips,General
CONTENT_13DD178F,TikTok,2026-06-11 23:41:46,Loneliness,The truth about loneliness,Let's talk about loneliness. #growth #mentalhealth,Organic,Short Video,Story Hook,31.5,Afternoon (12-4 PM),26271,3862,472,1856,708,12154,12744,0.79,7,#Loneliness #struggle,Link in bio,Short & Punchy,Gen Z
CONTENT_FB04B16F,YouTube,2026-05-24 23:41:46,Social Anxiety,The truth about social anxiety,Let's talk about social anxiety. #growth #mentalhealth,Organic,Short Video,Visual Hook,22.7,Night (9 PM-12 AM),11615,771,69,413,893,48801,49028,0.62,2,#SocialAnxiety #struggle,Comment your thoughts,Long-form vulnerable,General
CONTENT_9D0F3442,YouTube,2026-06-27 23:41:46,Self Confidence,The truth about self confidence,Let's talk about self confidence. #growth #mentalhealth,Organic,Short Video,Story Hook,57.0,Evening (5-8 PM),2737,346,30,74,28,49947,49970,0.63,8,#SelfConfidence #struggle,Link in bio,Question to Audience,Professionals
CONTENT_8F80DA4D,Instagram,2026-08-24 23:41:46,Career Pressure,The truth about career pressure,Let's talk about career pressure. #growth #mentalhealth,Organic,Short Video,Story Hook,36.3,Afternoon (12-4 PM),17225,1923,96,397,230,18392,18573,0.49,7,#CareerPressure #struggle,Link in bio,Short & Punchy,General
CONTENT_C6298E27,YouTube,2026-06-27 23:41:46,Financial Stress,The truth about financial stress,Let's talk about financial stress. #growth #mentalhealth,Organic,Carousel,Story Hook,0.0,Afternoon (12-4 PM),8902,1233,56,184,285,5379,5491,0.53,7,#FinancialStress #struggle,Follow for more,Educational / Tips,General
CONTENT_4C42F996,YouTube,2026-05-31 23:41:46,Self Confidence,The truth about self confidence,Let's talk about self confidence. #growth #mentalhealth,Organic,Short Video,Text Hook,27.4,Afternoon (12-4 PM),4937,592,81,54,197,24205,24239,0.43,3,#SelfConfidence #struggle,Comment your thoughts,Educational / Tips,Students
CONTENT_ABF6B7F2,Instagram,2026-03-13 23:41:46,Financial Stress,The truth about financial stress,Let's talk about financial stress. #growth #mentalhealth,Organic,Single Image,Question Hook,0.0,Morning (8-11 AM),932,106,16,44,10,13278,13286,0.35,9,#FinancialStress #struggle,Comment your thoughts,Long-form vulnerable,Millennials
CONTENT_7167F8F8,Instagram,2026-06-07 23:41:46,Overthinking,The truth about overthinking,Let's talk about overthinking. #growth #mentalhealth,Organic,Short Video,Question Hook,28.5,Night (9 PM-12 AM),7199,480,74,54,383,22673,22757,0.49,6,#Overthinking #struggle,Comment your thoughts,Question to Audience,Gen Z
CONTENT_93F21830,Instagram,2026-06-28 23:41:46,Career Pressure,The truth about career pressure,Let's talk about career pressure. #growth #mentalhealth,Organic,Long Video,Text Hook,452.0,Morning (8-11 AM),4247,628,48,182,152,40385,40450,0.25,4,#CareerPressure #struggle,Save for later,Question to Audience,Students
CONTENT_36825270,TikTok,2026-06-01 23:41:46,Overthinking,The truth about overthinking,Let's talk about overthinking. #growth #mentalhealth,Organic,Long Video,Text Hook,598.5,Morning (8-11 AM),11271,688,61,992,223,13118,13272,0.27,7,#Overthinking #struggle,Follow for more,Question to Audience,General
CONTENT_F38548A8,YouTube,2026-03-19 23:41:46,Academic Stress,The truth about academic stress,Let's talk about academic stress. #growth #mentalhealth,Organic,Long Video,Story Hook,432.4,Morning (8-11 AM),1381,167,27,16,12,15017,15021,0.41,9,#AcademicStress #struggle,Follow for more,Long-form vulnerable,General
CONTENT_DB85ADFC,Instagram,2026-05-06 23:41:46,Loneliness,The truth about loneliness,Let's talk about loneliness. #growth #mentalhealth,Organic,Short Video,Audio Hook,46.8,Night (9 PM-12 AM),29170,1822,566,585,153,49904,49988,0.51,4,#Loneliness #struggle,None,Long-form vulnerable,Professionals
CONTENT_30E797F8,TikTok,2026-03-30 23:41:46,Social Anxiety,The truth about social anxiety,Let's talk about social anxiety. #growth #mentalhealth,Organic,Carousel,Visual Hook,0.0,Morning (8-11 AM),26409,2734,320,1371,3246,14382,15026,0.37,8,#SocialAnxiety #struggle,Save for later,Question to Audience,Students
CONTENT_A3930CAB,TikTok,2026-04-18 23:41:46,Loneliness,The truth about loneliness,Let's talk about loneliness. #growth #mentalhealth,Organic,Carousel,Story Hook,0.0,Night (9 PM-12 AM),21657,1785,417,902,1946,18794,19428,0.39,9,#Loneliness #struggle,Comment your thoughts,Long-form vulnerable,General
CONTENT_B5051AFC,Instagram,2026-05-21 23:41:46,Career Pressure,The truth about career pressure,Let's talk about career pressure. #growth #mentalhealth,Organic,Short Video,Story Hook,28.6,Afternoon (12-4 PM),41832,2117,717,1435,1210,31761,32482,0.76,2,#CareerPressure #struggle,Comment your thoughts,Question to Audience,Professionals
CONTENT_78FAB82F,Instagram,2026-04-07 23:41:46,Overthinking,The truth about overthinking,Let's talk about overthinking. #growth #mentalhealth,Organic,Single Image,Story Hook,0.0,Afternoon (12-4 PM),896,92,9,6,11,8837,8840,0.42,4,#Overthinking #struggle,Link in bio,Short & Punchy,General
CONTENT_95601AD9,TikTok,2026-04-05 23:41:46,Loneliness,The truth about loneliness,Let's talk about loneliness. #growth #mentalhealth,Organic,Single Image,Question Hook,0.0,Afternoon (12-4 PM),83733,7406,854,2133,389,35812,36317,0.17,4,#Loneliness #struggle,Follow for more,Emotion + Personal Story,General
CONTENT_8EBC1406,YouTube,2026-08-28 23:41:46,Dating,The truth about dating,Let's talk about dating. #growth #mentalhealth,Organic,Long Video,Audio Hook,209.0,Evening (5-8 PM),2596,262,45,92,85,31640,31673,0.17,2,#Dating #struggle,Comment your thoughts,Question to Audience,Millennials
CONTENT_BFA6A504,TikTok,2026-08-06 23:41:46,Social Anxiety,The truth about social anxiety,Let's talk about social anxiety. #growth #mentalhealth,Organic,Short Video,Visual Hook,47.3,Evening (5-8 PM),27897,2828,428,938,2237,19625,20179,0.62,7,#SocialAnxiety #struggle,Follow for more,Question to Audience,General
CONTENT_12D45268,YouTube,2026-06-25 23:41:46,Social Anxiety,The truth about social anxiety,Let's talk about social anxiety. #growth #mentalhealth,Organic,Short Video,Visual Hook,48.6,Morning (8-11 AM),4420,640,69,142,582,48761,48911,0.42,1,#SocialAnxiety #struggle,Save for later,Question to Audience,Gen Z
CONTENT_03A812E9,Instagram,2026-06-10 23:41:46,Overthinking,The truth about overthinking,Let's talk about overthinking. #growth #mentalhealth,Organic,Long Video,Text Hook,356.2,Afternoon (12-4 PM),108243,9930,1044,1635,9296,14890,15895,0.43,7,#Overthinking #struggle,Comment your thoughts,Long-form vulnerable,Millennials
CONTENT_3FABDF1F,Instagram,2026-03-12 23:41:46,Social Anxiety,The truth about social anxiety,Let's talk about social anxiety. #growth #mentalhealth,Organic,Short Video,Visual Hook,24.6,Night (9 PM-12 AM),4932,593,40,77,385,17535,17645,0.56,5,#SocialAnxiety #struggle,Comment your thoughts,Short & Punchy,Students
CONTENT_FF2C7A19,TikTok,2026-06-24 23:41:46,Academic Stress,The truth about academic stress,Let's talk about academic stress. #growth #mentalhealth,Organic,Short Video,Story Hook,44.0,Evening (5-8 PM),5481,818,91,93,287,44481,44542,0.65,3,#AcademicStress #struggle,Save for later,Short & Punchy,Students
CONTENT_87DE93C5,TikTok,2026-04-13 23:41:46,Academic Stress,The truth about academic stress,Let's talk about academic stress. #growth #mentalhealth,Organic,Carousel,Question Hook,0.0,Evening (5-8 PM),3010,218,44,81,70,4407,4437,0.49,8,#AcademicStress #struggle,Follow for more,Long-form vulnerable,Millennials
CONTENT_AB000232,TikTok,2026-08-09 23:41:46,Loneliness,The truth about loneliness,Let's talk about loneliness. #growth #mentalhealth,Organic,Carousel,Text Hook,0.0,Afternoon (12-4 PM),6177,586,58,122,285,44448,44485,0.11,7,#Loneliness #struggle,None,Emotion + Personal Story,General
CONTENT_18F06EAB,Instagram,2026-04-30 23:41:46,Relationships,The truth about relationships,Let's talk about relationships. #growth #mentalhealth,Organic,Carousel,Audio Hook,0.0,Afternoon (12-4 PM),111420,14573,1840,3759,323,27183,28094,0.41,6,#Relationships #struggle,Share this,Educational / Tips,General
CONTENT_E47CCD83,Instagram,2026-06-11 23:41:46,Social Anxiety,The truth about social anxiety,Let's talk about social anxiety. #growth #mentalhealth,Organic,Long Video,Story Hook,328.8,Morning (8-11 AM),21139,2519,357,384,1128,8777,9123,0.25,9,#SocialAnxiety #struggle,Share this,Short & Punchy,General
CONTENT_B16E852B,TikTok,2026-05-01 23:41:46,Self Confidence,The truth about self confidence,Let's talk about self confidence. #growth #mentalhealth,Organic,Carousel,Story Hook,0.0,Night (9 PM-12 AM),644,37,4,7,14,34332,34334,0.45,3,#SelfConfidence #struggle,Comment your thoughts,Emotion + Personal Story,General
CONTENT_83D9E682,YouTube,2026-06-28 23:41:46,Relationships,The truth about relationships,Let's talk about relationships. #growth #mentalhealth,Organic,Short Video,Question Hook,26.9,Afternoon (12-4 PM),17045,2039,270,357,307,37929,37998,0.31,1,#Relationships #struggle,Link in bio,Short & Punchy,Professionals
CONTENT_DAA4D0C7,YouTube,2026-03-11 23:41:46,Self Confidence,The truth about self confidence,Let's talk about self confidence. #growth #mentalhealth,Organic,Single Image,Visual Hook,0.0,Evening (5-8 PM),7596,410,79,31,342,34737,34770,0.38,6,#SelfConfidence #struggle,Save for later,Long-form vulnerable,Millennials
CONTENT_37972C2F,Instagram,2026-07-31 23:41:46,Career Pressure,The truth about career pressure,Let's talk about career pressure. #growth #mentalhealth,Organic,Short Video,Story Hook,30.2,Morning (8-11 AM),60058,7204,576,989,642,33890,34092,0.7,3,#CareerPressure #struggle,Save for later,Question to Audience,General
CONTENT_50C308EE,TikTok,2026-03-30 23:41:46,Academic Stress,The truth about academic stress,Let's talk about academic stress. #growth #mentalhealth,Organic,Short Video,Story Hook,45.2,Afternoon (12-4 PM),28012,2085,317,1315,511,13916,14337,0.73,6,#AcademicStress #struggle,None,Long-form vulnerable,Students
CONTENT_25FA1B06,YouTube,2026-06-19 23:41:46,Loneliness,The truth about loneliness,Let's talk about loneliness. #growth #mentalhealth,Organic,Long Video,Text Hook,373.0,Morning (8-11 AM),132124,16217,2384,2649,902,4815,5263,0.4,5,#Loneliness #struggle,Link in bio,Emotion + Personal Story,Gen Z
CONTENT_666AA78C,YouTube,2026-05-06 23:41:46,Career Pressure,The truth about career pressure,Let's talk about career pressure. #growth #mentalhealth,Organic,Long Video,Story Hook,331.6,Afternoon (12-4 PM),25105,3360,395,855,278,13963,14135,0.3,2,#CareerPressure #struggle,Link in bio,Emotion + Personal Story,Gen Z
CONTENT_EFE51BC8,Instagram,2026-05-13 23:41:46,Relationships,The truth about relationships,Let's talk about relationships. #growth #mentalhealth,Organic,Single Image,Text Hook,0.0,Afternoon (12-4 PM),13157,1686,204,49,742,32846,33028,0.35,1,#Relationships #struggle,Save for later,Short & Punchy,Gen Z
CONTENT_2B5BEFB6,TikTok,2026-04-06 23:41:46,Social Anxiety,The truth about social anxiety,Let's talk about social anxiety. #growth #mentalhealth,Organic,Single Image,Visual Hook,0.0,Evening (5-8 PM),100058,12753,827,671,4447,6577,7650,0.52,1,#SocialAnxiety #struggle,Follow for more,Short & Punchy,Gen Z
CONTENT_1AA38E18,Instagram,2026-07-04 23:41:46,Academic Stress,The truth about academic stress,Let's talk about academic stress. #growth #mentalhealth,Organic,Carousel,Text Hook,0.0,Evening (5-8 PM),666,46,12,30,9,19051,19059,0.45,1,#AcademicStress #struggle,Save for later,Question to Audience,Professionals
CONTENT_C04F58B4,Instagram,2026-08-20 23:41:46,Career Pressure,The truth about career pressure,Let's talk about career pressure. #growth #mentalhealth,Organic,Short Video,Visual Hook,19.7,Evening (5-8 PM),8161,1057,58,189,301,32076,32128,0.57,2,#CareerPressure #struggle,None,Educational / Tips,Gen Z
CONTENT_188771A0,TikTok,2026-06-14 23:41:46,Academic Stress,The truth about academic stress,Let's talk about academic stress. #growth #mentalhealth,Organic,Short Video,Question Hook,17.5,Night (9 PM-12 AM),7122,456,80,96,248,34005,34063,0.5,7,#AcademicStress #struggle,Share this,Educational / Tips,Professionals
CONTENT_0EB29199,Instagram,2026-08-27 23:41:46,Overthinking,The truth about overthinking,Let's talk about overthinking. #growth #mentalhealth,Organic,Short Video,Audio Hook,56.0,Evening (5-8 PM),2464,278,28,79,170,18513,18553,0.45,5,#Overthinking #struggle,Follow for more,Long-form vulnerable,Millennials
CONTENT_FDF4DAB7,TikTok,2026-08-28 23:41:46,Overthinking,The truth about overthinking,Let's talk about overthinking. #growth #mentalhealth,Organic,Short Video,Question Hook,27.1,Afternoon (12-4 PM),22405,1696,353,1539,632,46809,47077,0.59,3,#Overthinking #struggle,Link in bio,Short & Punchy,Millennials
CONTENT_EA37CD28,YouTube,2026-04-15 23:41:46,Loneliness,The truth about loneliness,Let's talk about loneliness. #growth #mentalhealth,Organic,Short Video,Story Hook,55.9,Afternoon (12-4 PM),55897,7376,1117,532,2140,37704,38371,0.51,5,#Loneliness #struggle,None,Long-form vulnerable,General
CONTENT_6F68C989,TikTok,2026-08-19 23:41:46,Financial Stress,The truth about financial stress,Let's talk about financial stress. #growth #mentalhealth,Organic,Short Video,Audio Hook,24.6,Afternoon (12-4 PM),3971,235,43,126,84,18548,18603,0.4,7,#FinancialStress #struggle,Comment your thoughts,Emotion + Personal Story,Millennials
CONTENT_DFF44179,TikTok,2026-04-08 23:41:46,Social Anxiety,The truth about social anxiety,Let's talk about social anxiety. #growth #mentalhealth,Organic,Short Video,Question Hook,56.8,Evening (5-8 PM),39953,5365,466,2472,3538,43968,45277,0.5,6,#SocialAnxiety #struggle,Follow for more,Short & Punchy,General
CONTENT_E1B94A83,Instagram,2026-03-31 23:41:46,Social Anxiety,The truth about social anxiety,Let's talk about social anxiety. #growth #mentalhealth,Organic,Long Video,Story Hook,502.3,Afternoon (12-4 PM),46833,5171,676,802,4009,34715,35117,0.36,2,#SocialAnxiety #struggle,Save for later,Short & Punchy,General
CONTENT_7C721D15,YouTube,2026-05-31 23:41:46,Career Pressure,The truth about career pressure,Let's talk about career pressure. #growth #mentalhealth,Organic,Long Video,Visual Hook,580.7,Evening (5-8 PM),10961,1494,121,15,21,35841,35852,0.54,7,#CareerPressure #struggle,Comment your thoughts,Question to Audience,Gen Z
CONTENT_386A7AD6,TikTok,2026-08-17 23:41:46,Social Anxiety,The truth about social anxiety,Let's talk about social anxiety. #growth #mentalhealth,Organic,Carousel,Visual Hook,0.0,Evening (5-8 PM),13717,1168,159,1143,527,36790,37215,0.27,7,#SocialAnxiety #struggle,Link in bio,Emotion + Personal Story,Professionals
CONTENT_FF9AA810,TikTok,2026-08-02 23:41:46,Overthinking,The truth about overthinking,Let's talk about overthinking. #growth #mentalhealth,Organic,Short Video,Text Hook,46.6,Night (9 PM-12 AM),20334,1914,141,1867,2209,18061,18419,0.5,9,#Overthinking #struggle,Save for later,Question to Audience,Millennials
CONTENT_84F8A825,TikTok,2026-03-18 23:41:46,Social Anxiety,The truth about social anxiety,Let's talk about social anxiety. #growth #mentalhealth,Organic,Short Video,Text Hook,52.4,Afternoon (12-4 PM),3145,357,58,292,199,26993,27108,0.67,4,#SocialAnxiety #struggle,Save for later,Educational / Tips,Gen Z
CONTENT_116FD580,Instagram,2026-06-20 23:41:46,Productivity,The truth about productivity,Let's talk about productivity. #growth #mentalhealth,Organic,Carousel,Text Hook,0.0,Evening (5-8 PM),89,5,1,1,2,39290,39290,0.31,4,#Productivity #struggle,None,Question to Audience,General
CONTENT_44698092,TikTok,2026-07-30 23:41:46,Financial Stress,The truth about financial stress,Let's talk about financial stress. #growth #mentalhealth,Organic,Short Video,Question Hook,58.8,Morning (8-11 AM),10882,986,90,401,375,1028,1131,0.31,9,#FinancialStress #struggle,None,Short & Punchy,Millennials
CONTENT_EF3E77C9,Instagram,2026-05-13 23:41:46,Social Anxiety,The truth about social anxiety,Let's talk about social anxiety. #growth #mentalhealth,Organic,Carousel,Audio Hook,0.0,Afternoon (12-4 PM),2938,440,52,288,260,13031,13139,0.21,3,#SocialAnxiety #struggle,Save for later,Educational / Tips,Millennials
CONTENT_30F04152,TikTok,2026-05-24 23:41:46,Academic Stress,The truth about academic stress,Let's talk about academic stress. #growth #mentalhealth,Organic,Carousel,Visual Hook,0.0,Morning (8-11 AM),23118,2940,283,784,803,36321,36731,0.36,2,#AcademicStress #struggle,Link in bio,Long-form vulnerable,Gen Z
CONTENT_B789223A,TikTok,2026-06-22 23:41:46,Productivity,The truth about productivity,Let's talk about productivity. #growth #mentalhealth,Organic,Short Video,Audio Hook,32.0,Morning (8-11 AM),8684,671,95,417,27,47422,47492,0.69,3,#Productivity #struggle,Comment your thoughts,Educational / Tips,General
CONTENT_E28CD368,TikTok,2026-03-22 23:41:46,Overthinking,The truth about overthinking,Let's talk about overthinking. #growth #mentalhealth,Organic,Short Video,Story Hook,35.7,Morning (8-11 AM),5796,581,95,195,429,49640,49712,0.67,9,#Overthinking #struggle,None,Emotion + Personal Story,Professionals
CONTENT_9CA95473,YouTube,2026-08-17 23:41:46,Self Confidence,The truth about self confidence,Let's talk about self confidence. #growth #mentalhealth,Organic,Carousel,Text Hook,0.0,Afternoon (12-4 PM),8079,429,54,395,206,4543,4680,0.21,4,#SelfConfidence #struggle,Follow for more,Question to Audience,Millennials
CONTENT_71895DD9,Instagram,2026-05-11 23:41:46,Career Pressure,The truth about career pressure,Let's talk about career pressure. #growth #mentalhealth,Organic,Short Video,Text Hook,58.3,Evening (5-8 PM),12508,1185,81,394,346,18393,18554,0.33,6,#CareerPressure #struggle,Save for later,Emotion + Personal Story,Millennials
CONTENT_522202DD,Instagram,2026-03-30 23:41:46,Relationships,The truth about relationships,Let's talk about relationships. #growth #mentalhealth,Organic,Short Video,Question Hook,17.0,Afternoon (12-4 PM),13815,1314,93,527,85,26008,26079,0.42,7,#Relationships #struggle,Link in bio,Emotion + Personal Story,Professionals
CONTENT_3C8BBEBA,TikTok,2026-05-18 23:41:46,Financial Stress,The truth about financial stress,Let's talk about financial stress. #growth #mentalhealth,Organic,Long Video,Question Hook,527.1,Afternoon (12-4 PM),47,6,0,1,3,11165,11165,0.3,8,#FinancialStress #struggle,Save for later,Long-form vulnerable,Millennials
CONTENT_4183A803,TikTok,2026-03-21 23:41:46,Career Pressure,The truth about career pressure,Let's talk about career pressure. #growth #mentalhealth,Organic,Short Video,Text Hook,57.7,Night (9 PM-12 AM),3087,206,36,12,51,47073,47081,0.42,1,#CareerPressure #struggle,Share this,Long-form vulnerable,Millennials
CONTENT_04C38B1F,TikTok,2026-08-31 23:41:46,Career Pressure,The truth about career pressure,Let's talk about career pressure. #growth #mentalhealth,Organic,Short Video,Visual Hook,35.6,Afternoon (12-4 PM),4171,217,47,62,151,43084,43110,0.68,9,#CareerPressure #struggle,None,Educational / Tips,Millennials
CONTENT_2237563D,YouTube,2026-06-27 23:41:46,Academic Stress,The truth about academic stress,Let's talk about academic stress. #growth #mentalhealth,Organic,Short Video,Story Hook,27.0,Afternoon (12-4 PM),33628,2469,230,994,1244,32007,32223,0.61,5,#AcademicStress #struggle,Link in bio,Educational / Tips,Gen Z
CONTENT_CE387BD1,TikTok,2026-03-24 23:41:46,Self Confidence,The truth about self confidence,Let's talk about self confidence. #growth #mentalhealth,Organic,Single Image,Question Hook,0.0,Afternoon (12-4 PM),4593,231,91,272,119,13886,13930,0.15,5,#SelfConfidence #struggle,Share this,Long-form vulnerable,General
CONTENT_0F7B4196,TikTok,2026-08-13 23:41:46,Loneliness,The truth about loneliness,Let's talk about loneliness. #growth #mentalhealth,Organic,Short Video,Text Hook,19.6,Night (9 PM-12 AM),19648,2815,286,1065,1278,15017,15268,0.46,5,#Loneliness #struggle,Save for later,Educational / Tips,Millennials
CONTENT_13053EFC,YouTube,2026-08-05 23:41:46,Social Anxiety,The truth about social anxiety,Let's talk about social anxiety. #growth #mentalhealth,Organic,Short Video,Visual Hook,22.9,Evening (5-8 PM),4406,442,66,494,289,39098,39267,0.69,7,#SocialAnxiety #struggle,Share this,Long-form vulnerable,General
CONTENT_B1681A07,Instagram,2026-05-15 23:41:46,Career Pressure,The truth about career pressure,Let's talk about career pressure. #growth #mentalhealth,Organic,Short Video,Visual Hook,59.4,Morning (8-11 AM),27335,1755,158,401,522,41030,41202,0.42,2,#CareerPressure #struggle,Comment your thoughts,Educational / Tips,General
CONTENT_7D84B53E,Instagram,2026-04-02 23:41:46,Dating,The truth about dating,Let's talk about dating. #growth #mentalhealth,Organic,Short Video,Question Hook,16.0,Afternoon (12-4 PM),25299,1608,181,150,272,8847,8964,0.42,2,#Dating #struggle,Link in bio,Question to Audience,Students
CONTENT_C182D74D,YouTube,2026-04-02 23:41:46,Dating,The truth about dating,Let's talk about dating. #growth #mentalhealth,Organic,Short Video,Question Hook,33.1,Evening (5-8 PM),26453,3042,168,1227,653,8373,8698,0.67,6,#Dating #struggle,Link in bio,Long-form vulnerable,General
CONTENT_785C3255,YouTube,2026-07-19 23:41:46,Academic Stress,The truth about academic stress,Let's talk about academic stress. #growth #mentalhealth,Organic,Short Video,Story Hook,51.1,Morning (8-11 AM),7021,457,119,285,137,10677,10732,0.55,2,#AcademicStress #struggle,Follow for more,Question to Audience,Gen Z
CONTENT_3DB1195A,YouTube,2026-06-27 23:41:46,Loneliness,The truth about loneliness,Let's talk about loneliness. #growth #mentalhealth,Organic,Single Image,Audio Hook,0.0,Night (9 PM-12 AM),2640,231,46,173,206,28398,28474,0.17,3,#Loneliness #struggle,Follow for more,Educational / Tips,Gen Z
CONTENT_50ACF890,YouTube,2026-08-17 23:41:46,Overthinking,The truth about overthinking,Let's talk about overthinking. #growth #mentalhealth,Organic,Long Video,Story Hook,125.1,Afternoon (12-4 PM),13986,1100,138,576,1055,33980,34309,0.56,3,#Overthinking #struggle,Save for later,Short & Punchy,General
CONTENT_49A64A5D,YouTube,2026-06-18 23:41:46,Financial Stress,The truth about financial stress,Let's talk about financial stress. #growth #mentalhealth,Organic,Carousel,Text Hook,0.0,Night (9 PM-12 AM),2201,131,21,103,74,45398,45416,0.49,1,#FinancialStress #struggle,Link in bio,Question to Audience,General
CONTENT_F262820B,YouTube,2026-05-02 23:41:46,Loneliness,The truth about loneliness,Let's talk about loneliness. #growth #mentalhealth,Organic,Carousel,Audio Hook,0.0,Night (9 PM-12 AM),19845,1849,386,628,2008,2777,3409,0.45,9,#Loneliness #struggle,Save for later,Short & Punchy,Students
CONTENT_94D3F3FC,YouTube,2026-04-18 23:41:46,Self Confidence,The truth about self confidence,Let's talk about self confidence. #growth #mentalhealth,Organic,Carousel,Text Hook,0.0,Afternoon (12-4 PM),1008,121,5,39,19,30092,30101,0.11,1,#SelfConfidence #struggle,Comment your thoughts,Emotion + Personal Story,Students
CONTENT_1544CC9A,Instagram,2026-06-30 23:41:46,Overthinking,The truth about overthinking,Let's talk about overthinking. #growth #mentalhealth,Organic,Short Video,Visual Hook,23.8,Night (9 PM-12 AM),1202,142,18,66,40,32021,32039,0.43,3,#Overthinking #struggle,Link in bio,Short & Punchy,Students
CONTENT_F52CC4B8,Instagram,2026-04-13 23:41:46,Relationships,The truth about relationships,Let's talk about relationships. #growth #mentalhealth,Organic,Short Video,Visual Hook,32.4,Evening (5-8 PM),31753,2926,203,490,748,42757,43020,0.51,4,#Relationships #struggle,Share this,Short & Punchy,Students
CONTENT_F17E2DCF,Instagram,2026-06-15 23:41:46,Overthinking,The truth about overthinking,Let's talk about overthinking. #growth #mentalhealth,Organic,Carousel,Story Hook,0.0,Evening (5-8 PM),2926,197,15,169,242,21719,21787,0.6,7,#Overthinking #struggle,Comment your thoughts,Question to Audience,Gen Z
CONTENT_313CDF5D,YouTube,2026-06-29 23:41:46,Loneliness,The truth about loneliness,Let's talk about loneliness. #growth #mentalhealth,Organic,Short Video,Story Hook,35.5,Evening (5-8 PM),74676,6398,557,9337,4507,19120,20914,0.63,9,#Loneliness #struggle,Share this,Long-form vulnerable,General
CONTENT_644152A4,Instagram,2026-07-23 23:41:46,Loneliness,The truth about loneliness,Let's talk about loneliness. #growth #mentalhealth,Organic,Single Image,Text Hook,0.0,Evening (5-8 PM),58107,7163,733,4345,1538,49113,50156,0.46,4,#Loneliness #struggle,None,Short & Punchy,Gen Z
CONTENT_B7E54E9F,YouTube,2026-07-07 23:41:46,Self Confidence,The truth about self confidence,Let's talk about self confidence. #growth #mentalhealth,Organic,Single Image,Audio Hook,0.0,Night (9 PM-12 AM),62542,8873,725,2502,1849,39032,39954,0.28,6,#SelfConfidence #struggle,Comment your thoughts,Long-form vulnerable,General
CONTENT_93714AB3,YouTube,2026-08-19 23:41:46,Productivity,The truth about productivity,Let's talk about productivity. #growth #mentalhealth,Organic,Short Video,Question Hook,53.5,Night (9 PM-12 AM),1566,138,29,62,33,25811,25828,0.47,6,#Productivity #struggle,Save for later,Emotion + Personal Story,General
CONTENT_6C93E49B,YouTube,2026-07-24 23:41:46,Productivity,The truth about productivity,Let's talk about productivity. #growth #mentalhealth,Organic,Carousel,Text Hook,0.0,Night (9 PM-12 AM),4194,604,76,19,131,43899,43925,0.39,6,#Productivity #struggle,Follow for more,Short & Punchy,Students
CONTENT_8BF1AAB2,TikTok,2026-07-18 23:41:46,Social Anxiety,The truth about social anxiety,Let's talk about social anxiety. #growth #mentalhealth,Organic,Long Video,Text Hook,585.0,Afternoon (12-4 PM),3225,432,64,25,147,24351,24370,0.32,6,#SocialAnxiety #struggle,Share this,Question to Audience,Millennials
CONTENT_5C3C0366,TikTok,2026-07-25 23:41:46,Financial Stress,The truth about financial stress,Let's talk about financial stress. #growth #mentalhealth,Organic,Long Video,Visual Hook,248.7,Evening (5-8 PM),7474,415,97,103,354,2726,2815,0.52,6,#FinancialStress #struggle,Comment your thoughts,Short & Punchy,Gen Z
CONTENT_67BB6CED,TikTok,2026-08-02 23:41:46,Overthinking,The truth about overthinking,Let's talk about overthinking. #growth #mentalhealth,Organic,Single Image,Story Hook,0.0,Morning (8-11 AM),16331,1784,199,682,1427,22263,22614,0.25,7,#Overthinking #struggle,Comment your thoughts,Emotion + Personal Story,Gen Z
CONTENT_98DA773E,TikTok,2026-04-02 23:41:46,Self Confidence,The truth about self confidence,Let's talk about self confidence. #growth #mentalhealth,Organic,Short Video,Visual Hook,58.5,Morning (8-11 AM),2715,236,14,106,44,3272,3315,0.45,9,#SelfConfidence #struggle,Save for later,Question to Audience,Professionals
CONTENT_6F4D37EC,TikTok,2026-06-20 23:41:46,Overthinking,The truth about overthinking,Let's talk about overthinking. #growth #mentalhealth,Organic,Carousel,Visual Hook,0.0,Morning (8-11 AM),28051,3598,496,1453,626,36724,37211,0.22,9,#Overthinking #struggle,Comment your thoughts,Short & Punchy,Millennials
CONTENT_58717778,YouTube,2026-05-09 23:41:46,Dating,The truth about dating,Let's talk about dating. #growth #mentalhealth,Organic,Short Video,Text Hook,23.4,Morning (8-11 AM),37350,5597,200,183,695,7372,7533,0.33,7,#Dating #struggle,Comment your thoughts,Emotion + Personal Story,Professionals
CONTENT_584142B4,TikTok,2026-03-19 23:41:46,Self Confidence,The truth about self confidence,Let's talk about self confidence. #growth #mentalhealth,Organic,Carousel,Text Hook,0.0,Evening (5-8 PM),13103,1095,167,102,372,28250,28309,0.32,1,#SelfConfidence #struggle,Share this,Emotion + Personal Story,General
CONTENT_AB8AB8B9,TikTok,2026-03-11 23:41:46,Loneliness,The truth about loneliness,Let's talk about loneliness. #growth #mentalhealth,Organic,Short Video,Audio Hook,16.2,Afternoon (12-4 PM),17922,1888,90,1713,411,34365,34821,0.41,6,#Loneliness #struggle,Follow for more,Long-form vulnerable,Students
CONTENT_8D6B04A5,TikTok,2026-03-17 23:41:46,Academic Stress,The truth about academic stress,Let's talk about academic stress. #growth #mentalhealth,Organic,Long Video,Story Hook,305.5,Afternoon (12-4 PM),80007,4628,1457,3901,3316,46687,47684,0.2,9,#AcademicStress #struggle,Link in bio,Short & Punchy,Gen Z
CONTENT_87115701,TikTok,2026-05-15 23:41:46,Productivity,The truth about productivity,Let's talk about productivity. #growth #mentalhealth,Organic,Carousel,Text Hook,0.0,Afternoon (12-4 PM),406,34,6,4,16,43367,43369,0.28,3,#Productivity #struggle,Link in bio,Emotion + Personal Story,Professionals
CONTENT_14A39420,TikTok,2026-04-21 23:41:46,Career Pressure,The truth about career pressure,Let's talk about career pressure. #growth #mentalhealth,Organic,Short Video,Question Hook,56.4,Night (9 PM-12 AM),47218,4089,807,1718,645,22371,22853,0.54,7,#CareerPressure #struggle,Share this,Short & Punchy,Millennials
CONTENT_B9A8EB2D,YouTube,2026-05-08 23:41:46,Self Confidence,The truth about self confidence,Let's talk about self confidence. #growth #mentalhealth,Organic,Short Video,Visual Hook,38.9,Afternoon (12-4 PM),489209,53332,5547,7817,13062,49373,54296,0.67,4,#SelfConfidence #struggle,Comment your thoughts,Educational / Tips,Students
CONTENT_1A45F8B0,TikTok,2026-03-24 23:41:46,Social Anxiety,The truth about social anxiety,Let's talk about social anxiety. #growth #mentalhealth,Organic,Short Video,Text Hook,34.7,Evening (5-8 PM),21450,3105,129,2923,1149,13041,13773,0.67,6,#SocialAnxiety #struggle,Share this,Short & Punchy,Professionals
CONTENT_38FCC056,YouTube,2026-04-21 23:41:46,Academic Stress,The truth about academic stress,Let's talk about academic stress. #growth #mentalhealth,Organic,Carousel,Text Hook,0.0,Afternoon (12-4 PM),58068,7891,367,1304,1831,42473,42884,0.37,7,#AcademicStress #struggle,Save for later,Educational / Tips,General
CONTENT_EEE6D4D7,TikTok,2026-04-02 23:41:46,Career Pressure,The truth about career pressure,Let's talk about career pressure. #growth #mentalhealth,Organic,Long Video,Visual Hook,286.4,Evening (5-8 PM),15537,1292,251,619,342,13055,13294,0.5,7,#CareerPressure #struggle,Save for later,Long-form vulnerable,General
CONTENT_138C5315,YouTube,2026-08-31 23:41:46,Career Pressure,The truth about career pressure,Let's talk about career pressure. #growth #mentalhealth,Organic,Long Video,Visual Hook,481.1,Morning (8-11 AM),11997,1220,155,231,218,4258,4364,0.21,3,#CareerPressure #struggle,None,Emotion + Personal Story,General
CONTENT_70693069,TikTok,2026-06-23 23:41:46,Overthinking,The truth about overthinking,Let's talk about overthinking. #growth #mentalhealth,Organic,Short Video,Question Hook,28.6,Evening (5-8 PM),114913,12009,1714,1339,2559,31869,32392,0.67,7,#Overthinking #struggle,Link in bio,Emotion + Personal Story,Professionals
CONTENT_44C773B3,YouTube,2026-05-14 23:41:46,Overthinking,The truth about overthinking,Let's talk about overthinking. #growth #mentalhealth,Organic,Short Video,Story Hook,49.8,Night (9 PM-12 AM),14711,1953,167,1287,1047,42916,43357,0.43,4,#Overthinking #struggle,Share this,Question to Audience,Millennials
CONTENT_AB4E8AA0,Instagram,2026-08-06 23:41:46,Social Anxiety,The truth about social anxiety,Let's talk about social anxiety. #growth #mentalhealth,Organic,Short Video,Question Hook,40.3,Morning (8-11 AM),80347,12008,1220,6047,7229,6956,8793,0.49,7,#SocialAnxiety #struggle,Follow for more,Question to Audience,Gen Z
CONTENT_3FEA26A2,Instagram,2026-08-20 23:41:46,Dating,The truth about dating,Let's talk about dating. #growth #mentalhealth,Organic,Short Video,Text Hook,35.9,Evening (5-8 PM),14440,1585,202,216,575,45380,45522,0.33,8,#Dating #struggle,Link in bio,Educational / Tips,Students
CONTENT_7D737CEB,YouTube,2026-05-09 23:41:46,Social Anxiety,The truth about social anxiety,Let's talk about social anxiety. #growth #mentalhealth,Organic,Carousel,Question Hook,0.0,Night (9 PM-12 AM),6384,518,88,279,483,27382,27487,0.11,7,#SocialAnxiety #struggle,Save for later,Emotion + Personal Story,Millennials
CONTENT_488C92F9,TikTok,2026-06-26 23:41:46,Overthinking,The truth about overthinking,Let's talk about overthinking. #growth #mentalhealth,Organic,Carousel,Text Hook,0.0,Evening (5-8 PM),21613,1736,237,2251,534,34307,35095,0.43,1,#Overthinking #struggle,Share this,Emotion + Personal Story,Millennials
CONTENT_E3124FD5,Instagram,2026-03-29 23:41:46,Social Anxiety,The truth about social anxiety,Let's talk about social anxiety. #growth #mentalhealth,Organic,Short Video,Text Hook,35.9,Night (9 PM-12 AM),122109,11311,1221,2394,1294,33222,33604,0.6,2,#SocialAnxiety #struggle,Comment your thoughts,Long-form vulnerable,Gen Z
CONTENT_7960EA7F,YouTube,2026-04-10 23:41:46,Dating,The truth about dating,Let's talk about dating. #growth #mentalhealth,Organic,Single Image,Visual Hook,0.0,Evening (5-8 PM),6165,605,78,238,232,10969,11080,0.48,1,#Dating #struggle,Comment your thoughts,Long-form vulnerable,Millennials
CONTENT_1039B71D,TikTok,2026-06-27 23:41:46,Social Anxiety,The truth about social anxiety,Let's talk about social anxiety. #growth #mentalhealth,Organic,Long Video,Text Hook,294.4,Afternoon (12-4 PM),2659,209,36,48,49,22657,22675,0.37,7,#SocialAnxiety #struggle,Save for later,Question to Audience,General
CONTENT_D21314A2,YouTube,2026-08-10 23:41:46,Loneliness,The truth about loneliness,Let's talk about loneliness. #growth #mentalhealth,Organic,Short Video,Text Hook,56.9,Evening (5-8 PM),11011,1410,58,699,287,45135,45349,0.66,9,#Loneliness #struggle,Link in bio,Short & Punchy,Millennials
CONTENT_E349DA0C,YouTube,2026-08-24 23:41:46,Dating,The truth about dating,Let's talk about dating. #growth #mentalhealth,Organic,Short Video,Story Hook,23.1,Morning (8-11 AM),28175,1642,402,481,421,14541,14662,0.6,5,#Dating #struggle,None,Emotion + Personal Story,Gen Z
CONTENT_9C0E8152,TikTok,2026-03-29 23:41:46,Dating,The truth about dating,Let's talk about dating. #growth #mentalhealth,Organic,Short Video,Audio Hook,57.4,Afternoon (12-4 PM),12075,853,125,313,284,15274,15384,0.67,2,#Dating #struggle,Comment your thoughts,Emotion + Personal Story,Millennials
CONTENT_1A041C16,YouTube,2026-03-18 23:41:46,Social Anxiety,The truth about social anxiety,Let's talk about social anxiety. #growth #mentalhealth,Organic,Carousel,Text Hook,0.0,Afternoon (12-4 PM),245199,27679,4031,1748,5436,16248,17905,0.44,5,#SocialAnxiety #struggle,Follow for more,Question to Audience,General
CONTENT_48853B46,Instagram,2026-06-08 23:41:46,Social Anxiety,The truth about social anxiety,Let's talk about social anxiety. #growth #mentalhealth,Organic,Single Image,Story Hook,0.0,Evening (5-8 PM),10737,1347,161,668,409,36755,37026,0.35,4,#SocialAnxiety #struggle,Follow for more,Question to Audience,Students
CONTENT_B15BF8DD,YouTube,2026-05-14 23:41:46,Self Confidence,The truth about self confidence,Let's talk about self confidence. #growth #mentalhealth,Organic,Short Video,Visual Hook,44.2,Night (9 PM-12 AM),54651,3243,623,197,1248,12340,12548,0.53,6,#SelfConfidence #struggle,Comment your thoughts,Long-form vulnerable,Millennials
CONTENT_332A62B1,TikTok,2026-03-17 23:41:46,Loneliness,The truth about loneliness,Let's talk about loneliness. #growth #mentalhealth,Organic,Long Video,Question Hook,391.8,Evening (5-8 PM),79344,5050,668,7727,5675,44728,47093,0.41,4,#Loneliness #struggle,Comment your thoughts,Short & Punchy,General
CONTENT_B7333130,TikTok,2026-08-28 23:41:46,Career Pressure,The truth about career pressure,Let's talk about career pressure. #growth #mentalhealth,Organic,Short Video,Visual Hook,29.4,Evening (5-8 PM),9122,1279,161,42,267,18325,18374,0.68,9,#CareerPressure #struggle,Follow for more,Question to Audience,Gen Z
CONTENT_AB8B0DAB,TikTok,2026-05-09 23:41:46,Self Confidence,The truth about self confidence,Let's talk about self confidence. #growth #mentalhealth,Organic,Long Video,Visual Hook,289.3,Night (9 PM-12 AM),36519,3551,663,878,318,6295,6613,0.33,1,#SelfConfidence #struggle,Link in bio,Short & Punchy,Students
CONTENT_DAA7F21B,Instagram,2026-03-29 23:41:46,Loneliness,The truth about loneliness,Let's talk about loneliness. #growth #mentalhealth,Organic,Long Video,Audio Hook,285.9,Afternoon (12-4 PM),5175,688,85,310,167,16222,16287,0.17,3,#Loneliness #struggle,Share this,Emotion + Personal Story,Millennials
CONTENT_647D5B18,TikTok,2026-08-24 23:41:46,Dating,The truth about dating,Let's talk about dating. #growth #mentalhealth,Organic,Long Video,Audio Hook,137.5,Morning (8-11 AM),7653,438,140,321,313,12314,12462,0.46,4,#Dating #struggle,Share this,Emotion + Personal Story,Students
CONTENT_19FEE9D2,Instagram,2026-05-12 23:41:46,Social Anxiety,The truth about social anxiety,Let's talk about social anxiety. #growth #mentalhealth,Organic,Carousel,Question Hook,0.0,Night (9 PM-12 AM),4176,591,83,361,105,47484,47564,0.45,2,#SocialAnxiety #struggle,Link in bio,Emotion + Personal Story,Professionals
CONTENT_CE42CE44,YouTube,2026-03-10 23:41:46,Overthinking,The truth about overthinking,Let's talk about overthinking. #growth #mentalhealth,Organic,Short Video,Visual Hook,36.9,Morning (8-11 AM),454039,46641,8603,34096,5612,2409,8386,0.75,9,#Overthinking #struggle,Share this,Educational / Tips,Students
CONTENT_9E40E4B3,YouTube,2026-06-30 23:41:46,Academic Stress,The truth about academic stress,Let's talk about academic stress. #growth #mentalhealth,Organic,Long Video,Audio Hook,358.8,Night (9 PM-12 AM),3868,360,55,99,38,3431,3468,0.25,1,#AcademicStress #struggle,Link in bio,Question to Audience,General
CONTENT_6FA9BC02,Instagram,2026-05-11 23:41:46,Loneliness,The truth about loneliness,Let's talk about loneliness. #growth #mentalhealth,Organic,Long Video,Story Hook,371.6,Night (9 PM-12 AM),6652,357,132,922,416,14662,14875,0.31,2,#Loneliness #struggle,Share this,Emotion + Personal Story,Students
CONTENT_14BAAF05,Instagram,2026-04-30 23:41:46,Dating,The truth about dating,Let's talk about dating. #growth #mentalhealth,Organic,Single Image,Text Hook,0.0,Afternoon (12-4 PM),6110,455,111,221,281,23257,23360,0.11,8,#Dating #struggle,Follow for more,Question to Audience,Students
CONTENT_E522828E,YouTube,2026-05-05 23:41:46,Career Pressure,The truth about career pressure,Let's talk about career pressure. #growth #mentalhealth,Organic,Short Video,Story Hook,20.1,Night (9 PM-12 AM),10820,1073,181,228,266,47607,47660,0.71,2,#CareerPressure #struggle,Comment your thoughts,Short & Punchy,Millennials
CONTENT_5CA462E6,Instagram,2026-06-26 23:41:46,Career Pressure,The truth about career pressure,Let's talk about career pressure. #growth #mentalhealth,Organic,Short Video,Text Hook,54.0,Evening (5-8 PM),98218,14200,686,321,3101,49223,49628,0.35,1,#CareerPressure #struggle,Follow for more,Question to Audience,Professionals
CONTENT_E28EDB19,Instagram,2026-06-09 23:41:46,Social Anxiety,The truth about social anxiety,Let's talk about social anxiety. #growth #mentalhealth,Organic,Single Image,Text Hook,0.0,Night (9 PM-12 AM),64401,6495,629,2113,3415,1865,2410,0.33,7,#SocialAnxiety #struggle,None,Short & Punchy,Gen Z
CONTENT_16D23594,YouTube,2026-05-30 23:41:46,Self Confidence,The truth about self confidence,Let's talk about self confidence. #growth #mentalhealth,Organic,Long Video,Audio Hook,483.0,Afternoon (12-4 PM),13447,1137,230,77,490,10371,10480,0.43,1,#SelfConfidence #struggle,Save for later,Question to Audience,Students
CONTENT_937BE45E,Instagram,2026-03-10 23:41:46,Social Anxiety,The truth about social anxiety,Let's talk about social anxiety. #growth #mentalhealth,Organic,Short Video,Question Hook,36.5,Afternoon (12-4 PM),10551,713,75,646,540,3648,3918,0.49,7,#SocialAnxiety #struggle,None,Short & Punchy,Students
CONTENT_9391037E,Instagram,2026-04-01 23:41:46,Social Anxiety,The truth about social anxiety,Let's talk about social anxiety. #growth #mentalhealth,Organic,Carousel,Text Hook,0.0,Evening (5-8 PM),2917,178,55,146,118,5382,5425,0.31,8,#SocialAnxiety #struggle,None,Emotion + Personal Story,Students
CONTENT_6F0A4492,Instagram,2026-03-13 23:41:46,Social Anxiety,The truth about social anxiety,Let's talk about social anxiety. #growth #mentalhealth,Organic,Short Video,Visual Hook,15.5,Night (9 PM-12 AM),11353,1672,131,359,916,33535,33828,0.62,8,#SocialAnxiety #struggle,Follow for more,Educational / Tips,Professionals
CONTENT_B3B2DD52,TikTok,2026-04-02 23:41:46,Social Anxiety,The truth about social anxiety,Let's talk about social anxiety. #growth #mentalhealth,Organic,Short Video,Question Hook,39.5,Afternoon (12-4 PM),9441,1292,140,777,1156,39598,39965,0.55,5,#SocialAnxiety #struggle,Save for later,Short & Punchy,Millennials
CONTENT_077728E0,TikTok,2026-03-18 23:41:46,Dating,The truth about dating,Let's talk about dating. #growth #mentalhealth,Organic,Short Video,Visual Hook,52.5,Morning (8-11 AM),552,62,6,2,1,25815,25816,0.77,6,#Dating #struggle,Share this,Emotion + Personal Story,General
CONTENT_A3F9EC71,Instagram,2026-08-14 23:41:46,Career Pressure,The truth about career pressure,Let's talk about career pressure. #growth #mentalhealth,Organic,Carousel,Story Hook,0.0,Evening (5-8 PM),8743,1220,60,71,32,1713,1743,0.38,1,#CareerPressure #struggle,Save for later,Emotion + Personal Story,Gen Z
CONTENT_0F8D3820,Instagram,2026-07-21 23:41:46,Loneliness,The truth about loneliness,Let's talk about loneliness. #growth #mentalhealth,Organic,Short Video,Audio Hook,43.0,Night (9 PM-12 AM),6286,631,82,895,478,31788,32158,0.38,1,#Loneliness #struggle,Share this,Emotion + Personal Story,Gen Z
CONTENT_CC470A7E,TikTok,2026-07-18 23:41:46,Dating,The truth about dating,Let's talk about dating. #growth #mentalhealth,Organic,Single Image,Visual Hook,0.0,Evening (5-8 PM),322,20,3,6,10,22947,22951,0.46,9,#Dating #struggle,Follow for more,Educational / Tips,Students
CONTENT_214F163E,YouTube,2026-08-01 23:41:46,Academic Stress,The truth about academic stress,Let's talk about academic stress. #growth #mentalhealth,Organic,Short Video,Text Hook,49.7,Evening (5-8 PM),7694,388,115,236,52,37951,38035,0.41,9,#AcademicStress #struggle,None,Question to Audience,General
CONTENT_355D981F,TikTok,2026-07-22 23:41:46,Dating,The truth about dating,Let's talk about dating. #growth #mentalhealth,Organic,Carousel,Text Hook,0.0,Morning (8-11 AM),2496,178,44,9,12,16700,16703,0.33,4,#Dating #struggle,Link in bio,Emotion + Personal Story,Professionals
CONTENT_1E3A33EA,Instagram,2026-08-10 23:41:46,Productivity,The truth about productivity,Let's talk about productivity. #growth #mentalhealth,Organic,Short Video,Visual Hook,20.8,Morning (8-11 AM),31150,3487,471,880,1016,13931,14157,0.45,4,#Productivity #struggle,Comment your thoughts,Short & Punchy,Millennials
CONTENT_C9E65B7E,TikTok,2026-07-31 23:41:46,Dating,The truth about dating,Let's talk about dating. #growth #mentalhealth,Organic,Carousel,Text Hook,0.0,Evening (5-8 PM),4377,590,53,37,187,26034,26059,0.32,2,#Dating #struggle,None,Educational / Tips,Students
CONTENT_E2E59968,YouTube,2026-06-04 23:41:46,Career Pressure,The truth about career pressure,Let's talk about career pressure. #growth #mentalhealth,Organic,Short Video,Story Hook,26.8,Morning (8-11 AM),193499,16694,1695,10016,4951,25405,29622,0.47,2,#CareerPressure #struggle,Share this,Educational / Tips,Professionals
CONTENT_A1F032F4,TikTok,2026-07-21 23:41:46,Career Pressure,The truth about career pressure,Let's talk about career pressure. #growth #mentalhealth,Organic,Carousel,Audio Hook,0.0,Morning (8-11 AM),57154,3904,790,836,229,33530,33661,0.13,1,#CareerPressure #struggle,None,Emotion + Personal Story,Millennials
CONTENT_A268A582,TikTok,2026-03-30 23:41:46,Self Confidence,The truth about self confidence,Let's talk about self confidence. #growth #mentalhealth,Organic,Short Video,Story Hook,24.8,Evening (5-8 PM),3330,489,25,26,74,17940,17953,0.67,5,#SelfConfidence #struggle,Share this,Question to Audience,Millennials
CONTENT_20B19306,YouTube,2026-04-01 23:41:46,Relationships,The truth about relationships,Let's talk about relationships. #growth #mentalhealth,Organic,Short Video,Visual Hook,20.2,Night (9 PM-12 AM),2769,319,20,52,16,2986,2993,0.48,1,#Relationships #struggle,Link in bio,Short & Punchy,General
CONTENT_5146A866,YouTube,2026-08-17 23:41:46,Academic Stress,The truth about academic stress,Let's talk about academic stress. #growth #mentalhealth,Organic,Carousel,Visual Hook,0.0,Evening (5-8 PM),225435,30677,1145,1632,7286,38251,39687,0.41,3,#AcademicStress #struggle,Follow for more,Long-form vulnerable,Gen Z
CONTENT_F4EE6090,YouTube,2026-09-02 23:41:46,Career Pressure,The truth about career pressure,Let's talk about career pressure. #growth #mentalhealth,Organic,Long Video,Audio Hook,377.5,Evening (5-8 PM),544,74,10,26,26,29149,29156,0.34,1,#CareerPressure #struggle,Follow for more,Emotion + Personal Story,Professionals
CONTENT_B12371E6,Instagram,2026-04-24 23:41:46,Academic Stress,The truth about academic stress,Let's talk about academic stress. #growth #mentalhealth,Organic,Short Video,Story Hook,52.6,Afternoon (12-4 PM),6463,720,64,112,104,49158,49200,0.66,4,#AcademicStress #struggle,Link in bio,Educational / Tips,Millennials
CONTENT_1F7417D9,YouTube,2026-08-07 23:41:46,Loneliness,The truth about loneliness,Let's talk about loneliness. #growth #mentalhealth,Organic,Short Video,Audio Hook,17.4,Afternoon (12-4 PM),8767,657,159,840,699,45358,45527,0.59,2,#Loneliness #struggle,Link in bio,Long-form vulnerable,Gen Z
CONTENT_D60EDEA2,Instagram,2026-04-11 23:41:46,Relationships,The truth about relationships,Let's talk about relationships. #growth #mentalhealth,Organic,Short Video,Question Hook,52.5,Night (9 PM-12 AM),14461,910,193,497,291,24039,24202,0.35,7,#Relationships #struggle,Save for later,Educational / Tips,Millennials
CONTENT_D8490668,YouTube,2026-07-28 23:41:46,Overthinking,The truth about overthinking,Let's talk about overthinking. #growth #mentalhealth,Organic,Short Video,Question Hook,50.4,Morning (8-11 AM),12468,1322,198,989,817,39641,39983,0.5,7,#Overthinking #struggle,None,Long-form vulnerable,Professionals
CONTENT_B18E927E,Instagram,2026-05-18 23:41:46,Overthinking,The truth about overthinking,Let's talk about overthinking. #growth #mentalhealth,Organic,Short Video,Visual Hook,37.2,Night (9 PM-12 AM),8482,590,147,344,158,38138,38242,0.41,9,#Overthinking #struggle,Link in bio,Question to Audience,Students
CONTENT_1259798E,Instagram,2026-06-16 23:41:46,Overthinking,The truth about overthinking,Let's talk about overthinking. #growth #mentalhealth,Organic,Single Image,Text Hook,0.0,Night (9 PM-12 AM),6228,591,48,154,326,11207,11308,0.35,7,#Overthinking #struggle,Link in bio,Emotion + Personal Story,General
CONTENT_9CD0ECA9,Instagram,2026-06-09 23:41:46,Relationships,The truth about relationships,Let's talk about relationships. #growth #mentalhealth,Organic,Single Image,Visual Hook,0.0,Afternoon (12-4 PM),211725,12577,4080,7543,3303,11559,12968,0.49,4,#Relationships #struggle,None,Emotion + Personal Story,Professionals
CONTENT_7CCF1513,TikTok,2026-05-13 23:41:46,Academic Stress,The truth about academic stress,Let's talk about academic stress. #growth #mentalhealth,Organic,Short Video,Visual Hook,39.1,Evening (5-8 PM),3636,371,22,171,12,8953,9010,0.69,6,#AcademicStress #struggle,None,Long-form vulnerable,Professionals
CONTENT_E1BCE4F0,TikTok,2026-08-25 23:41:46,Dating,The truth about dating,Let's talk about dating. #growth #mentalhealth,Organic,Carousel,Audio Hook,0.0,Afternoon (12-4 PM),113913,9255,2132,3855,1162,39735,41105,0.41,5,#Dating #struggle,Link in bio,Emotion + Personal Story,Professionals
CONTENT_EC9D5866,Instagram,2026-06-17 23:41:46,Social Anxiety,The truth about social anxiety,Let's talk about social anxiety. #growth #mentalhealth,Organic,Long Video,Question Hook,564.6,Morning (8-11 AM),3772,319,57,61,141,12292,12335,0.39,1,#SocialAnxiety #struggle,Follow for more,Educational / Tips,Professionals
CONTENT_35D244B5,Instagram,2026-07-05 23:41:46,Overthinking,The truth about overthinking,Let's talk about overthinking. #growth #mentalhealth,Organic,Carousel,Text Hook,0.0,Morning (8-11 AM),18306,1934,337,633,740,16588,16747,0.15,9,#Overthinking #struggle,Link in bio,Question to Audience,Millennials
CONTENT_1AA23B21,Instagram,2026-05-17 23:41:46,Overthinking,The truth about overthinking,Let's talk about overthinking. #growth #mentalhealth,Organic,Short Video,Audio Hook,40.6,Afternoon (12-4 PM),33949,2071,537,3307,175,20159,21098,0.38,9,#Overthinking #struggle,Share this,Emotion + Personal Story,Professionals
CONTENT_329C0F58,Instagram,2026-03-14 23:41:46,Self Confidence,The truth about self confidence,Let's talk about self confidence. #growth #mentalhealth,Organic,Long Video,Story Hook,487.1,Evening (5-8 PM),16879,1387,331,444,742,9606,9815,0.27,1,#SelfConfidence #struggle,Save for later,Short & Punchy,Professionals
CONTENT_C22819DB,Instagram,2026-07-02 23:41:46,Loneliness,The truth about loneliness,Let's talk about loneliness. #growth #mentalhealth,Organic,Long Video,Audio Hook,359.6,Morning (8-11 AM),3055,372,41,269,74,21622,21663,0.35,4,#Loneliness #struggle,Follow for more,Emotion + Personal Story,Students
CONTENT_BE1B42F6,YouTube,2026-05-08 23:41:46,Overthinking,The truth about overthinking,Let's talk about overthinking. #growth #mentalhealth,Organic,Short Video,Audio Hook,31.0,Evening (5-8 PM),7117,377,94,348,22,20464,20504,0.32,6,#Overthinking #struggle,Follow for more,Educational / Tips,General
CONTENT_A0038A3E,YouTube,2026-06-24 23:41:46,Social Anxiety,The truth about social anxiety,Let's talk about social anxiety. #growth #mentalhealth,Organic,Long Video,Text Hook,427.1,Morning (8-11 AM),8056,491,108,126,124,3768,3832,0.17,4,#SocialAnxiety #struggle,Save for later,Short & Punchy,Gen Z
CONTENT_D071583C,Instagram,2026-09-03 23:41:46,Overthinking,The truth about overthinking,Let's talk about overthinking. #growth #mentalhealth,Organic,Short Video,Story Hook,38.2,Morning (8-11 AM),7679,829,57,138,512,33375,33538,0.69,2,#Overthinking #struggle,Follow for more,Emotion + Personal Story,Students
CONTENT_A027BEDF,TikTok,2026-03-22 23:41:46,Overthinking,The truth about overthinking,Let's talk about overthinking. #growth #mentalhealth,Organic,Short Video,Visual Hook,22.1,Night (9 PM-12 AM),6046,451,98,581,332,34359,34547,0.57,9,#Overthinking #struggle,None,Emotion + Personal Story,Millennials
CONTENT_D6AA176E,Instagram,2026-08-19 23:41:46,Career Pressure,The truth about career pressure,Let's talk about career pressure. #growth #mentalhealth,Organic,Short Video,Visual Hook,47.4,Morning (8-11 AM),22535,2723,196,391,50,22604,22733,0.6,2,#CareerPressure #struggle,Link in bio,Question to Audience,Gen Z
CONTENT_CA944A7C,TikTok,2026-05-05 23:41:46,Self Confidence,The truth about self confidence,Let's talk about self confidence. #growth #mentalhealth,Organic,Short Video,Audio Hook,56.6,Afternoon (12-4 PM),11588,833,132,541,127,42029,42209,0.52,1,#SelfConfidence #struggle,Comment your thoughts,Long-form vulnerable,Gen Z
CONTENT_4F6B9168,TikTok,2026-05-04 23:41:46,Self Confidence,The truth about self confidence,Let's talk about self confidence. #growth #mentalhealth,Organic,Short Video,Story Hook,59.6,Morning (8-11 AM),7236,728,127,86,40,6947,6973,0.5,5,#SelfConfidence #struggle,Save for later,Short & Punchy,Students
CONTENT_E83F93B9,YouTube,2026-09-01 23:41:46,Self Confidence,The truth about self confidence,Let's talk about self confidence. #growth #mentalhealth,Organic,Long Video,Audio Hook,422.9,Evening (5-8 PM),7042,744,125,332,122,45152,45230,0.39,4,#SelfConfidence #struggle,Follow for more,Long-form vulnerable,Gen Z
CONTENT_518B6D85,YouTube,2026-04-29 23:41:46,Dating,The truth about dating,Let's talk about dating. #growth #mentalhealth,Organic,Single Image,Visual Hook,0.0,Afternoon (12-4 PM),24316,2597,281,181,834,18100,18294,0.55,2,#Dating #struggle,Comment your thoughts,Long-form vulnerable,Students
CONTENT_02B350E1,YouTube,2026-07-21 23:41:46,Social Anxiety,The truth about social anxiety,Let's talk about social anxiety. #growth #mentalhealth,Organic,Long Video,Question Hook,365.9,Night (9 PM-12 AM),13286,1543,242,404,61,43679,43784,0.26,2,#SocialAnxiety #struggle,Save for later,Educational / Tips,Students
CONTENT_8253EE23,YouTube,2026-08-22 23:41:46,Academic Stress,The truth about academic stress,Let's talk about academic stress. #growth #mentalhealth,Organic,Short Video,Audio Hook,57.3,Evening (5-8 PM),2117,219,27,47,38,27616,27624,0.66,1,#AcademicStress #struggle,Save for later,Question to Audience,Professionals
CONTENT_87BEE761,TikTok,2026-07-24 23:41:46,Social Anxiety,The truth about social anxiety,Let's talk about social anxiety. #growth #mentalhealth,Organic,Carousel,Audio Hook,0.0,Afternoon (12-4 PM),3180,319,54,226,141,20814,20894,0.16,5,#SocialAnxiety #struggle,Follow for more,Question to Audience,Professionals
CONTENT_858D27AC,Instagram,2026-03-24 23:41:46,Loneliness,The truth about loneliness,Let's talk about loneliness. #growth #mentalhealth,Organic,Short Video,Story Hook,17.0,Evening (5-8 PM),1614,101,27,81,128,36877,36922,0.8,7,#Loneliness #struggle,Follow for more,Emotion + Personal Story,Gen Z
CONTENT_F1CFC040,Instagram,2026-07-29 23:41:46,Dating,The truth about dating,Let's talk about dating. #growth #mentalhealth,Organic,Long Video,Story Hook,428.9,Evening (5-8 PM),6172,331,60,127,264,18140,18227,0.59,7,#Dating #struggle,Share this,Long-form vulnerable,Students
CONTENT_DC3FEAA5,YouTube,2026-08-29 23:41:46,Career Pressure,The truth about career pressure,Let's talk about career pressure. #growth #mentalhealth,Organic,Short Video,Audio Hook,30.8,Evening (5-8 PM),2541,352,14,83,42,42872,42893,0.7,7,#CareerPressure #struggle,Save for later,Short & Punchy,General
CONTENT_029A1141,Instagram,2026-08-23 23:41:46,Career Pressure,The truth about career pressure,Let's talk about career pressure. #growth #mentalhealth,Organic,Short Video,Text Hook,46.2,Evening (5-8 PM),24802,3422,495,71,1092,31428,31576,0.67,5,#CareerPressure #struggle,Comment your thoughts,Long-form vulnerable,General
CONTENT_8E2989D1,TikTok,2026-05-25 23:41:46,Academic Stress,The truth about academic stress,Let's talk about academic stress. #growth #mentalhealth,Organic,Carousel,Audio Hook,0.0,Afternoon (12-4 PM),17101,1131,317,783,312,33244,33352,0.35,6,#AcademicStress #struggle,Comment your thoughts,Long-form vulnerable,General
CONTENT_332281AA,TikTok,2026-07-18 23:41:46,Overthinking,The truth about overthinking,Let's talk about overthinking. #growth #mentalhealth,Organic,Short Video,Question Hook,50.2,Night (9 PM-12 AM),10999,1472,163,1006,610,45721,45905,0.62,4,#Overthinking #struggle,None,Emotion + Personal Story,Millennials
CONTENT_C7FE4306,Instagram,2026-05-26 23:41:46,Social Anxiety,The truth about social anxiety,Let's talk about social anxiety. #growth #mentalhealth,Organic,Carousel,Text Hook,0.0,Evening (5-8 PM),109714,15607,1484,8353,2687,49926,51053,0.14,4,#SocialAnxiety #struggle,Follow for more,Short & Punchy,Students
CONTENT_0223E190,Instagram,2026-05-09 23:41:46,Self Confidence,The truth about self confidence,Let's talk about self confidence. #growth #mentalhealth,Organic,Carousel,Text Hook,0.0,Afternoon (12-4 PM),2376,237,41,70,55,23689,23719,0.46,8,#SelfConfidence #struggle,Follow for more,Short & Punchy,Students
CONTENT_FF2096E3,TikTok,2026-04-04 23:41:46,Self Confidence,The truth about self confidence,Let's talk about self confidence. #growth #mentalhealth,Organic,Short Video,Story Hook,50.7,Morning (8-11 AM),344883,26603,6148,9360,1854,49319,52638,0.44,3,#SelfConfidence #struggle,Save for later,Question to Audience,Gen Z
CONTENT_826E921A,YouTube,2026-05-16 23:41:46,Social Anxiety,The truth about social anxiety,Let's talk about social anxiety. #growth #mentalhealth,Organic,Carousel,Audio Hook,0.0,Morning (8-11 AM),9798,1169,166,545,175,43459,43649,0.48,5,#SocialAnxiety #struggle,Share this,Long-form vulnerable,Gen Z
CONTENT_CB80BC27,TikTok,2026-03-19 23:41:46,Social Anxiety,The truth about social anxiety,Let's talk about social anxiety. #growth #mentalhealth,Organic,Short Video,Visual Hook,40.7,Night (9 PM-12 AM),14800,1353,236,509,395,4937,5145,0.57,9,#SocialAnxiety #struggle,Link in bio,Short & Punchy,Gen Z
CONTENT_D769B71E,TikTok,2026-08-10 23:41:46,Overthinking,The truth about overthinking,Let's talk about overthinking. #growth #mentalhealth,Organic,Carousel,Visual Hook,0.0,Night (9 PM-12 AM),132174,17848,1116,11438,5406,8933,12271,0.37,8,#Overthinking #struggle,None,Long-form vulnerable,Professionals
CONTENT_9F119FB9,Instagram,2026-06-07 23:41:46,Social Anxiety,The truth about social anxiety,Let's talk about social anxiety. #growth #mentalhealth,Organic,Short Video,Visual Hook,51.7,Night (9 PM-12 AM),437,38,2,39,37,6113,6122,0.8,2,#SocialAnxiety #struggle,Follow for more,Educational / Tips,Professionals
CONTENT_92227FF4,Instagram,2026-08-14 23:41:46,Social Anxiety,The truth about social anxiety,Let's talk about social anxiety. #growth #mentalhealth,Organic,Short Video,Question Hook,48.3,Evening (5-8 PM),63152,8171,1252,856,3761,8960,9604,0.54,9,#SocialAnxiety #struggle,Link in bio,Long-form vulnerable,Students
CONTENT_E38D31AF,YouTube,2026-07-25 23:41:46,Dating,The truth about dating,Let's talk about dating. #growth #mentalhealth,Organic,Carousel,Text Hook,0.0,Afternoon (12-4 PM),3663,320,55,59,114,13380,13411,0.49,3,#Dating #struggle,Link in bio,Educational / Tips,Gen Z
CONTENT_D17BDA6F,TikTok,2026-06-27 23:41:46,Overthinking,The truth about overthinking,Let's talk about overthinking. #growth #mentalhealth,Organic,Short Video,Audio Hook,50.2,Night (9 PM-12 AM),2228,155,41,44,143,43915,43934,0.57,5,#Overthinking #struggle,Comment your thoughts,Short & Punchy,Millennials
CONTENT_76D5D361,TikTok,2026-04-04 23:41:46,Loneliness,The truth about loneliness,Let's talk about loneliness. #growth #mentalhealth,Organic,Carousel,Visual Hook,0.0,Evening (5-8 PM),5279,274,90,236,100,38443,38516,0.24,7,#Loneliness #struggle,None,Question to Audience,Gen Z
CONTENT_C98C57F6,Instagram,2026-07-05 23:41:46,Career Pressure,The truth about career pressure,Let's talk about career pressure. #growth #mentalhealth,Organic,Short Video,Audio Hook,16.8,Evening (5-8 PM),5445,555,57,41,190,31653,31682,0.67,8,#CareerPressure #struggle,Follow for more,Short & Punchy,Professionals
CONTENT_06F8D05B,Instagram,2026-08-13 23:41:46,Academic Stress,The truth about academic stress,Let's talk about academic stress. #growth #mentalhealth,Organic,Single Image,Story Hook,0.0,Afternoon (12-4 PM),3980,300,27,95,34,8991,9028,0.47,4,#AcademicStress #struggle,Share this,Educational / Tips,Professionals
CONTENT_5B40C5F0,YouTube,2026-06-10 23:41:46,Career Pressure,The truth about career pressure,Let's talk about career pressure. #growth #mentalhealth,Organic,Short Video,Text Hook,54.2,Morning (8-11 AM),6875,590,47,149,8,46204,46239,0.52,5,#CareerPressure #struggle,None,Short & Punchy,General
CONTENT_40AC60D2,TikTok,2026-09-05 23:41:46,Social Anxiety,The truth about social anxiety,Let's talk about social anxiety. #growth #mentalhealth,Organic,Short Video,Audio Hook,29.8,Morning (8-11 AM),48919,6019,577,1823,2969,33642,34825,0.56,2,#SocialAnxiety #struggle,Link in bio,Educational / Tips,Students
CONTENT_00EBD6D2,Instagram,2026-08-04 23:41:46,Dating,The truth about dating,Let's talk about dating. #growth #mentalhealth,Organic,Single Image,Visual Hook,0.0,Night (9 PM-12 AM),5494,548,66,11,225,11686,11727,0.28,9,#Dating #struggle,Follow for more,Question to Audience,Millennials
CONTENT_8B012D60,TikTok,2026-07-31 23:41:46,Social Anxiety,The truth about social anxiety,Let's talk about social anxiety. #growth #mentalhealth,Organic,Short Video,Text Hook,38.4,Morning (8-11 AM),4639,468,52,429,81,40895,41043,0.6,7,#SocialAnxiety #struggle,Share this,Educational / Tips,Professionals
CONTENT_0D4C46EE,YouTube,2026-07-17 23:41:46,Overthinking,The truth about overthinking,Let's talk about overthinking. #growth #mentalhealth,Organic,Short Video,Text Hook,18.4,Afternoon (12-4 PM),33508,1913,262,2813,2513,9060,10157,0.58,9,#Overthinking #struggle,Link in bio,Long-form vulnerable,Millennials
CONTENT_BD79AF0A,TikTok,2026-08-02 23:41:46,Career Pressure,The truth about career pressure,Let's talk about career pressure. #growth #mentalhealth,Organic,Carousel,Story Hook,0.0,Night (9 PM-12 AM),9886,1249,196,256,240,12929,12977,0.43,7,#CareerPressure #struggle,Comment your thoughts,Short & Punchy,Gen Z
CONTENT_1EE1C113,YouTube,2026-05-10 23:41:46,Overthinking,The truth about overthinking,Let's talk about overthinking. #growth #mentalhealth,Organic,Carousel,Audio Hook,0.0,Night (9 PM-12 AM),22060,2076,131,1498,1409,15179,15901,0.18,6,#Overthinking #struggle,Comment your thoughts,Long-form vulnerable,General
CONTENT_CD99F2D9,Instagram,2026-07-04 23:41:46,Academic Stress,The truth about academic stress,Let's talk about academic stress. #growth #mentalhealth,Organic,Carousel,Question Hook,0.0,Night (9 PM-12 AM),2640,220,37,108,111,16066,16086,0.17,6,#AcademicStress #struggle,Save for later,Question to Audience,Millennials
CONTENT_548890E9,YouTube,2026-07-31 23:41:46,Self Confidence,The truth about self confidence,Let's talk about self confidence. #growth #mentalhealth,Organic,Carousel,Audio Hook,0.0,Night (9 PM-12 AM),10281,840,94,247,276,43687,43811,0.18,5,#SelfConfidence #struggle,Link in bio,Long-form vulnerable,Students
CONTENT_58398C91,TikTok,2026-04-20 23:41:46,Overthinking,The truth about overthinking,Let's talk about overthinking. #growth #mentalhealth,Organic,Short Video,Question Hook,42.8,Morning (8-11 AM),89485,5873,1034,5508,4408,35033,36626,0.35,8,#Overthinking #struggle,None,Short & Punchy,Professionals
CONTENT_15B1E71E,Instagram,2026-07-02 23:41:46,Loneliness,The truth about loneliness,Let's talk about loneliness. #growth #mentalhealth,Organic,Short Video,Audio Hook,53.4,Evening (5-8 PM),14447,1203,201,1382,1002,30714,31258,0.69,4,#Loneliness #struggle,Comment your thoughts,Short & Punchy,General
CONTENT_14E2C48A,TikTok,2026-04-16 23:41:46,Relationships,The truth about relationships,Let's talk about relationships. #growth #mentalhealth,Organic,Single Image,Story Hook,0.0,Afternoon (12-4 PM),757,82,9,8,0,24092,24093,0.57,1,#Relationships #struggle,Link in bio,Question to Audience,Professionals
CONTENT_3ED6F7E6,TikTok,2026-08-24 23:41:46,Financial Stress,The truth about financial stress,Let's talk about financial stress. #growth #mentalhealth,Organic,Carousel,Audio Hook,0.0,Night (9 PM-12 AM),2041,179,24,24,3,1634,1641,0.4,5,#FinancialStress #struggle,Follow for more,Long-form vulnerable,Gen Z
CONTENT_E5B2EB56,TikTok,2026-05-10 23:41:46,Social Anxiety,The truth about social anxiety,Let's talk about social anxiety. #growth #mentalhealth,Organic,Carousel,Story Hook,0.0,Night (9 PM-12 AM),6886,686,77,317,25,39362,39442,0.31,5,#SocialAnxiety #struggle,Link in bio,Long-form vulnerable,Gen Z
CONTENT_9307DD61,Instagram,2026-06-05 23:41:46,Loneliness,The truth about loneliness,Let's talk about loneliness. #growth #mentalhealth,Organic,Short Video,Question Hook,26.8,Afternoon (12-4 PM),4695,533,74,444,67,48800,48871,0.66,8,#Loneliness #struggle,Link in bio,Long-form vulnerable,General
CONTENT_7C703C49,TikTok,2026-04-23 23:41:46,Productivity,The truth about productivity,Let's talk about productivity. #growth #mentalhealth,Organic,Short Video,Audio Hook,26.4,Morning (8-11 AM),2563,261,24,14,5,40695,40699,0.47,6,#Productivity #struggle,None,Emotion + Personal Story,Millennials
CONTENT_6103B5CB,Instagram,2026-08-24 23:41:46,Self Confidence,The truth about self confidence,Let's talk about self confidence. #growth #mentalhealth,Organic,Single Image,Story Hook,0.0,Morning (8-11 AM),7273,389,51,13,340,3419,3491,0.33,1,#SelfConfidence #struggle,Link in bio,Question to Audience,Millennials
CONTENT_3702F1E6,Instagram,2026-08-06 23:41:46,Financial Stress,The truth about financial stress,Let's talk about financial stress. #growth #mentalhealth,Organic,Long Video,Visual Hook,537.2,Morning (8-11 AM),1908,211,36,16,70,1784,1799,0.42,1,#FinancialStress #struggle,None,Long-form vulnerable,Professionals
CONTENT_04E69120,TikTok,2026-07-21 23:41:46,Self Confidence,The truth about self confidence,Let's talk about self confidence. #growth #mentalhealth,Organic,Carousel,Text Hook,0.0,Evening (5-8 PM),1488,211,17,13,37,21598,21603,0.48,8,#SelfConfidence #struggle,Link in bio,Emotion + Personal Story,Professionals
CONTENT_4C8C8C53,Instagram,2026-04-12 23:41:46,Overthinking,The truth about overthinking,Let's talk about overthinking. #growth #mentalhealth,Organic,Long Video,Visual Hook,165.6,Evening (5-8 PM),3389,307,46,114,70,22827,22877,0.36,8,#Overthinking #struggle,Save for later,Question to Audience,General
CONTENT_BE6A4B69,TikTok,2026-04-20 23:41:46,Social Anxiety,The truth about social anxiety,Let's talk about social anxiety. #growth #mentalhealth,Organic,Carousel,Question Hook,0.0,Afternoon (12-4 PM),25965,1598,507,283,1531,8444,8642,0.44,4,#SocialAnxiety #struggle,Link in bio,Short & Punchy,General
CONTENT_CE0C61B4,TikTok,2026-07-19 23:41:46,Self Confidence,The truth about self confidence,Let's talk about self confidence. #growth #mentalhealth,Organic,Short Video,Visual Hook,45.8,Morning (8-11 AM),27919,2213,172,1259,641,24259,24587,0.72,2,#SelfConfidence #struggle,Follow for more,Short & Punchy,Millennials
CONTENT_42A84B48,TikTok,2026-05-17 23:41:46,Social Anxiety,The truth about social anxiety,Let's talk about social anxiety. #growth #mentalhealth,Organic,Long Video,Text Hook,285.4,Night (9 PM-12 AM),8470,1173,70,1027,118,28425,28711,0.41,3,#SocialAnxiety #struggle,Share this,Short & Punchy,Students
CONTENT_F4133ADD,YouTube,2026-04-08 23:41:46,Social Anxiety,The truth about social anxiety,Let's talk about social anxiety. #growth #mentalhealth,Organic,Short Video,Story Hook,15.4,Evening (5-8 PM),14578,825,153,1448,564,49542,50024,0.77,8,#SocialAnxiety #struggle,Share this,Question to Audience,Gen Z
CONTENT_7179B45D,YouTube,2026-03-24 23:41:46,Academic Stress,The truth about academic stress,Let's talk about academic stress. #growth #mentalhealth,Organic,Long Video,Visual Hook,427.3,Night (9 PM-12 AM),5631,840,37,114,276,44417,44457,0.56,5,#AcademicStress #struggle,None,Long-form vulnerable,Gen Z
CONTENT_CF98CB47,YouTube,2026-08-17 23:41:46,Overthinking,The truth about overthinking,Let's talk about overthinking. #growth #mentalhealth,Organic,Long Video,Audio Hook,425.5,Evening (5-8 PM),43119,5604,439,1284,4034,44118,44769,0.43,3,#Overthinking #struggle,Save for later,Short & Punchy,Professionals
CONTENT_A62AFF8F,TikTok,2026-07-26 23:41:46,Productivity,The truth about productivity,Let's talk about productivity. #growth #mentalhealth,Organic,Long Video,Audio Hook,291.9,Evening (5-8 PM),1009,106,12,46,30,40161,40171,0.32,2,#Productivity #struggle,Link in bio,Educational / Tips,Gen Z
CONTENT_98D71032,TikTok,2026-04-07 23:41:46,Academic Stress,The truth about academic stress,Let's talk about academic stress. #growth #mentalhealth,Organic,Long Video,Text Hook,577.6,Night (9 PM-12 AM),411,60,2,10,11,13809,13810,0.29,7,#AcademicStress #struggle,Link in bio,Educational / Tips,Professionals
CONTENT_AECAFAD7,Instagram,2026-07-30 23:41:46,Productivity,The truth about productivity,Let's talk about productivity. #growth #mentalhealth,Organic,Short Video,Question Hook,24.6,Evening (5-8 PM),8127,983,105,368,405,6674,6766,0.36,6,#Productivity #struggle,Link in bio,Educational / Tips,Students
CONTENT_144769DD,TikTok,2026-05-24 23:41:46,Academic Stress,The truth about academic stress,Let's talk about academic stress. #growth #mentalhealth,Organic,Long Video,Story Hook,210.3,Evening (5-8 PM),4045,468,36,62,5,49217,49238,0.37,1,#AcademicStress #struggle,Comment your thoughts,Question to Audience,Gen Z
CONTENT_7C45E910,TikTok,2026-06-23 23:41:46,Overthinking,The truth about overthinking,Let's talk about overthinking. #growth #mentalhealth,Organic,Short Video,Visual Hook,26.8,Morning (8-11 AM),240418,13650,3811,12404,23461,1559,7252,0.6,8,#Overthinking #struggle,Save for later,Emotion + Personal Story,Students
CONTENT_AA8047DA,YouTube,2026-08-08 23:41:46,Self Confidence,The truth about self confidence,Let's talk about self confidence. #growth #mentalhealth,Organic,Carousel,Visual Hook,0.0,Night (9 PM-12 AM),10180,1276,84,720,425,34586,34776,0.33,8,#SelfConfidence #struggle,Share this,Educational / Tips,Students
CONTENT_491D561C,Instagram,2026-05-15 23:41:46,Academic Stress,The truth about academic stress,Let's talk about academic stress. #growth #mentalhealth,Organic,Single Image,Question Hook,0.0,Afternoon (12-4 PM),102513,9552,595,257,3204,46987,47324,0.27,3,#AcademicStress #struggle,Comment your thoughts,Educational / Tips,Students
CONTENT_AD942E99,YouTube,2026-07-03 23:41:46,Dating,The truth about dating,Let's talk about dating. #growth #mentalhealth,Organic,Short Video,Question Hook,31.3,Evening (5-8 PM),106960,9466,1721,2684,209,46403,46861,0.39,6,#Dating #struggle,None,Long-form vulnerable,Gen Z
CONTENT_AA7E7F26,YouTube,2026-04-30 23:41:46,Social Anxiety,The truth about social anxiety,Let's talk about social anxiety. #growth #mentalhealth,Organic,Short Video,Visual Hook,55.8,Morning (8-11 AM),18034,1866,280,232,713,49043,49179,0.41,5,#SocialAnxiety #struggle,Save for later,Long-form vulnerable,General
CONTENT_2C917CD1,YouTube,2026-06-29 23:41:46,Loneliness,The truth about loneliness,Let's talk about loneliness. #growth #mentalhealth,Organic,Short Video,Story Hook,48.0,Afternoon (12-4 PM),116506,13610,2148,9070,6658,10471,13154,0.44,4,#Loneliness #struggle,Share this,Educational / Tips,Gen Z
CONTENT_2D1C9CC9,TikTok,2026-05-28 23:41:46,Dating,The truth about dating,Let's talk about dating. #growth #mentalhealth,Organic,Carousel,Question Hook,0.0,Night (9 PM-12 AM),2050,256,18,79,6,8035,8055,0.32,1,#Dating #struggle,None,Emotion + Personal Story,Students
CONTENT_B7B45166,TikTok,2026-05-01 23:41:46,Social Anxiety,The truth about social anxiety,Let's talk about social anxiety. #growth #mentalhealth,Organic,Carousel,Audio Hook,0.0,Evening (5-8 PM),6495,969,44,100,250,48148,48208,0.13,8,#SocialAnxiety #struggle,None,Short & Punchy,Millennials
CONTENT_2AA112A0,Instagram,2026-07-08 23:41:46,Productivity,The truth about productivity,Let's talk about productivity. #growth #mentalhealth,Organic,Short Video,Story Hook,50.9,Morning (8-11 AM),4996,529,25,9,276,34298,34344,0.52,5,#Productivity #struggle,Save for later,Emotion + Personal Story,General
CONTENT_AB196709,YouTube,2026-07-05 23:41:46,Social Anxiety,The truth about social anxiety,Let's talk about social anxiety. #growth #mentalhealth,Organic,Long Video,Question Hook,179.7,Afternoon (12-4 PM),57668,3255,785,4023,1318,38657,40035,0.19,5,#SocialAnxiety #struggle,Share this,Short & Punchy,Students
CONTENT_5162485D,YouTube,2026-07-07 23:41:46,Self Confidence,The truth about self confidence,Let's talk about self confidence. #growth #mentalhealth,Organic,Short Video,Audio Hook,21.0,Evening (5-8 PM),6953,496,95,326,477,17206,17389,0.45,6,#SelfConfidence #struggle,Save for later,Question to Audience,Gen Z
CONTENT_63300906,Instagram,2026-05-03 23:41:46,Career Pressure,The truth about career pressure,Let's talk about career pressure. #growth #mentalhealth,Organic,Short Video,Question Hook,52.4,Afternoon (12-4 PM),3845,382,19,147,13,16008,16027,0.69,2,#CareerPressure #struggle,Share this,Long-form vulnerable,Professionals
CONTENT_97EB732A,Instagram,2026-05-09 23:41:46,Social Anxiety,The truth about social anxiety,Let's talk about social anxiety. #growth #mentalhealth,Organic,Short Video,Audio Hook,43.7,Afternoon (12-4 PM),58306,7184,971,4716,205,5861,6858,0.69,3,#SocialAnxiety #struggle,None,Question to Audience,Gen Z
CONTENT_E234EB35,TikTok,2026-07-21 23:41:46,Social Anxiety,The truth about social anxiety,Let's talk about social anxiety. #growth #mentalhealth,Organic,Long Video,Visual Hook,466.3,Afternoon (12-4 PM),266400,29102,4718,26119,9730,21323,29590,0.2,6,#SocialAnxiety #struggle,None,Educational / Tips,Students
CONTENT_9B3F7AD8,Instagram,2026-05-10 23:41:46,Social Anxiety,The truth about social anxiety,Let's talk about social anxiety. #growth #mentalhealth,Organic,Carousel,Visual Hook,0.0,Afternoon (12-4 PM),8722,668,71,813,204,39995,40148,0.52,7,#SocialAnxiety #struggle,Link in bio,Educational / Tips,General
CONTENT_8B678767,TikTok,2026-07-24 23:41:46,Relationships,The truth about relationships,Let's talk about relationships. #growth #mentalhealth,Organic,Short Video,Story Hook,42.4,Night (9 PM-12 AM),4347,332,55,215,207,44132,44232,0.74,6,#Relationships #struggle,Share this,Short & Punchy,Gen Z
CONTENT_7916DBC9,TikTok,2026-03-21 23:41:46,Self Confidence,The truth about self confidence,Let's talk about self confidence. #growth #mentalhealth,Organic,Long Video,Story Hook,200.8,Night (9 PM-12 AM),35999,3141,321,1770,1160,29682,30288,0.47,3,#SelfConfidence #struggle,Share this,Question to Audience,Millennials
CONTENT_ACA6934A,YouTube,2026-08-21 23:41:46,Loneliness,The truth about loneliness,Let's talk about loneliness. #growth #mentalhealth,Organic,Short Video,Story Hook,45.6,Evening (5-8 PM),146196,16446,942,2661,12870,32923,36579,0.62,1,#Loneliness #struggle,Link in bio,Emotion + Personal Story,Millennials
CONTENT_4AFC5D5C,TikTok,2026-06-27 23:41:46,Loneliness,The truth about loneliness,Let's talk about loneliness. #growth #mentalhealth,Organic,Long Video,Visual Hook,197.6,Night (9 PM-12 AM),18754,1797,279,755,156,47597,47840,0.57,7,#Loneliness #struggle,Share this,Educational / Tips,Professionals
CONTENT_19DA1E87,YouTube,2026-08-10 23:41:46,Overthinking,The truth about overthinking,Let's talk about overthinking. #growth #mentalhealth,Organic,Short Video,Question Hook,19.6,Night (9 PM-12 AM),7885,794,134,786,310,43161,43324,0.65,3,#Overthinking #struggle,None,Emotion + Personal Story,General
CONTENT_0A17DCAF,YouTube,2026-06-11 23:41:46,Loneliness,The truth about loneliness,Let's talk about loneliness. #growth #mentalhealth,Organic,Carousel,Visual Hook,0.0,Afternoon (12-4 PM),4132,337,81,177,374,25373,25456,0.26,2,#Loneliness #struggle,Save for later,Educational / Tips,Professionals
CONTENT_0E4E13F9,YouTube,2026-05-18 23:41:46,Social Anxiety,The truth about social anxiety,Let's talk about social anxiety. #growth #mentalhealth,Organic,Short Video,Visual Hook,53.7,Morning (8-11 AM),53155,3827,426,4335,3573,7159,8127,0.49,6,#SocialAnxiety #struggle,Link in bio,Long-form vulnerable,Students
CONTENT_B268DCAA,YouTube,2026-04-25 23:41:46,Social Anxiety,The truth about social anxiety,Let's talk about social anxiety. #growth #mentalhealth,Organic,Short Video,Text Hook,48.8,Morning (8-11 AM),38264,4747,641,1265,1209,13204,13579,0.45,5,#SocialAnxiety #struggle,Share this,Emotion + Personal Story,General
CONTENT_002B0CCA,TikTok,2026-05-05 23:41:46,Relationships,The truth about relationships,Let's talk about relationships. #growth #mentalhealth,Organic,Carousel,Audio Hook,0.0,Morning (8-11 AM),151,8,0,5,5,23488,23489,0.25,7,#Relationships #struggle,Save for later,Question to Audience,Millennials
CONTENT_4883BCB0,TikTok,2026-06-20 23:41:46,Loneliness,The truth about loneliness,Let's talk about loneliness. #growth #mentalhealth,Organic,Carousel,Audio Hook,0.0,Evening (5-8 PM),4257,274,73,214,107,32153,32214,0.22,3,#Loneliness #struggle,Link in bio,Emotion + Personal Story,Professionals
CONTENT_C79B75F3,TikTok,2026-07-25 23:41:46,Loneliness,The truth about loneliness,Let's talk about loneliness. #growth #mentalhealth,Organic,Long Video,Audio Hook,570.1,Evening (5-8 PM),18110,2515,217,2397,1567,49293,50349,0.44,8,#Loneliness #struggle,Share this,Question to Audience,Gen Z
CONTENT_F3C34361,Instagram,2026-07-01 23:41:46,Dating,The truth about dating,Let's talk about dating. #growth #mentalhealth,Organic,Carousel,Question Hook,0.0,Afternoon (12-4 PM),12355,1016,150,580,503,3921,4207,0.36,8,#Dating #struggle,Save for later,Short & Punchy,Gen Z
CONTENT_523B4E80,Instagram,2026-07-11 23:41:46,Social Anxiety,The truth about social anxiety,Let's talk about social anxiety. #growth #mentalhealth,Organic,Carousel,Visual Hook,0.0,Afternoon (12-4 PM),136240,8648,1694,4416,8129,1260,3024,0.4,2,#SocialAnxiety #struggle,Link in bio,Emotion + Personal Story,Millennials
CONTENT_E1961E26,TikTok,2026-03-29 23:41:46,Productivity,The truth about productivity,Let's talk about productivity. #growth #mentalhealth,Organic,Short Video,Visual Hook,37.3,Night (9 PM-12 AM),19117,1208,171,820,48,19922,20125,0.54,5,#Productivity #struggle,None,Educational / Tips,Professionals
CONTENT_12A9DA0D,Instagram,2026-03-10 23:41:46,Productivity,The truth about productivity,Let's talk about productivity. #growth #mentalhealth,Organic,Short Video,Audio Hook,23.6,Morning (8-11 AM),748,50,11,40,27,31276,31285,0.37,4,#Productivity #struggle,Share this,Question to Audience,Students
CONTENT_9A2875D0,TikTok,2026-07-01 23:41:46,Overthinking,The truth about overthinking,Let's talk about overthinking. #growth #mentalhealth,Organic,Short Video,Audio Hook,48.2,Night (9 PM-12 AM),17914,2589,208,1572,841,29016,29275,0.53,6,#Overthinking #struggle,None,Short & Punchy,Professionals
CONTENT_29B6D8A2,YouTube,2026-05-04 23:41:46,Loneliness,The truth about loneliness,Let's talk about loneliness. #growth #mentalhealth,Organic,Single Image,Visual Hook,0.0,Morning (8-11 AM),20152,1818,107,1100,1655,15690,16111,0.23,3,#Loneliness #struggle,None,Short & Punchy,Students
CONTENT_CF047315,Instagram,2026-07-01 23:41:46,Loneliness,The truth about loneliness,Let's talk about loneliness. #growth #mentalhealth,Organic,Short Video,Audio Hook,20.4,Morning (8-11 AM),22467,1248,381,1421,711,1666,2141,0.39,6,#Loneliness #struggle,None,Short & Punchy,Students
CONTENT_82037499,TikTok,2026-04-08 23:41:46,Loneliness,The truth about loneliness,Let's talk about loneliness. #growth #mentalhealth,Organic,Single Image,Question Hook,0.0,Morning (8-11 AM),7020,490,67,449,166,8803,8886,0.28,4,#Loneliness #struggle,Follow for more,Short & Punchy,Professionals
CONTENT_A1CEFB70,TikTok,2026-07-14 23:41:46,Overthinking,The truth about overthinking,Let's talk about overthinking. #growth #mentalhealth,Organic,Short Video,Story Hook,34.6,Evening (5-8 PM),4226,543,57,68,115,31279,31313,0.71,5,#Overthinking #struggle,Link in bio,Emotion + Personal Story,Students
CONTENT_92B197BB,TikTok,2026-04-20 23:41:46,Career Pressure,The truth about career pressure,Let's talk about career pressure. #growth #mentalhealth,Organic,Long Video,Question Hook,548.8,Afternoon (12-4 PM),2940,389,50,124,143,22507,22569,0.31,4,#CareerPressure #struggle,Save for later,Educational / Tips,General
CONTENT_FBDB4E97,YouTube,2026-06-18 23:41:46,Financial Stress,The truth about financial stress,Let's talk about financial stress. #growth #mentalhealth,Organic,Short Video,Visual Hook,35.0,Morning (8-11 AM),68735,7156,434,1442,1736,32770,33254,0.41,2,#FinancialStress #struggle,Share this,Question to Audience,Gen Z
CONTENT_897BBDC3,YouTube,2026-04-30 23:41:46,Academic Stress,The truth about academic stress,Let's talk about academic stress. #growth #mentalhealth,Organic,Short Video,Story Hook,47.1,Afternoon (12-4 PM),113628,15955,1594,4595,2173,22946,24071,0.62,6,#AcademicStress #struggle,Comment your thoughts,Educational / Tips,General
CONTENT_6617832A,Instagram,2026-06-13 23:41:46,Academic Stress,The truth about academic stress,Let's talk about academic stress. #growth #mentalhealth,Organic,Short Video,Visual Hook,49.0,Night (9 PM-12 AM),5009,598,82,135,38,31436,31461,0.72,6,#AcademicStress #struggle,Comment your thoughts,Educational / Tips,Professionals
CONTENT_568968A8,TikTok,2026-06-21 23:41:46,Self Confidence,The truth about self confidence,Let's talk about self confidence. #growth #mentalhealth,Organic,Long Video,Visual Hook,485.6,Morning (8-11 AM),1470,220,23,37,30,40986,40993,0.22,7,#SelfConfidence #struggle,Share this,Emotion + Personal Story,Millennials
CONTENT_BC231E11,YouTube,2026-05-14 23:41:46,Social Anxiety,The truth about social anxiety,Let's talk about social anxiety. #growth #mentalhealth,Organic,Carousel,Question Hook,0.0,Evening (5-8 PM),16743,1707,292,1197,104,29114,29454,0.37,5,#SocialAnxiety #struggle,None,Educational / Tips,Students
CONTENT_478E5C0F,Instagram,2026-08-23 23:41:46,Overthinking,The truth about overthinking,Let's talk about overthinking. #growth #mentalhealth,Organic,Short Video,Story Hook,18.4,Night (9 PM-12 AM),13976,1670,155,105,92,37978,38011,0.5,7,#Overthinking #struggle,Save for later,Educational / Tips,Students
CONTENT_3496311A,TikTok,2026-06-05 23:41:46,Relationships,The truth about relationships,Let's talk about relationships. #growth #mentalhealth,Organic,Carousel,Story Hook,0.0,Afternoon (12-4 PM),4257,519,27,63,163,18333,18370,0.43,3,#Relationships #struggle,None,Educational / Tips,Professionals
CONTENT_F0AA7423,Instagram,2026-06-30 23:41:46,Career Pressure,The truth about career pressure,Let's talk about career pressure. #growth #mentalhealth,Organic,Long Video,Visual Hook,200.2,Evening (5-8 PM),5709,418,74,172,30,34077,34124,0.36,7,#CareerPressure #struggle,Link in bio,Long-form vulnerable,General
CONTENT_0EEBF945,Instagram,2026-08-18 23:41:46,Self Confidence,The truth about self confidence,Let's talk about self confidence. #growth #mentalhealth,Organic,Carousel,Story Hook,0.0,Evening (5-8 PM),11148,1005,214,556,351,28631,28788,0.43,2,#SelfConfidence #struggle,Link in bio,Question to Audience,Professionals
CONTENT_25B655BB,Instagram,2026-06-01 23:41:46,Overthinking,The truth about overthinking,Let's talk about overthinking. #growth #mentalhealth,Organic,Short Video,Visual Hook,28.3,Night (9 PM-12 AM),61848,4513,310,2462,4007,22423,23422,0.69,9,#Overthinking #struggle,None,Educational / Tips,Millennials
CONTENT_208E20F4,Instagram,2026-08-05 23:41:46,Career Pressure,The truth about career pressure,Let's talk about career pressure. #growth #mentalhealth,Organic,Short Video,Question Hook,43.2,Night (9 PM-12 AM),6488,490,69,103,321,1497,1583,0.64,4,#CareerPressure #struggle,Link in bio,Question to Audience,Millennials
CONTENT_D5777CC0,Instagram,2026-06-24 23:41:46,Overthinking,The truth about overthinking,Let's talk about overthinking. #growth #mentalhealth,Organic,Single Image,Audio Hook,0.0,Morning (8-11 AM),7006,709,72,511,87,3016,3099,0.46,7,#Overthinking #struggle,None,Short & Punchy,Gen Z
CONTENT_52032EA9,TikTok,2026-06-24 23:41:46,Career Pressure,The truth about career pressure,Let's talk about career pressure. #growth #mentalhealth,Organic,Short Video,Audio Hook,22.2,Night (9 PM-12 AM),317458,38425,2393,10382,7539,9998,12368,0.42,6,#CareerPressure #struggle,Follow for more,Long-form vulnerable,General
CONTENT_AE69BC45,TikTok,2026-04-26 23:41:46,Social Anxiety,The truth about social anxiety,Let's talk about social anxiety. #growth #mentalhealth,Organic,Single Image,Question Hook,0.0,Morning (8-11 AM),13176,1269,83,77,1059,27398,27656,0.25,2,#SocialAnxiety #struggle,Save for later,Emotion + Personal Story,Gen Z
CONTENT_85E7E889,Instagram,2026-03-11 23:41:46,Dating,The truth about dating,Let's talk about dating. #growth #mentalhealth,Organic,Short Video,Story Hook,27.4,Night (9 PM-12 AM),4385,642,76,20,103,4275,4307,0.6,9,#Dating #struggle,None,Emotion + Personal Story,Millennials
CONTENT_78C5E599,TikTok,2026-08-20 23:41:46,Social Anxiety,The truth about social anxiety,Let's talk about social anxiety. #growth #mentalhealth,Organic,Single Image,Story Hook,0.0,Morning (8-11 AM),4320,396,50,438,237,15639,15776,0.54,7,#SocialAnxiety #struggle,Share this,Question to Audience,Students
CONTENT_3F324C98,YouTube,2026-06-11 23:41:46,Dating,The truth about dating,Let's talk about dating. #growth #mentalhealth,Organic,Short Video,Story Hook,33.7,Evening (5-8 PM),85227,10260,858,2747,4169,28740,30124,0.44,5,#Dating #struggle,Save for later,Educational / Tips,General
CONTENT_1E8AEC20,YouTube,2026-03-24 23:41:46,Relationships,The truth about relationships,Let's talk about relationships. #growth #mentalhealth,Organic,Carousel,Visual Hook,0.0,Evening (5-8 PM),7299,847,114,229,488,26255,26374,0.3,1,#Relationships #struggle,Save for later,Short & Punchy,Millennials
CONTENT_DFE9D82A,YouTube,2026-04-05 23:41:46,Dating,The truth about dating,Let's talk about dating. #growth #mentalhealth,Organic,Long Video,Text Hook,195.7,Afternoon (12-4 PM),2403,217,24,18,113,16861,16873,0.48,4,#Dating #struggle,Comment your thoughts,Long-form vulnerable,Millennials
CONTENT_5A2B5D05,Instagram,2026-04-02 23:41:46,Academic Stress,The truth about academic stress,Let's talk about academic stress. #growth #mentalhealth,Organic,Short Video,Text Hook,46.9,Morning (8-11 AM),5148,728,30,66,158,34800,34839,0.36,6,#AcademicStress #struggle,Save for later,Educational / Tips,General
CONTENT_3E120137,YouTube,2026-08-22 23:41:46,Academic Stress,The truth about academic stress,Let's talk about academic stress. #growth #mentalhealth,Organic,Carousel,Question Hook,0.0,Evening (5-8 PM),3210,310,35,156,136,39244,39306,0.44,9,#AcademicStress #struggle,Comment your thoughts,Question to Audience,General
CONTENT_B3A3CD8F,TikTok,2026-05-14 23:41:46,Career Pressure,The truth about career pressure,Let's talk about career pressure. #growth #mentalhealth,Organic,Short Video,Visual Hook,32.4,Morning (8-11 AM),6386,832,72,31,127,31482,31521,0.63,2,#CareerPressure #struggle,Share this,Short & Punchy,General
CONTENT_0796796F,TikTok,2026-04-07 23:41:46,Career Pressure,The truth about career pressure,Let's talk about career pressure. #growth #mentalhealth,Organic,Short Video,Audio Hook,15.8,Afternoon (12-4 PM),5998,600,58,155,53,7007,7062,0.49,5,#CareerPressure #struggle,Follow for more,Long-form vulnerable,Gen Z
CONTENT_6F0FDC82,Instagram,2026-07-18 23:41:46,Dating,The truth about dating,Let's talk about dating. #growth #mentalhealth,Organic,Short Video,Text Hook,38.4,Evening (5-8 PM),9789,1414,77,456,209,47152,47248,0.53,8,#Dating #struggle,Save for later,Emotion + Personal Story,Millennials
CONTENT_69BE2BBC,TikTok,2026-06-12 23:41:46,Social Anxiety,The truth about social anxiety,Let's talk about social anxiety. #growth #mentalhealth,Organic,Short Video,Question Hook,50.2,Afternoon (12-4 PM),254202,16775,2789,24126,2998,38958,44221,0.46,1,#SocialAnxiety #struggle,Save for later,Question to Audience,Gen Z
CONTENT_8BC2D1FC,TikTok,2026-08-10 23:41:46,Productivity,The truth about productivity,Let's talk about productivity. #growth #mentalhealth,Organic,Short Video,Audio Hook,35.8,Afternoon (12-4 PM),5629,425,28,53,187,37145,37197,0.47,3,#Productivity #struggle,Share this,Question to Audience,Students
CONTENT_92497B4D,Instagram,2026-07-24 23:41:46,Social Anxiety,The truth about social anxiety,Let's talk about social anxiety. #growth #mentalhealth,Organic,Short Video,Visual Hook,24.7,Evening (5-8 PM),72397,4869,364,9423,3322,19413,21079,0.54,6,#SocialAnxiety #struggle,Share this,Educational / Tips,General
CONTENT_9408E14E,Instagram,2026-06-05 23:41:46,Loneliness,The truth about loneliness,Let's talk about loneliness. #growth #mentalhealth,Organic,Short Video,Audio Hook,18.3,Night (9 PM-12 AM),41384,5350,289,2978,4141,2645,3466,0.55,6,#Loneliness #struggle,Save for later,Question to Audience,Students
CONTENT_576BAAEE,TikTok,2026-05-28 23:41:46,Social Anxiety,The truth about social anxiety,Let's talk about social anxiety. #growth #mentalhealth,Organic,Carousel,Question Hook,0.0,Night (9 PM-12 AM),34939,4145,184,2253,91,12587,13042,0.34,6,#SocialAnxiety #struggle,Comment your thoughts,Long-form vulnerable,Gen Z
CONTENT_55D4EA16,TikTok,2026-05-07 23:41:46,Productivity,The truth about productivity,Let's talk about productivity. #growth #mentalhealth,Organic,Short Video,Question Hook,37.1,Afternoon (12-4 PM),35439,2557,320,173,235,3056,3154,0.61,9,#Productivity #struggle,Save for later,Question to Audience,Gen Z
CONTENT_5181063C,Instagram,2026-06-17 23:41:46,Overthinking,The truth about overthinking,Let's talk about overthinking. #growth #mentalhealth,Organic,Short Video,Story Hook,27.0,Night (9 PM-12 AM),136606,9360,2079,7469,18354,2780,6709,0.51,5,#Overthinking #struggle,Save for later,Question to Audience,Gen Z
CONTENT_D1FED52C,Instagram,2026-04-10 23:41:46,Self Confidence,The truth about self confidence,Let's talk about self confidence. #growth #mentalhealth,Organic,Single Image,Question Hook,0.0,Afternoon (12-4 PM),7032,414,57,20,94,27924,27946,0.41,9,#SelfConfidence #struggle,Share this,Question to Audience,Students
CONTENT_1D9F1E72,TikTok,2026-05-20 23:41:46,Productivity,The truth about productivity,Let's talk about productivity. #growth #mentalhealth,Organic,Long Video,Audio Hook,233.7,Night (9 PM-12 AM),375,30,3,18,10,33675,33681,0.27,5,#Productivity #struggle,Link in bio,Question to Audience,Gen Z
CONTENT_420BF13B,Instagram,2026-03-25 23:41:46,Loneliness,The truth about loneliness,Let's talk about loneliness. #growth #mentalhealth,Organic,Short Video,Question Hook,43.6,Evening (5-8 PM),9660,1138,77,947,769,43425,43746,0.6,2,#Loneliness #struggle,Comment your thoughts,Question to Audience,Gen Z
CONTENT_411CDD80,Instagram,2026-05-13 23:41:46,Self Confidence,The truth about self confidence,Let's talk about self confidence. #growth #mentalhealth,Organic,Single Image,Question Hook,0.0,Afternoon (12-4 PM),15152,936,302,318,939,4646,4774,0.24,1,#SelfConfidence #struggle,Save for later,Emotion + Personal Story,Professionals
CONTENT_1E6DCD64,Instagram,2026-08-17 23:41:46,Social Anxiety,The truth about social anxiety,Let's talk about social anxiety. #growth #mentalhealth,Organic,Short Video,Visual Hook,38.7,Afternoon (12-4 PM),8990,1203,173,87,460,18349,18432,0.69,6,#SocialAnxiety #struggle,Link in bio,Question to Audience,Millennials
CONTENT_F7B74A33,YouTube,2026-04-11 23:41:46,Self Confidence,The truth about self confidence,Let's talk about self confidence. #growth #mentalhealth,Organic,Short Video,Story Hook,16.6,Night (9 PM-12 AM),53960,6540,739,1638,289,6400,6764,0.48,1,#SelfConfidence #struggle,None,Educational / Tips,General
CONTENT_B2E611B4,Instagram,2026-05-28 23:41:46,Dating,The truth about dating,Let's talk about dating. #growth #mentalhealth,Organic,Carousel,Story Hook,0.0,Afternoon (12-4 PM),3092,210,41,33,153,21890,21927,0.31,9,#Dating #struggle,Link in bio,Educational / Tips,Students
CONTENT_0AB7866E,YouTube,2026-03-26 23:41:46,Relationships,The truth about relationships,Let's talk about relationships. #growth #mentalhealth,Organic,Carousel,Visual Hook,0.0,Evening (5-8 PM),231,19,4,0,2,12231,12231,0.57,8,#Relationships #struggle,Share this,Short & Punchy,Gen Z
CONTENT_3339D8D0,YouTube,2026-03-25 23:41:46,Social Anxiety,The truth about social anxiety,Let's talk about social anxiety. #growth #mentalhealth,Organic,Short Video,Question Hook,31.5,Morning (8-11 AM),5196,418,68,477,290,20641,20745,0.66,1,#SocialAnxiety #struggle,Share this,Emotion + Personal Story,Students
CONTENT_AC16A871,TikTok,2026-03-22 23:41:46,Overthinking,The truth about overthinking,Let's talk about overthinking. #growth #mentalhealth,Organic,Short Video,Text Hook,57.9,Evening (5-8 PM),109562,6384,1901,10296,718,15263,18240,0.55,8,#Overthinking #struggle,None,Long-form vulnerable,Students
CONTENT_7746C8F0,Instagram,2026-08-21 23:41:46,Career Pressure,The truth about career pressure,Let's talk about career pressure. #growth #mentalhealth,Organic,Long Video,Text Hook,366.0,Morning (8-11 AM),3005,266,26,68,49,38065,38092,0.37,4,#CareerPressure #struggle,Follow for more,Short & Punchy,General
CONTENT_7BA9B690,YouTube,2026-08-04 23:41:46,Overthinking,The truth about overthinking,Let's talk about overthinking. #growth #mentalhealth,Organic,Carousel,Text Hook,0.0,Afternoon (12-4 PM),31278,2513,314,3054,4044,4688,5841,0.17,3,#Overthinking #struggle,Save for later,Educational / Tips,General
CONTENT_B0617926,TikTok,2026-08-30 23:41:46,Academic Stress,The truth about academic stress,Let's talk about academic stress. #growth #mentalhealth,Organic,Long Video,Audio Hook,398.2,Night (9 PM-12 AM),61640,5787,1189,1747,1042,39381,40001,0.37,9,#AcademicStress #struggle,None,Short & Punchy,Gen Z
CONTENT_4D0F9CB9,YouTube,2026-05-21 23:41:46,Loneliness,The truth about loneliness,Let's talk about loneliness. #growth #mentalhealth,Organic,Carousel,Question Hook,0.0,Morning (8-11 AM),9970,871,99,913,678,46650,47040,0.19,1,#Loneliness #struggle,Link in bio,Short & Punchy,Students
CONTENT_C9A436FC,YouTube,2026-06-11 23:41:46,Social Anxiety,The truth about social anxiety,Let's talk about social anxiety. #growth #mentalhealth,Organic,Carousel,Question Hook,0.0,Morning (8-11 AM),28798,2397,361,1233,1474,1244,1533,0.47,8,#SocialAnxiety #struggle,Comment your thoughts,Question to Audience,Millennials
CONTENT_EE919D6A,YouTube,2026-06-14 23:41:46,Social Anxiety,The truth about social anxiety,Let's talk about social anxiety. #growth #mentalhealth,Organic,Carousel,Story Hook,0.0,Evening (5-8 PM),1940,194,38,174,174,46650,46735,0.31,8,#SocialAnxiety #struggle,Save for later,Long-form vulnerable,Gen Z
CONTENT_8523C30D,TikTok,2026-07-20 23:41:46,Social Anxiety,The truth about social anxiety,Let's talk about social anxiety. #growth #mentalhealth,Organic,Short Video,Text Hook,49.4,Evening (5-8 PM),27052,1980,135,1758,2178,8244,8909,0.55,5,#SocialAnxiety #struggle,Follow for more,Question to Audience,Students
CONTENT_03A2C4E1,YouTube,2026-07-09 23:41:46,Loneliness,The truth about loneliness,Let's talk about loneliness. #growth #mentalhealth,Organic,Short Video,Text Hook,29.3,Evening (5-8 PM),1811,208,27,135,146,11386,11459,0.36,6,#Loneliness #struggle,Link in bio,Question to Audience,Professionals
CONTENT_45AD37EE,YouTube,2026-07-02 23:41:46,Career Pressure,The truth about career pressure,Let's talk about career pressure. #growth #mentalhealth,Organic,Short Video,Audio Hook,17.6,Evening (5-8 PM),20529,2234,274,439,37,8248,8346,0.69,1,#CareerPressure #struggle,None,Question to Audience,Students
CONTENT_84CC0044,TikTok,2026-09-05 23:41:46,Loneliness,The truth about loneliness,Let's talk about loneliness. #growth #mentalhealth,Organic,Single Image,Question Hook,0.0,Morning (8-11 AM),1147,88,14,57,65,32891,32906,0.22,9,#Loneliness #struggle,Save for later,Short & Punchy,Professionals
CONTENT_CC0F70E0,YouTube,2026-04-05 23:41:46,Self Confidence,The truth about self confidence,Let's talk about self confidence. #growth #mentalhealth,Organic,Short Video,Story Hook,27.8,Evening (5-8 PM),5442,612,47,49,168,12167,12221,0.41,1,#SelfConfidence #struggle,Share this,Short & Punchy,General
CONTENT_635026D5,YouTube,2026-03-16 23:41:46,Social Anxiety,The truth about social anxiety,Let's talk about social anxiety. #growth #mentalhealth,Organic,Carousel,Visual Hook,0.0,Night (9 PM-12 AM),1872,175,12,6,23,40351,40353,0.24,6,#SocialAnxiety #struggle,Follow for more,Long-form vulnerable,Students
CONTENT_37336A06,YouTube,2026-07-31 23:41:46,Academic Stress,The truth about academic stress,Let's talk about academic stress. #growth #mentalhealth,Organic,Short Video,Question Hook,38.4,Afternoon (12-4 PM),6735,600,123,99,24,17455,17483,0.64,3,#AcademicStress #struggle,Link in bio,Emotion + Personal Story,Gen Z
CONTENT_EAD0F2B0,TikTok,2026-06-11 23:41:46,Overthinking,The truth about overthinking,Let's talk about overthinking. #growth #mentalhealth,Organic,Long Video,Text Hook,317.6,Night (9 PM-12 AM),4428,400,51,209,16,16816,16860,0.37,3,#Overthinking #struggle,None,Long-form vulnerable,Millennials
CONTENT_AD604DCE,Instagram,2026-06-22 23:41:46,Self Confidence,The truth about self confidence,Let's talk about self confidence. #growth #mentalhealth,Organic,Short Video,Text Hook,33.5,Evening (5-8 PM),10873,815,199,89,62,45863,45884,0.52,2,#SelfConfidence #struggle,Follow for more,Long-form vulnerable,Gen Z
CONTENT_2C360E7C,TikTok,2026-09-05 23:41:46,Social Anxiety,The truth about social anxiety,Let's talk about social anxiety. #growth #mentalhealth,Organic,Carousel,Story Hook,0.0,Evening (5-8 PM),2498,274,20,83,39,3631,3661,0.49,1,#SocialAnxiety #struggle,Comment your thoughts,Educational / Tips,General
CONTENT_83DC38F0,Instagram,2026-07-04 23:41:46,Financial Stress,The truth about financial stress,Let's talk about financial stress. #growth #mentalhealth,Organic,Carousel,Story Hook,0.0,Morning (8-11 AM),30885,3722,289,1128,2236,27284,28062,0.27,2,#FinancialStress #struggle,Save for later,Emotion + Personal Story,Gen Z
CONTENT_4517F475,Instagram,2026-06-23 23:41:46,Overthinking,The truth about overthinking,Let's talk about overthinking. #growth #mentalhealth,Organic,Short Video,Question Hook,38.1,Night (9 PM-12 AM),57665,7494,790,2076,2235,25346,26019,0.49,4,#Overthinking #struggle,Comment your thoughts,Short & Punchy,Gen Z
CONTENT_0D56CFCF,YouTube,2026-05-04 23:41:46,Financial Stress,The truth about financial stress,Let's talk about financial stress. #growth #mentalhealth,Organic,Short Video,Story Hook,59.3,Evening (5-8 PM),6879,824,60,274,317,45552,45605,0.41,6,#FinancialStress #struggle,Link in bio,Short & Punchy,Professionals
CONTENT_E5C529C0,TikTok,2026-04-04 23:41:46,Career Pressure,The truth about career pressure,Let's talk about career pressure. #growth #mentalhealth,Organic,Short Video,Visual Hook,57.4,Morning (8-11 AM),346,32,3,13,18,22352,22359,0.52,4,#CareerPressure #struggle,Save for later,Emotion + Personal Story,Millennials
CONTENT_2BE02A99,TikTok,2026-05-02 23:41:46,Self Confidence,The truth about self confidence,Let's talk about self confidence. #growth #mentalhealth,Organic,Carousel,Text Hook,0.0,Afternoon (12-4 PM),2926,417,51,145,105,40958,41024,0.25,6,#SelfConfidence #struggle,Link in bio,Short & Punchy,General
CONTENT_1B0BE2C2,TikTok,2026-05-30 23:41:46,Loneliness,The truth about loneliness,Let's talk about loneliness. #growth #mentalhealth,Organic,Short Video,Story Hook,50.2,Evening (5-8 PM),3170,392,54,120,27,29988,30024,0.5,2,#Loneliness #struggle,Comment your thoughts,Emotion + Personal Story,Gen Z
CONTENT_D3FF4110,TikTok,2026-07-09 23:41:46,Financial Stress,The truth about financial stress,Let's talk about financial stress. #growth #mentalhealth,Organic,Short Video,Audio Hook,36.5,Night (9 PM-12 AM),13239,1596,104,532,177,38199,38272,0.39,1,#FinancialStress #struggle,None,Emotion + Personal Story,Students
CONTENT_3FC7F821,Instagram,2026-06-11 23:41:46,Relationships,The truth about relationships,Let's talk about relationships. #growth #mentalhealth,Organic,Carousel,Text Hook,0.0,Morning (8-11 AM),12035,1548,105,472,181,43269,43346,0.17,9,#Relationships #struggle,None,Educational / Tips,Students
CONTENT_14A7A750,YouTube,2026-06-19 23:41:46,Productivity,The truth about productivity,Let's talk about productivity. #growth #mentalhealth,Organic,Short Video,Text Hook,38.4,Night (9 PM-12 AM),4555,491,69,175,109,8704,8734,0.5,8,#Productivity #struggle,Comment your thoughts,Question to Audience,Professionals
CONTENT_393F5431,TikTok,2026-07-18 23:41:46,Financial Stress,The truth about financial stress,Let's talk about financial stress. #growth #mentalhealth,Organic,Carousel,Visual Hook,0.0,Afternoon (12-4 PM),55498,6113,782,2694,1564,8038,8802,0.35,3,#FinancialStress #struggle,Follow for more,Educational / Tips,General
CONTENT_0451617D,TikTok,2026-08-28 23:41:46,Dating,The truth about dating,Let's talk about dating. #growth #mentalhealth,Organic,Carousel,Text Hook,0.0,Morning (8-11 AM),4209,487,48,188,44,36453,36482,0.44,5,#Dating #struggle,Comment your thoughts,Emotion + Personal Story,General
CONTENT_C5CE1AF8,YouTube,2026-06-12 23:41:46,Self Confidence,The truth about self confidence,Let's talk about self confidence. #growth #mentalhealth,Organic,Long Video,Question Hook,477.8,Afternoon (12-4 PM),177470,17601,1344,5470,3650,24792,27288,0.3,7,#SelfConfidence #struggle,Follow for more,Question to Audience,Professionals
CONTENT_867A7FB6,TikTok,2026-08-19 23:41:46,Self Confidence,The truth about self confidence,Let's talk about self confidence. #growth #mentalhealth,Organic,Short Video,Question Hook,25.7,Morning (8-11 AM),11870,1706,206,234,155,26507,26586,0.42,6,#SelfConfidence #struggle,Save for later,Short & Punchy,Students
CONTENT_1042AF40,YouTube,2026-08-23 23:41:46,Overthinking,The truth about overthinking,Let's talk about overthinking. #growth #mentalhealth,Organic,Short Video,Story Hook,48.6,Night (9 PM-12 AM),10864,1509,217,524,889,4447,4638,0.52,4,#Overthinking #struggle,None,Long-form vulnerable,Millennials
CONTENT_8A512F8B,Instagram,2026-09-04 23:41:46,Overthinking,The truth about overthinking,Let's talk about overthinking. #growth #mentalhealth,Organic,Carousel,Text Hook,0.0,Night (9 PM-12 AM),57991,7052,632,2821,5187,22649,24138,0.21,7,#Overthinking #struggle,None,Emotion + Personal Story,Millennials
CONTENT_75B73683,YouTube,2026-04-12 23:41:46,Overthinking,The truth about overthinking,Let's talk about overthinking. #growth #mentalhealth,Organic,Short Video,Story Hook,31.7,Afternoon (12-4 PM),19536,2002,383,1371,1658,12103,12797,0.6,2,#Overthinking #struggle,None,Emotion + Personal Story,Professionals
CONTENT_05475A7F,TikTok,2026-06-30 23:41:46,Dating,The truth about dating,Let's talk about dating. #growth #mentalhealth,Organic,Short Video,Text Hook,29.7,Morning (8-11 AM),5782,843,92,303,223,35474,35530,0.5,8,#Dating #struggle,Share this,Educational / Tips,Millennials
CONTENT_EFAB7A07,TikTok,2026-05-16 23:41:46,Overthinking,The truth about overthinking,Let's talk about overthinking. #growth #mentalhealth,Organic,Long Video,Text Hook,132.3,Afternoon (12-4 PM),18741,1506,236,1121,789,2082,2533,0.38,6,#Overthinking #struggle,Save for later,Emotion + Personal Story,Gen Z
CONTENT_717B0F72,Instagram,2026-05-13 23:41:46,Career Pressure,The truth about career pressure,Let's talk about career pressure. #growth #mentalhealth,Organic,Carousel,Story Hook,0.0,Morning (8-11 AM),67962,7744,408,2879,1156,8240,9247,0.55,8,#CareerPressure #struggle,Share this,Emotion + Personal Story,Students
CONTENT_4A1B327B,Instagram,2026-08-02 23:41:46,Relationships,The truth about relationships,Let's talk about relationships. #growth #mentalhealth,Organic,Short Video,Question Hook,42.0,Night (9 PM-12 AM),12534,1185,196,31,472,22797,22912,0.65,6,#Relationships #struggle,None,Question to Audience,General
CONTENT_83F101CE,Instagram,2026-04-01 23:41:46,Career Pressure,The truth about career pressure,Let's talk about career pressure. #growth #mentalhealth,Organic,Short Video,Visual Hook,36.6,Evening (5-8 PM),10359,1152,166,168,173,14566,14659,0.44,6,#CareerPressure #struggle,Follow for more,Short & Punchy,General
CONTENT_05EF933C,Instagram,2026-08-29 23:41:46,Academic Stress,The truth about academic stress,Let's talk about academic stress. #growth #mentalhealth,Organic,Long Video,Audio Hook,181.1,Afternoon (12-4 PM),2646,320,14,17,190,37025,37071,0.25,9,#AcademicStress #struggle,Save for later,Question to Audience,Gen Z
CONTENT_1031C585,TikTok,2026-06-01 23:41:46,Loneliness,The truth about loneliness,Let's talk about loneliness. #growth #mentalhealth,Organic,Short Video,Text Hook,53.0,Afternoon (12-4 PM),21623,1847,401,995,1283,26835,27086,0.42,1,#Loneliness #struggle,None,Question to Audience,Gen Z
CONTENT_507CAD5C,YouTube,2026-04-08 23:41:46,Social Anxiety,The truth about social anxiety,Let's talk about social anxiety. #growth #mentalhealth,Organic,Long Video,Story Hook,197.3,Afternoon (12-4 PM),2280,223,30,95,55,13165,13179,0.55,4,#SocialAnxiety #struggle,Link in bio,Long-form vulnerable,Millennials
CONTENT_8C4F41B7,TikTok,2026-04-15 23:41:46,Dating,The truth about dating,Let's talk about dating. #growth #mentalhealth,Organic,Long Video,Story Hook,313.8,Afternoon (12-4 PM),2689,308,48,117,73,18754,18804,0.28,4,#Dating #struggle,None,Emotion + Personal Story,Students
CONTENT_056F34B0,Instagram,2026-03-25 23:41:46,Relationships,The truth about relationships,Let's talk about relationships. #growth #mentalhealth,Organic,Short Video,Visual Hook,31.1,Evening (5-8 PM),43709,6391,647,1168,489,46823,47130,0.76,2,#Relationships #struggle,None,Question to Audience,Students
CONTENT_86B2A4A2,TikTok,2026-05-24 23:41:46,Self Confidence,The truth about self confidence,Let's talk about self confidence. #growth #mentalhealth,Organic,Single Image,Visual Hook,0.0,Night (9 PM-12 AM),1011,108,18,71,11,6969,6988,0.31,9,#SelfConfidence #struggle,Share this,Educational / Tips,Professionals
CONTENT_08E87EFA,Instagram,2026-03-19 23:41:46,Self Confidence,The truth about self confidence,Let's talk about self confidence. #growth #mentalhealth,Organic,Single Image,Audio Hook,0.0,Afternoon (12-4 PM),11507,1650,132,166,635,38869,38996,0.25,5,#SelfConfidence #struggle,Save for later,Educational / Tips,General
CONTENT_7ED1314F,TikTok,2026-06-01 23:41:46,Academic Stress,The truth about academic stress,Let's talk about academic stress. #growth #mentalhealth,Organic,Long Video,Text Hook,153.5,Night (9 PM-12 AM),37209,3578,329,171,443,3822,3925,0.27,8,#AcademicStress #struggle,Link in bio,Emotion + Personal Story,Gen Z
CONTENT_95B6A658,TikTok,2026-05-04 23:41:46,Financial Stress,The truth about financial stress,Let's talk about financial stress. #growth #mentalhealth,Organic,Short Video,Visual Hook,19.7,Morning (8-11 AM),1694,136,33,7,80,29173,29192,0.74,9,#FinancialStress #struggle,Follow for more,Question to Audience,Millennials
CONTENT_18E8A7B8,YouTube,2026-07-01 23:41:46,Social Anxiety,The truth about social anxiety,Let's talk about social anxiety. #growth #mentalhealth,Organic,Short Video,Visual Hook,17.9,Evening (5-8 PM),8316,1108,82,556,100,46486,46592,0.55,9,#SocialAnxiety #struggle,Comment your thoughts,Educational / Tips,Gen Z
CONTENT_4B03DF86,TikTok,2026-08-07 23:41:46,Dating,The truth about dating,Let's talk about dating. #growth #mentalhealth,Organic,Short Video,Text Hook,29.8,Afternoon (12-4 PM),29729,3660,382,1429,560,41324,41744,0.37,2,#Dating #struggle,Share this,Emotion + Personal Story,Gen Z
CONTENT_4C7E0AC8,TikTok,2026-04-22 23:41:46,Dating,The truth about dating,Let's talk about dating. #growth #mentalhealth,Organic,Carousel,Audio Hook,0.0,Night (9 PM-12 AM),4081,283,30,12,154,36548,36578,0.19,9,#Dating #struggle,Follow for more,Long-form vulnerable,Gen Z
CONTENT_6873AEA8,Instagram,2026-08-29 23:41:46,Career Pressure,The truth about career pressure,Let's talk about career pressure. #growth #mentalhealth,Organic,Carousel,Text Hook,0.0,Afternoon (12-4 PM),1939,102,17,34,69,34716,34742,0.4,3,#CareerPressure #struggle,Comment your thoughts,Question to Audience,Gen Z
CONTENT_E9B9748D,Instagram,2026-03-29 23:41:46,Loneliness,The truth about loneliness,Let's talk about loneliness. #growth #mentalhealth,Organic,Short Video,Text Hook,41.9,Afternoon (12-4 PM),70309,8425,808,6264,1800,38006,40040,0.49,2,#Loneliness #struggle,Follow for more,Long-form vulnerable,Professionals
CONTENT_2A1951AF,Instagram,2026-04-24 23:41:46,Career Pressure,The truth about career pressure,Let's talk about career pressure. #growth #mentalhealth,Organic,Short Video,Text Hook,24.9,Afternoon (12-4 PM),59035,7788,410,626,2001,22685,23067,0.44,1,#CareerPressure #struggle,Link in bio,Educational / Tips,General
CONTENT_1A625CEA,YouTube,2026-08-19 23:41:46,Overthinking,The truth about overthinking,Let's talk about overthinking. #growth #mentalhealth,Organic,Short Video,Text Hook,59.4,Evening (5-8 PM),6201,490,65,340,435,11745,11860,0.34,5,#Overthinking #struggle,None,Short & Punchy,Professionals
CONTENT_56C6319C,TikTok,2026-03-23 23:41:46,Dating,The truth about dating,Let's talk about dating. #growth #mentalhealth,Organic,Carousel,Question Hook,0.0,Afternoon (12-4 PM),2905,182,44,75,51,10765,10789,0.48,5,#Dating #struggle,None,Short & Punchy,General
CONTENT_520D3409,TikTok,2026-08-04 23:41:46,Career Pressure,The truth about career pressure,Let's talk about career pressure. #growth #mentalhealth,Organic,Long Video,Visual Hook,392.1,Evening (5-8 PM),7672,975,42,462,204,23212,23291,0.36,7,#CareerPressure #struggle,Share this,Educational / Tips,Millennials
CONTENT_59CAD1EA,YouTube,2026-03-26 23:41:46,Productivity,The truth about productivity,Let's talk about productivity. #growth #mentalhealth,Organic,Short Video,Text Hook,31.9,Morning (8-11 AM),66705,7049,1042,2727,2047,44319,45057,0.41,9,#Productivity #struggle,Follow for more,Educational / Tips,Professionals
CONTENT_77145530,Instagram,2026-07-29 23:41:46,Dating,The truth about dating,Let's talk about dating. #growth #mentalhealth,Organic,Long Video,Text Hook,468.9,Afternoon (12-4 PM),14300,2131,231,227,329,2067,2159,0.5,3,#Dating #struggle,Link in bio,Educational / Tips,General
CONTENT_C1702DD6,Instagram,2026-04-11 23:41:46,Loneliness,The truth about loneliness,Let's talk about loneliness. #growth #mentalhealth,Organic,Short Video,Question Hook,41.7,Night (9 PM-12 AM),46369,5710,410,510,3496,42205,42837,0.39,1,#Loneliness #struggle,Link in bio,Educational / Tips,Millennials
CONTENT_5FBACDEE,Instagram,2026-05-23 23:41:46,Social Anxiety,The truth about social anxiety,Let's talk about social anxiety. #growth #mentalhealth,Organic,Short Video,Visual Hook,50.5,Afternoon (12-4 PM),127050,14086,1420,8317,10643,36772,39213,0.66,8,#SocialAnxiety #struggle,Follow for more,Emotion + Personal Story,Millennials
CONTENT_3A7946E7,Instagram,2026-07-02 23:41:46,Self Confidence,The truth about self confidence,Let's talk about self confidence. #growth #mentalhealth,Organic,Long Video,Text Hook,159.1,Evening (5-8 PM),2953,348,15,62,18,28158,28173,0.49,4,#SelfConfidence #struggle,Link in bio,Short & Punchy,Professionals
CONTENT_363BC61B,Instagram,2026-05-23 23:41:46,Academic Stress,The truth about academic stress,Let's talk about academic stress. #growth #mentalhealth,Organic,Single Image,Text Hook,0.0,Morning (8-11 AM),203401,27628,2483,6405,6798,29106,32579,0.34,2,#AcademicStress #struggle,Link in bio,Short & Punchy,Professionals
CONTENT_6EA2EB74,YouTube,2026-08-18 23:41:46,Social Anxiety,The truth about social anxiety,Let's talk about social anxiety. #growth #mentalhealth,Organic,Single Image,Audio Hook,0.0,Evening (5-8 PM),1779,122,9,153,66,16305,16342,0.32,2,#SocialAnxiety #struggle,Comment your thoughts,Long-form vulnerable,Professionals
CONTENT_D7156BC7,TikTok,2026-08-27 23:41:46,Overthinking,The truth about overthinking,Let's talk about overthinking. #growth #mentalhealth,Organic,Carousel,Audio Hook,0.0,Afternoon (12-4 PM),3649,245,68,242,69,4830,4883,0.25,1,#Overthinking #struggle,None,Question to Audience,Millennials
CONTENT_1C1C1908,YouTube,2026-08-11 23:41:46,Academic Stress,The truth about academic stress,Let's talk about academic stress. #growth #mentalhealth,Organic,Single Image,Question Hook,0.0,Night (9 PM-12 AM),257537,28127,4682,5308,8963,1183,2529,0.38,9,#AcademicStress #struggle,Link in bio,Emotion + Personal Story,General
CONTENT_7A7D74E1,YouTube,2026-05-29 23:41:46,Overthinking,The truth about overthinking,Let's talk about overthinking. #growth #mentalhealth,Organic,Short Video,Visual Hook,36.6,Evening (5-8 PM),2323,199,43,63,119,46266,46311,0.75,3,#Overthinking #struggle,Link in bio,Short & Punchy,Millennials
CONTENT_4F12409E,Instagram,2026-03-19 23:41:46,Self Confidence,The truth about self confidence,Let's talk about self confidence. #growth #mentalhealth,Organic,Carousel,Audio Hook,0.0,Afternoon (12-4 PM),10895,1590,95,470,434,42500,42733,0.37,7,#SelfConfidence #struggle,Save for later,Educational / Tips,Students
CONTENT_910CE2C0,YouTube,2026-08-28 23:41:46,Productivity,The truth about productivity,Let's talk about productivity. #growth #mentalhealth,Organic,Short Video,Story Hook,40.5,Morning (8-11 AM),447,43,7,11,4,7866,7868,0.46,6,#Productivity #struggle,Comment your thoughts,Question to Audience,Students
CONTENT_3BF6A757,Instagram,2026-06-13 23:41:46,Social Anxiety,The truth about social anxiety,Let's talk about social anxiety. #growth #mentalhealth,Organic,Single Image,Text Hook,0.0,Night (9 PM-12 AM),5250,504,50,209,197,40776,40814,0.48,5,#SocialAnxiety #struggle,Link in bio,Educational / Tips,Millennials
CONTENT_BF48B4CA,TikTok,2026-08-05 23:41:46,Career Pressure,The truth about career pressure,Let's talk about career pressure. #growth #mentalhealth,Organic,Long Video,Story Hook,464.5,Afternoon (12-4 PM),4555,268,81,15,149,21977,21992,0.5,6,#CareerPressure #struggle,None,Educational / Tips,Professionals
CONTENT_0F12C331,Instagram,2026-04-14 23:41:46,Loneliness,The truth about loneliness,Let's talk about loneliness. #growth #mentalhealth,Organic,Short Video,Question Hook,58.4,Evening (5-8 PM),129470,13566,2090,10652,11608,37535,41907,0.31,8,#Loneliness #struggle,Link in bio,Short & Punchy,Millennials
CONTENT_62BF745A,TikTok,2026-09-04 23:41:46,Social Anxiety,The truth about social anxiety,Let's talk about social anxiety. #growth #mentalhealth,Organic,Carousel,Visual Hook,0.0,Morning (8-11 AM),9765,1205,117,533,842,41557,41872,0.5,4,#SocialAnxiety #struggle,Comment your thoughts,Question to Audience,Gen Z
CONTENT_5D2950FE,Instagram,2026-07-07 23:41:46,Financial Stress,The truth about financial stress,Let's talk about financial stress. #growth #mentalhealth,Organic,Short Video,Story Hook,43.5,Evening (5-8 PM),199,28,2,8,9,18375,18379,0.74,3,#FinancialStress #struggle,Follow for more,Long-form vulnerable,Students
CONTENT_BA9E021E,YouTube,2026-03-15 23:41:46,Social Anxiety,The truth about social anxiety,Let's talk about social anxiety. #growth #mentalhealth,Organic,Carousel,Story Hook,0.0,Afternoon (12-4 PM),165439,23197,2088,19359,4502,7402,14100,0.46,4,#SocialAnxiety #struggle,Share this,Long-form vulnerable,Millennials
CONTENT_CAE93F3F,TikTok,2026-07-26 23:41:46,Career Pressure,The truth about career pressure,Let's talk about career pressure. #growth #mentalhealth,Organic,Long Video,Text Hook,488.2,Evening (5-8 PM),3752,511,66,33,139,6906,6943,0.24,2,#CareerPressure #struggle,Link in bio,Long-form vulnerable,Students
CONTENT_C286344D,TikTok,2026-06-05 23:41:46,Self Confidence,The truth about self confidence,Let's talk about self confidence. #growth #mentalhealth,Organic,Short Video,Question Hook,49.3,Evening (5-8 PM),219696,22715,1301,918,6957,42401,44176,0.43,7,#SelfConfidence #struggle,Link in bio,Question to Audience,Millennials
CONTENT_C9DAF8C0,YouTube,2026-08-14 23:41:46,Loneliness,The truth about loneliness,Let's talk about loneliness. #growth #mentalhealth,Organic,Long Video,Story Hook,254.4,Evening (5-8 PM),3558,248,51,140,108,19642,19668,0.33,6,#Loneliness #struggle,None,Emotion + Personal Story,Millennials
CONTENT_C3B8823B,YouTube,2026-03-14 23:41:46,Self Confidence,The truth about self confidence,Let's talk about self confidence. #growth #mentalhealth,Organic,Short Video,Question Hook,43.0,Morning (8-11 AM),4611,492,74,114,217,30011,30074,0.38,1,#SelfConfidence #struggle,Link in bio,Educational / Tips,General
CONTENT_7277FB9B,YouTube,2026-08-05 23:41:46,Productivity,The truth about productivity,Let's talk about productivity. #growth #mentalhealth,Organic,Carousel,Visual Hook,0.0,Morning (8-11 AM),8750,1059,130,366,134,7256,7345,0.26,8,#Productivity #struggle,Link in bio,Short & Punchy,Gen Z
CONTENT_9F5B547B,TikTok,2026-04-29 23:41:46,Academic Stress,The truth about academic stress,Let's talk about academic stress. #growth #mentalhealth,Organic,Short Video,Question Hook,27.2,Night (9 PM-12 AM),6847,918,35,106,341,7074,7153,0.42,5,#AcademicStress #struggle,Save for later,Short & Punchy,Millennials
CONTENT_5D4E5F6E,TikTok,2026-04-17 23:41:46,Self Confidence,The truth about self confidence,Let's talk about self confidence. #growth #mentalhealth,Organic,Short Video,Story Hook,22.7,Morning (8-11 AM),1815,176,18,32,54,13270,13293,0.71,5,#SelfConfidence #struggle,None,Emotion + Personal Story,Gen Z
CONTENT_7B708EA9,YouTube,2026-06-18 23:41:46,Academic Stress,The truth about academic stress,Let's talk about academic stress. #growth #mentalhealth,Organic,Carousel,Story Hook,0.0,Afternoon (12-4 PM),6139,492,87,224,275,22658,22730,0.31,7,#AcademicStress #struggle,None,Long-form vulnerable,Millennials
CONTENT_1FD17B99,Instagram,2026-08-06 23:41:46,Overthinking,The truth about overthinking,Let's talk about overthinking. #growth #mentalhealth,Organic,Long Video,Audio Hook,329.4,Morning (8-11 AM),19072,2162,158,1808,915,24091,24703,0.46,5,#Overthinking #struggle,Save for later,Educational / Tips,General
CONTENT_FCA8DAEC,YouTube,2026-06-06 23:41:46,Overthinking,The truth about overthinking,Let's talk about overthinking. #growth #mentalhealth,Organic,Short Video,Visual Hook,20.9,Morning (8-11 AM),5578,398,64,310,67,22695,22754,0.67,1,#Overthinking #struggle,Follow for more,Question to Audience,General
CONTENT_63618C3F,YouTube,2026-06-15 23:41:46,Overthinking,The truth about overthinking,Let's talk about overthinking. #growth #mentalhealth,Organic,Carousel,Story Hook,0.0,Night (9 PM-12 AM),31039,1957,453,2679,138,26444,26740,0.47,3,#Overthinking #struggle,Save for later,Short & Punchy,Professionals
CONTENT_086C1702,YouTube,2026-08-11 23:41:46,Overthinking,The truth about overthinking,Let's talk about overthinking. #growth #mentalhealth,Organic,Short Video,Audio Hook,21.3,Morning (8-11 AM),47704,5866,356,2260,1123,46073,46958,0.65,8,#Overthinking #struggle,Save for later,Question to Audience,Students
CONTENT_CF785BAF,TikTok,2026-06-20 23:41:46,Overthinking,The truth about overthinking,Let's talk about overthinking. #growth #mentalhealth,Organic,Short Video,Audio Hook,34.7,Evening (5-8 PM),25410,1741,494,1678,88,29750,30216,0.59,8,#Overthinking #struggle,Comment your thoughts,Educational / Tips,Millennials
CONTENT_3D92F207,YouTube,2026-07-25 23:41:46,Academic Stress,The truth about academic stress,Let's talk about academic stress. #growth #mentalhealth,Organic,Carousel,Audio Hook,0.0,Evening (5-8 PM),43641,2563,583,1186,2014,42521,43124,0.47,5,#AcademicStress #struggle,Share this,Educational / Tips,Students
CONTENT_BED028F0,TikTok,2026-08-15 23:41:46,Productivity,The truth about productivity,Let's talk about productivity. #growth #mentalhealth,Organic,Short Video,Audio Hook,46.9,Morning (8-11 AM),6654,585,35,98,245,32971,33035,0.43,2,#Productivity #struggle,Save for later,Short & Punchy,General
CONTENT_93525CB4,Instagram,2026-03-27 23:41:46,Dating,The truth about dating,Let's talk about dating. #growth #mentalhealth,Organic,Long Video,Story Hook,498.2,Afternoon (12-4 PM),33219,4197,508,763,1470,9486,9850,0.3,6,#Dating #struggle,Follow for more,Short & Punchy,Students
CONTENT_F47E3330,Instagram,2026-03-21 23:41:46,Overthinking,The truth about overthinking,Let's talk about overthinking. #growth #mentalhealth,Organic,Long Video,Visual Hook,525.8,Evening (5-8 PM),49207,6508,744,1571,4105,17746,18776,0.24,3,#Overthinking #struggle,Link in bio,Long-form vulnerable,Millennials
CONTENT_CE582144,Instagram,2026-06-30 23:41:46,Career Pressure,The truth about career pressure,Let's talk about career pressure. #growth #mentalhealth,Organic,Short Video,Text Hook,31.4,Morning (8-11 AM),3864,453,19,88,66,8464,8506,0.34,1,#CareerPressure #struggle,Link in bio,Educational / Tips,Students
CONTENT_8AF926F4,Instagram,2026-04-17 23:41:46,Productivity,The truth about productivity,Let's talk about productivity. #growth #mentalhealth,Organic,Short Video,Audio Hook,25.1,Morning (8-11 AM),3198,446,35,64,132,30513,30551,0.63,5,#Productivity #struggle,Comment your thoughts,Question to Audience,Students
CONTENT_0EE752C7,YouTube,2026-05-03 23:41:46,Academic Stress,The truth about academic stress,Let's talk about academic stress. #growth #mentalhealth,Organic,Short Video,Question Hook,40.2,Afternoon (12-4 PM),152,16,1,3,7,9308,9309,0.36,6,#AcademicStress #struggle,Share this,Short & Punchy,Millennials
CONTENT_740A5E6B,TikTok,2026-05-04 23:41:46,Overthinking,The truth about overthinking,Let's talk about overthinking. #growth #mentalhealth,Organic,Short Video,Visual Hook,39.3,Evening (5-8 PM),9425,1209,128,864,340,43733,43865,0.8,4,#Overthinking #struggle,Share this,Short & Punchy,Millennials
CONTENT_BB305216,YouTube,2026-08-02 23:41:46,Career Pressure,The truth about career pressure,Let's talk about career pressure. #growth #mentalhealth,Organic,Short Video,Story Hook,36.7,Night (9 PM-12 AM),1570,124,17,43,43,46948,46964,0.78,6,#CareerPressure #struggle,Comment your thoughts,Long-form vulnerable,Gen Z
CONTENT_F49E36A3,Instagram,2026-05-19 23:41:46,Financial Stress,The truth about financial stress,Let's talk about financial stress. #growth #mentalhealth,Organic,Short Video,Question Hook,39.5,Evening (5-8 PM),5307,287,74,99,108,28757,28800,0.43,7,#FinancialStress #struggle,None,Long-form vulnerable,Gen Z
CONTENT_2983156B,Instagram,2026-04-12 23:41:46,Academic Stress,The truth about academic stress,Let's talk about academic stress. #growth #mentalhealth,Organic,Carousel,Text Hook,0.0,Afternoon (12-4 PM),1898,238,12,30,10,3629,3640,0.33,3,#AcademicStress #struggle,Share this,Educational / Tips,Students
CONTENT_378562F8,Instagram,2026-03-18 23:41:46,Self Confidence,The truth about self confidence,Let's talk about self confidence. #growth #mentalhealth,Organic,Long Video,Text Hook,178.3,Morning (8-11 AM),5721,528,72,39,248,33375,33431,0.28,4,#SelfConfidence #struggle,Comment your thoughts,Emotion + Personal Story,General
CONTENT_0EDA1EE1,TikTok,2026-03-24 23:41:46,Relationships,The truth about relationships,Let's talk about relationships. #growth #mentalhealth,Organic,Carousel,Story Hook,0.0,Morning (8-11 AM),76750,4780,481,3116,1067,34538,35422,0.33,5,#Relationships #struggle,None,Educational / Tips,Gen Z
CONTENT_A533E633,TikTok,2026-07-29 23:41:46,Social Anxiety,The truth about social anxiety,Let's talk about social anxiety. #growth #mentalhealth,Organic,Short Video,Audio Hook,21.8,Afternoon (12-4 PM),42435,5563,281,181,1406,41430,41631,0.57,4,#SocialAnxiety #struggle,None,Short & Punchy,General
CONTENT_908BF8AD,YouTube,2026-07-10 23:41:46,Financial Stress,The truth about financial stress,Let's talk about financial stress. #growth #mentalhealth,Organic,Short Video,Visual Hook,54.3,Morning (8-11 AM),17907,1817,124,593,355,8015,8166,0.72,4,#FinancialStress #struggle,None,Short & Punchy,Gen Z
CONTENT_79E4C5E0,TikTok,2026-08-17 23:41:46,Academic Stress,The truth about academic stress,Let's talk about academic stress. #growth #mentalhealth,Organic,Short Video,Audio Hook,32.4,Afternoon (12-4 PM),7618,1119,40,21,350,40326,40373,0.38,9,#AcademicStress #struggle,None,Question to Audience,Millennials
CONTENT_A98B2C24,YouTube,2026-04-23 23:41:46,Social Anxiety,The truth about social anxiety,Let's talk about social anxiety. #growth #mentalhealth,Organic,Short Video,Text Hook,35.9,Night (9 PM-12 AM),26075,2825,240,1838,98,16819,17290,0.48,1,#SocialAnxiety #struggle,Comment your thoughts,Emotion + Personal Story,Professionals
CONTENT_9337351C,Instagram,2026-07-04 23:41:46,Relationships,The truth about relationships,Let's talk about relationships. #growth #mentalhealth,Organic,Short Video,Text Hook,45.5,Night (9 PM-12 AM),2401,240,46,107,74,11832,11882,0.45,5,#Relationships #struggle,Link in bio,Question to Audience,Professionals
CONTENT_6627FBB9,YouTube,2026-09-03 23:41:46,Productivity,The truth about productivity,Let's talk about productivity. #growth #mentalhealth,Organic,Short Video,Question Hook,28.7,Afternoon (12-4 PM),2941,426,18,51,23,5352,5374,0.58,6,#Productivity #struggle,None,Short & Punchy,Gen Z
CONTENT_3211A60A,Instagram,2026-04-15 23:41:46,Loneliness,The truth about loneliness,Let's talk about loneliness. #growth #mentalhealth,Organic,Short Video,Story Hook,54.9,Afternoon (12-4 PM),48866,6415,331,3590,1505,4307,5502,0.51,8,#Loneliness #struggle,Follow for more,Educational / Tips,Students
CONTENT_C020706D,YouTube,2026-07-19 23:41:46,Career Pressure,The truth about career pressure,Let's talk about career pressure. #growth #mentalhealth,Organic,Short Video,Audio Hook,23.1,Night (9 PM-12 AM),3338,351,40,94,111,30533,30575,0.69,8,#CareerPressure #struggle,None,Emotion + Personal Story,Millennials
CONTENT_32347A8B,YouTube,2026-06-01 23:41:46,Dating,The truth about dating,Let's talk about dating. #growth #mentalhealth,Organic,Short Video,Question Hook,40.2,Afternoon (12-4 PM),1194,75,15,19,8,20644,20651,0.56,4,#Dating #struggle,Link in bio,Educational / Tips,General
CONTENT_685E49E4,Instagram,2026-07-03 23:41:46,Academic Stress,The truth about academic stress,Let's talk about academic stress. #growth #mentalhealth,Organic,Short Video,Audio Hook,26.9,Afternoon (12-4 PM),3533,352,39,85,81,29931,29954,0.35,9,#AcademicStress #struggle,Link in bio,Long-form vulnerable,Professionals
CONTENT_E6F9A7AE,Instagram,2026-05-14 23:41:46,Overthinking,The truth about overthinking,Let's talk about overthinking. #growth #mentalhealth,Organic,Long Video,Audio Hook,510.7,Night (9 PM-12 AM),11080,1370,91,860,811,45158,45332,0.44,4,#Overthinking #struggle,Share this,Long-form vulnerable,Professionals
CONTENT_7D895BC5,TikTok,2026-07-23 23:41:46,Loneliness,The truth about loneliness,Let's talk about loneliness. #growth #mentalhealth,Organic,Short Video,Visual Hook,44.8,Night (9 PM-12 AM),4181,582,80,11,48,9685,9692,0.68,5,#Loneliness #struggle,Comment your thoughts,Question to Audience,General
CONTENT_3BC5D559,TikTok,2026-03-28 23:41:46,Relationships,The truth about relationships,Let's talk about relationships. #growth #mentalhealth,Organic,Long Video,Story Hook,588.1,Morning (8-11 AM),37438,4612,602,1214,1538,28280,28844,0.24,3,#Relationships #struggle,None,Emotion + Personal Story,Students
CONTENT_4E4E87F7,Instagram,2026-06-08 23:41:46,Overthinking,The truth about overthinking,Let's talk about overthinking. #growth #mentalhealth,Organic,Short Video,Text Hook,59.9,Afternoon (12-4 PM),71785,5675,658,7130,6427,42534,45034,0.61,8,#Overthinking #struggle,None,Question to Audience,Professionals
CONTENT_AE7E1857,TikTok,2026-06-04 23:41:46,Social Anxiety,The truth about social anxiety,Let's talk about social anxiety. #growth #mentalhealth,Organic,Single Image,Question Hook,0.0,Night (9 PM-12 AM),86140,7260,1429,952,3423,40386,41060,0.19,5,#SocialAnxiety #struggle,Follow for more,Long-form vulnerable,General
CONTENT_DE020175,YouTube,2026-08-09 23:41:46,Social Anxiety,The truth about social anxiety,Let's talk about social anxiety. #growth #mentalhealth,Organic,Short Video,Text Hook,51.1,Afternoon (12-4 PM),22688,3220,294,1981,1964,39957,40375,0.61,1,#SocialAnxiety #struggle,Save for later,Emotion + Personal Story,Professionals
CONTENT_E4164C8A,Instagram,2026-07-07 23:41:46,Productivity,The truth about productivity,Let's talk about productivity. #growth #mentalhealth,Organic,Carousel,Visual Hook,0.0,Evening (5-8 PM),7418,1078,137,51,301,21426,21501,0.41,1,#Productivity #struggle,Save for later,Emotion + Personal Story,Millennials
CONTENT_445F0A74,TikTok,2026-04-01 23:41:46,Overthinking,The truth about overthinking,Let's talk about overthinking. #growth #mentalhealth,Organic,Single Image,Audio Hook,0.0,Night (9 PM-12 AM),29083,3567,451,2871,1610,21455,21896,0.41,1,#Overthinking #struggle,Save for later,Emotion + Personal Story,Gen Z
CONTENT_537F7C6C,TikTok,2026-08-09 23:41:46,Social Anxiety,The truth about social anxiety,Let's talk about social anxiety. #growth #mentalhealth,Organic,Short Video,Visual Hook,15.3,Night (9 PM-12 AM),4020,586,77,343,148,29500,29579,0.74,9,#SocialAnxiety #struggle,Share this,Emotion + Personal Story,General
CONTENT_C1A38EE3,YouTube,2026-05-24 23:41:46,Career Pressure,The truth about career pressure,Let's talk about career pressure. #growth #mentalhealth,Organic,Short Video,Question Hook,46.1,Evening (5-8 PM),9373,529,183,53,194,47994,48047,0.35,5,#CareerPressure #struggle,Link in bio,Question to Audience,General
CONTENT_5528DE91,TikTok,2026-08-31 23:41:46,Self Confidence,The truth about self confidence,Let's talk about self confidence. #growth #mentalhealth,Organic,Short Video,Text Hook,59.5,Afternoon (12-4 PM),27383,2001,177,164,1016,7654,7756,0.63,8,#SelfConfidence #struggle,Follow for more,Educational / Tips,Professionals
CONTENT_C6231BBA,Instagram,2026-06-08 23:41:46,Overthinking,The truth about overthinking,Let's talk about overthinking. #growth #mentalhealth,Organic,Carousel,Story Hook,0.0,Afternoon (12-4 PM),7151,909,91,79,318,12221,12272,0.35,5,#Overthinking #struggle,Link in bio,Question to Audience,Students
CONTENT_A8A4F3C4,TikTok,2026-05-16 23:41:46,Overthinking,The truth about overthinking,Let's talk about overthinking. #growth #mentalhealth,Organic,Short Video,Story Hook,39.7,Afternoon (12-4 PM),71297,8402,1376,460,1681,34434,34755,0.74,5,#Overthinking #struggle,Save for later,Question to Audience,Students
CONTENT_8EBD56BA,Instagram,2026-08-13 23:41:46,Social Anxiety,The truth about social anxiety,Let's talk about social anxiety. #growth #mentalhealth,Organic,Short Video,Text Hook,19.3,Morning (8-11 AM),34290,3042,491,1517,1275,18352,19073,0.43,9,#SocialAnxiety #struggle,Comment your thoughts,Question to Audience,General
CONTENT_215B9A14,YouTube,2026-03-16 23:41:46,Dating,The truth about dating,Let's talk about dating. #growth #mentalhealth,Organic,Short Video,Audio Hook,33.1,Night (9 PM-12 AM),21147,1928,111,730,889,15860,16124,0.59,8,#Dating #struggle,Link in bio,Educational / Tips,Gen Z
CONTENT_1E36FB7A,TikTok,2026-05-25 23:41:46,Loneliness,The truth about loneliness,Let's talk about loneliness. #growth #mentalhealth,Organic,Carousel,Audio Hook,0.0,Morning (8-11 AM),10935,639,72,721,858,49708,50065,0.39,1,#Loneliness #struggle,Share this,Educational / Tips,Millennials
CONTENT_C641CA22,TikTok,2026-06-03 23:41:46,Relationships,The truth about relationships,Let's talk about relationships. #growth #mentalhealth,Organic,Short Video,Visual Hook,26.9,Night (9 PM-12 AM),78382,10241,740,310,2955,13767,14256,0.67,2,#Relationships #struggle,None,Emotion + Personal Story,Gen Z
CONTENT_B98EAE33,TikTok,2026-08-16 23:41:46,Financial Stress,The truth about financial stress,Let's talk about financial stress. #growth #mentalhealth,Organic,Short Video,Audio Hook,50.4,Night (9 PM-12 AM),2306,163,18,54,91,38069,38100,0.6,4,#FinancialStress #struggle,Link in bio,Emotion + Personal Story,Professionals
CONTENT_3D155886,TikTok,2026-05-21 23:41:46,Overthinking,The truth about overthinking,Let's talk about overthinking. #growth #mentalhealth,Organic,Short Video,Text Hook,44.3,Evening (5-8 PM),52821,6923,610,195,4160,42412,42900,0.5,3,#Overthinking #struggle,Save for later,Emotion + Personal Story,Millennials
CONTENT_D77A326F,Instagram,2026-05-21 23:41:46,Self Confidence,The truth about self confidence,Let's talk about self confidence. #growth #mentalhealth,Organic,Short Video,Visual Hook,35.9,Afternoon (12-4 PM),43811,2843,848,2019,1598,35621,36321,0.57,8,#SelfConfidence #struggle,Comment your thoughts,Educational / Tips,Gen Z
CONTENT_7574EA21,Instagram,2026-05-30 23:41:46,Self Confidence,The truth about self confidence,Let's talk about self confidence. #growth #mentalhealth,Organic,Short Video,Text Hook,18.3,Night (9 PM-12 AM),38794,4314,513,1866,1507,11473,12308,0.53,3,#SelfConfidence #struggle,Share this,Long-form vulnerable,Gen Z
CONTENT_94E96087,Instagram,2026-05-10 23:41:46,Career Pressure,The truth about career pressure,Let's talk about career pressure. #growth #mentalhealth,Organic,Carousel,Text Hook,0.0,Evening (5-8 PM),935,57,5,37,14,1443,1450,0.24,3,#CareerPressure #struggle,None,Long-form vulnerable,Millennials
CONTENT_48ABCBA4,TikTok,2026-08-03 23:41:46,Dating,The truth about dating,Let's talk about dating. #growth #mentalhealth,Organic,Short Video,Question Hook,46.8,Evening (5-8 PM),7244,907,82,277,131,48621,48724,0.44,8,#Dating #struggle,None,Educational / Tips,Professionals
CONTENT_5D5DE216,YouTube,2026-08-12 23:41:46,Dating,The truth about dating,Let's talk about dating. #growth #mentalhealth,Organic,Long Video,Audio Hook,219.3,Morning (8-11 AM),11367,1286,111,74,112,2002,2028,0.42,1,#Dating #struggle,Save for later,Educational / Tips,Professionals
CONTENT_6AC6BC16,Instagram,2026-04-05 23:41:46,Social Anxiety,The truth about social anxiety,Let's talk about social anxiety. #growth #mentalhealth,Organic,Long Video,Question Hook,491.8,Afternoon (12-4 PM),6873,1001,114,274,272,16494,16555,0.16,2,#SocialAnxiety #struggle,Share this,Educational / Tips,Millennials
CONTENT_5456405B,TikTok,2026-05-04 23:41:46,Loneliness,The truth about loneliness,Let's talk about loneliness. #growth #mentalhealth,Organic,Short Video,Audio Hook,25.4,Afternoon (12-4 PM),1833,204,32,83,48,31129,31150,0.44,8,#Loneliness #struggle,Link in bio,Emotion + Personal Story,Millennials
CONTENT_6A312AA9,Instagram,2026-07-06 23:41:46,Dating,The truth about dating,Let's talk about dating. #growth #mentalhealth,Organic,Short Video,Text Hook,38.1,Evening (5-8 PM),14934,1521,209,68,537,3076,3194,0.64,7,#Dating #struggle,Link in bio,Long-form vulnerable,Gen Z
CONTENT_A18A379D,Instagram,2026-06-10 23:41:46,Dating,The truth about dating,Let's talk about dating. #growth #mentalhealth,Organic,Single Image,Visual Hook,0.0,Morning (8-11 AM),72918,6924,1245,1119,2500,16015,16819,0.32,5,#Dating #struggle,Link in bio,Emotion + Personal Story,General
CONTENT_399024E4,YouTube,2026-04-16 23:41:46,Productivity,The truth about productivity,Let's talk about productivity. #growth #mentalhealth,Organic,Carousel,Audio Hook,0.0,Night (9 PM-12 AM),1873,191,33,42,70,7105,7116,0.35,9,#Productivity #struggle,Save for later,Educational / Tips,Gen Z
CONTENT_7D1837F6,YouTube,2026-05-08 23:41:46,Loneliness,The truth about loneliness,Let's talk about loneliness. #growth #mentalhealth,Organic,Carousel,Question Hook,0.0,Morning (8-11 AM),47304,6387,488,4624,549,10560,11549,0.2,6,#Loneliness #struggle,Link in bio,Long-form vulnerable,Gen Z
CONTENT_934AAD46,TikTok,2026-06-27 23:41:46,Overthinking,The truth about overthinking,Let's talk about overthinking. #growth #mentalhealth,Organic,Short Video,Question Hook,53.5,Night (9 PM-12 AM),12398,1447,206,674,894,25853,26078,0.69,7,#Overthinking #struggle,Link in bio,Question to Audience,Gen Z
CONTENT_EF18555A,Instagram,2026-07-24 23:41:46,Financial Stress,The truth about financial stress,Let's talk about financial stress. #growth #mentalhealth,Organic,Short Video,Text Hook,19.5,Evening (5-8 PM),7572,659,42,301,372,6397,6568,0.61,4,#FinancialStress #struggle,Save for later,Short & Punchy,Gen Z
CONTENT_73A3DFB8,Instagram,2026-07-09 23:41:46,Overthinking,The truth about overthinking,Let's talk about overthinking. #growth #mentalhealth,Organic,Long Video,Audio Hook,595.1,Afternoon (12-4 PM),5355,677,88,282,188,36056,36135,0.22,5,#Overthinking #struggle,Share this,Educational / Tips,Millennials
CONTENT_AD98B154,YouTube,2026-08-28 23:41:46,Career Pressure,The truth about career pressure,Let's talk about career pressure. #growth #mentalhealth,Organic,Carousel,Visual Hook,0.0,Evening (5-8 PM),1218,72,13,36,21,48482,48492,0.44,4,#CareerPressure #struggle,Comment your thoughts,Emotion + Personal Story,Students
CONTENT_06495BC2,YouTube,2026-03-11 23:41:46,Self Confidence,The truth about self confidence,Let's talk about self confidence. #growth #mentalhealth,Organic,Short Video,Text Hook,30.8,Evening (5-8 PM),57500,5288,449,2612,2576,9967,11334,0.39,8,#SelfConfidence #struggle,Link in bio,Question to Audience,Professionals
CONTENT_16681DF5,TikTok,2026-08-23 23:41:46,Social Anxiety,The truth about social anxiety,Let's talk about social anxiety. #growth #mentalhealth,Organic,Single Image,Story Hook,0.0,Morning (8-11 AM),2624,389,47,51,164,33830,33862,0.45,9,#SocialAnxiety #struggle,Follow for more,Long-form vulnerable,Professionals
CONTENT_A62F0931,YouTube,2026-09-05 23:41:46,Productivity,The truth about productivity,Let's talk about productivity. #growth #mentalhealth,Organic,Carousel,Text Hook,0.0,Night (9 PM-12 AM),2313,127,43,99,30,48969,48994,0.1,3,#Productivity #struggle,Comment your thoughts,Educational / Tips,Gen Z
CONTENT_337E522C,TikTok,2026-05-11 23:41:46,Loneliness,The truth about loneliness,Let's talk about loneliness. #growth #mentalhealth,Organic,Carousel,Audio Hook,0.0,Morning (8-11 AM),19959,1649,123,338,1498,49232,49504,0.2,5,#Loneliness #struggle,Follow for more,Long-form vulnerable,General
CONTENT_36C3333B,Instagram,2026-06-09 23:41:46,Financial Stress,The truth about financial stress,Let's talk about financial stress. #growth #mentalhealth,Organic,Long Video,Visual Hook,536.9,Evening (5-8 PM),14410,741,233,551,360,22207,22369,0.45,1,#FinancialStress #struggle,Share this,Question to Audience,Students
CONTENT_7855D3C4,Instagram,2026-04-12 23:41:46,Financial Stress,The truth about financial stress,Let's talk about financial stress. #growth #mentalhealth,Organic,Short Video,Text Hook,57.3,Evening (5-8 PM),33685,4619,586,1000,1250,36268,36688,0.57,1,#FinancialStress #struggle,Link in bio,Short & Punchy,Gen Z
CONTENT_BA59AD6D,Instagram,2026-05-05 23:41:46,Career Pressure,The truth about career pressure,Let's talk about career pressure. #growth #mentalhealth,Organic,Long Video,Question Hook,140.9,Evening (5-8 PM),4333,278,28,185,156,9849,9903,0.49,5,#CareerPressure #struggle,Comment your thoughts,Emotion + Personal Story,General
CONTENT_3589B567,TikTok,2026-08-31 23:41:46,Career Pressure,The truth about career pressure,Let's talk about career pressure. #growth #mentalhealth,Organic,Long Video,Text Hook,387.1,Morning (8-11 AM),11067,1503,163,45,361,4800,4850,0.31,8,#CareerPressure #struggle,Save for later,Educational / Tips,General
CONTENT_3D6290A9,TikTok,2026-09-03 23:41:46,Overthinking,The truth about overthinking,Let's talk about overthinking. #growth #mentalhealth,Organic,Long Video,Story Hook,415.8,Morning (8-11 AM),17125,929,193,1505,1211,17277,17801,0.53,4,#Overthinking #struggle,Follow for more,Question to Audience,Gen Z
CONTENT_44B51CA5,TikTok,2026-08-20 23:41:46,Loneliness,The truth about loneliness,Let's talk about loneliness. #growth #mentalhealth,Organic,Short Video,Audio Hook,22.7,Morning (8-11 AM),2811,418,46,124,152,26600,26631,0.6,9,#Loneliness #struggle,None,Short & Punchy,General
CONTENT_CC10C074,YouTube,2026-07-07 23:41:46,Career Pressure,The truth about career pressure,Let's talk about career pressure. #growth #mentalhealth,Organic,Short Video,Audio Hook,30.7,Afternoon (12-4 PM),4635,272,80,91,8,46331,46357,0.41,7,#CareerPressure #struggle,None,Educational / Tips,Professionals
CONTENT_A3E4A1D2,TikTok,2026-08-27 23:41:46,Overthinking,The truth about overthinking,Let's talk about overthinking. #growth #mentalhealth,Organic,Long Video,Text Hook,367.8,Evening (5-8 PM),1488,88,21,147,88,43381,43435,0.38,7,#Overthinking #struggle,Follow for more,Question to Audience,General
CONTENT_0EF6BDFF,Instagram,2026-03-13 23:41:46,Self Confidence,The truth about self confidence,Let's talk about self confidence. #growth #mentalhealth,Organic,Short Video,Audio Hook,26.3,Morning (8-11 AM),8123,625,76,180,194,31804,31867,0.45,6,#SelfConfidence #struggle,Comment your thoughts,Long-form vulnerable,Professionals
CONTENT_B336D87E,Instagram,2026-08-14 23:41:46,Relationships,The truth about relationships,Let's talk about relationships. #growth #mentalhealth,Organic,Short Video,Story Hook,52.3,Afternoon (12-4 PM),4093,337,34,63,135,7473,7511,0.79,4,#Relationships #struggle,Share this,Long-form vulnerable,General
CONTENT_EBDF3F65,TikTok,2026-03-29 23:41:46,Self Confidence,The truth about self confidence,Let's talk about self confidence. #growth #mentalhealth,Organic,Carousel,Question Hook,0.0,Night (9 PM-12 AM),13097,1474,123,77,602,10752,10858,0.35,8,#SelfConfidence #struggle,Save for later,Question to Audience,Gen Z
CONTENT_38BE5C4C,TikTok,2026-05-13 23:41:46,Loneliness,The truth about loneliness,Let's talk about loneliness. #growth #mentalhealth,Organic,Short Video,Question Hook,28.6,Evening (5-8 PM),48890,5286,820,2905,3445,18852,19876,0.55,3,#Loneliness #struggle,Comment your thoughts,Question to Audience,Students
CONTENT_3B141564,Instagram,2026-08-10 23:41:46,Relationships,The truth about relationships,Let's talk about relationships. #growth #mentalhealth,Organic,Short Video,Visual Hook,20.9,Evening (5-8 PM),31090,2521,390,556,84,2178,2330,0.6,3,#Relationships #struggle,Link in bio,Long-form vulnerable,Gen Z
CONTENT_CDA57434,YouTube,2026-08-10 23:41:46,Academic Stress,The truth about academic stress,Let's talk about academic stress. #growth #mentalhealth,Organic,Carousel,Audio Hook,0.0,Evening (5-8 PM),165127,11699,2720,5965,7297,29830,31890,0.21,2,#AcademicStress #struggle,Link in bio,Emotion + Personal Story,Students
CONTENT_91E410FA,Instagram,2026-06-03 23:41:46,Self Confidence,The truth about self confidence,Let's talk about self confidence. #growth #mentalhealth,Organic,Short Video,Audio Hook,32.3,Afternoon (12-4 PM),6806,747,129,303,96,41151,41198,0.51,1,#SelfConfidence #struggle,None,Long-form vulnerable,Gen Z
CONTENT_3DEF0EDB,YouTube,2026-04-15 23:41:46,Social Anxiety,The truth about social anxiety,Let's talk about social anxiety. #growth #mentalhealth,Organic,Short Video,Visual Hook,48.1,Night (9 PM-12 AM),4555,656,36,52,36,20605,20632,0.74,3,#SocialAnxiety #struggle,Save for later,Educational / Tips,Professionals
CONTENT_E31A0CB0,YouTube,2026-03-30 23:41:46,Loneliness,The truth about loneliness,Let's talk about loneliness. #growth #mentalhealth,Organic,Short Video,Audio Hook,22.4,Night (9 PM-12 AM),26362,3202,356,1805,2735,24053,24714,0.41,2,#Loneliness #struggle,Save for later,Long-form vulnerable,Millennials
CONTENT_F68BD6F0,Instagram,2026-07-23 23:41:46,Academic Stress,The truth about academic stress,Let's talk about academic stress. #growth #mentalhealth,Organic,Short Video,Story Hook,57.4,Morning (8-11 AM),7767,1044,146,101,240,32170,32238,0.74,6,#AcademicStress #struggle,Save for later,Question to Audience,General
CONTENT_2FBC12D4,TikTok,2026-05-09 23:41:46,Relationships,The truth about relationships,Let's talk about relationships. #growth #mentalhealth,Organic,Short Video,Visual Hook,18.2,Evening (5-8 PM),16404,1372,267,137,726,10460,10566,0.42,7,#Relationships #struggle,None,Long-form vulnerable,Gen Z
CONTENT_2F172E99,YouTube,2026-04-23 23:41:46,Productivity,The truth about productivity,Let's talk about productivity. #growth #mentalhealth,Organic,Long Video,Audio Hook,222.7,Afternoon (12-4 PM),1808,131,35,73,65,30256,30274,0.39,3,#Productivity #struggle,Follow for more,Short & Punchy,Gen Z
CONTENT_018B43DF,YouTube,2026-06-23 23:41:46,Social Anxiety,The truth about social anxiety,Let's talk about social anxiety. #growth #mentalhealth,Organic,Carousel,Visual Hook,0.0,Afternoon (12-4 PM),35640,3479,204,1217,561,44209,44532,0.5,1,#SocialAnxiety #struggle,Follow for more,Short & Punchy,Professionals
CONTENT_E21570AF,TikTok,2026-05-14 23:41:46,Social Anxiety,The truth about social anxiety,Let's talk about social anxiety. #growth #mentalhealth,Organic,Long Video,Text Hook,388.9,Night (9 PM-12 AM),3906,548,72,303,260,27201,27334,0.13,8,#SocialAnxiety #struggle,Share this,Short & Punchy,Millennials
CONTENT_0200793D,TikTok,2026-05-27 23:41:46,Financial Stress,The truth about financial stress,Let's talk about financial stress. #growth #mentalhealth,Organic,Single Image,Audio Hook,0.0,Afternoon (12-4 PM),8881,770,117,48,335,10157,10189,0.41,9,#FinancialStress #struggle,None,Emotion + Personal Story,Students
CONTENT_74DF56AF,TikTok,2026-05-01 23:41:46,Overthinking,The truth about overthinking,Let's talk about overthinking. #growth #mentalhealth,Organic,Carousel,Question Hook,0.0,Morning (8-11 AM),6151,719,92,208,139,5260,5319,0.37,4,#Overthinking #struggle,Save for later,Emotion + Personal Story,Gen Z
CONTENT_734BC8E2,Instagram,2026-04-25 23:41:46,Dating,The truth about dating,Let's talk about dating. #growth #mentalhealth,Organic,Carousel,Visual Hook,0.0,Evening (5-8 PM),56384,3910,449,2610,3243,9916,10578,0.34,4,#Dating #struggle,Save for later,Question to Audience,General
CONTENT_CC7F2342,Instagram,2026-06-14 23:41:46,Loneliness,The truth about loneliness,Let's talk about loneliness. #growth #mentalhealth,Organic,Carousel,Audio Hook,0.0,Evening (5-8 PM),22588,2156,234,2207,364,22621,23359,0.49,3,#Loneliness #struggle,None,Emotion + Personal Story,General
CONTENT_9DBEC011,TikTok,2026-07-01 23:41:46,Loneliness,The truth about loneliness,Let's talk about loneliness. #growth #mentalhealth,Organic,Long Video,Audio Hook,388.2,Afternoon (12-4 PM),12146,1599,211,409,537,10332,10460,0.12,4,#Loneliness #struggle,Link in bio,Emotion + Personal Story,General
CONTENT_8B013E0B,YouTube,2026-04-28 23:41:46,Social Anxiety,The truth about social anxiety,Let's talk about social anxiety. #growth #mentalhealth,Organic,Short Video,Story Hook,58.3,Afternoon (12-4 PM),11487,1163,82,526,886,6518,6688,0.57,4,#SocialAnxiety #struggle,Share this,Educational / Tips,Students
CONTENT_0F6516DA,TikTok,2026-07-16 23:41:46,Dating,The truth about dating,Let's talk about dating. #growth #mentalhealth,Organic,Short Video,Question Hook,44.5,Night (9 PM-12 AM),8056,620,143,187,67,22551,22603,0.38,5,#Dating #struggle,Comment your thoughts,Educational / Tips,Students
CONTENT_4D44615A,Instagram,2026-07-07 23:41:46,Loneliness,The truth about loneliness,Let's talk about loneliness. #growth #mentalhealth,Organic,Short Video,Question Hook,38.7,Morning (8-11 AM),48880,3460,831,659,2906,37497,37988,0.43,5,#Loneliness #struggle,Comment your thoughts,Educational / Tips,Professionals
CONTENT_E6936939,Instagram,2026-05-24 23:41:46,Social Anxiety,The truth about social anxiety,Let's talk about social anxiety. #growth #mentalhealth,Organic,Carousel,Story Hook,0.0,Morning (8-11 AM),23808,2887,434,670,2070,4370,4795,0.47,2,#SocialAnxiety #struggle,Share this,Educational / Tips,Students
CONTENT_7CC60054,YouTube,2026-08-12 23:41:46,Loneliness,The truth about loneliness,Let's talk about loneliness. #growth #mentalhealth,Organic,Carousel,Question Hook,0.0,Morning (8-11 AM),1903,111,19,181,202,39345,39405,0.15,2,#Loneliness #struggle,Save for later,Question to Audience,Millennials
CONTENT_EAF2C460,Instagram,2026-09-05 23:41:46,Relationships,The truth about relationships,Let's talk about relationships. #growth #mentalhealth,Organic,Short Video,Question Hook,30.2,Afternoon (12-4 PM),18402,2592,170,804,751,39207,39534,0.36,9,#Relationships #struggle,Share this,Educational / Tips,Millennials
CONTENT_7ED3C776,YouTube,2026-04-30 23:41:46,Overthinking,The truth about overthinking,Let's talk about overthinking. #growth #mentalhealth,Organic,Short Video,Audio Hook,31.9,Night (9 PM-12 AM),9880,1424,150,226,389,39973,40073,0.51,3,#Overthinking #struggle,Link in bio,Question to Audience,Professionals
CONTENT_0223D770,TikTok,2026-04-22 23:41:46,Career Pressure,The truth about career pressure,Let's talk about career pressure. #growth #mentalhealth,Organic,Long Video,Question Hook,155.5,Afternoon (12-4 PM),1745,98,22,25,59,33632,33649,0.35,9,#CareerPressure #struggle,None,Short & Punchy,General
CONTENT_D361D86C,YouTube,2026-04-30 23:41:46,Self Confidence,The truth about self confidence,Let's talk about self confidence. #growth #mentalhealth,Organic,Long Video,Audio Hook,333.3,Morning (8-11 AM),788,87,7,5,5,11928,11930,0.44,9,#SelfConfidence #struggle,Comment your thoughts,Long-form vulnerable,General
CONTENT_93B815D5,YouTube,2026-06-30 23:41:46,Dating,The truth about dating,Let's talk about dating. #growth #mentalhealth,Organic,Short Video,Audio Hook,43.1,Afternoon (12-4 PM),10855,1427,106,393,96,20192,20247,0.67,2,#Dating #struggle,Link in bio,Short & Punchy,Students
CONTENT_1499B806,Instagram,2026-04-11 23:41:46,Social Anxiety,The truth about social anxiety,Let's talk about social anxiety. #growth #mentalhealth,Organic,Short Video,Visual Hook,55.9,Evening (5-8 PM),1703,86,20,133,84,35813,35837,0.78,2,#SocialAnxiety #struggle,Follow for more,Short & Punchy,Millennials
CONTENT_BCBD0790,Instagram,2026-04-10 23:41:46,Relationships,The truth about relationships,Let's talk about relationships. #growth #mentalhealth,Organic,Short Video,Visual Hook,42.7,Evening (5-8 PM),30524,2248,554,1474,271,17775,18207,0.48,3,#Relationships #struggle,Comment your thoughts,Question to Audience,General
CONTENT_D484EBE1,YouTube,2026-04-22 23:41:46,Social Anxiety,The truth about social anxiety,Let's talk about social anxiety. #growth #mentalhealth,Organic,Short Video,Audio Hook,39.3,Evening (5-8 PM),35823,5291,491,2692,2750,17081,17799,0.47,2,#SocialAnxiety #struggle,Save for later,Emotion + Personal Story,Millennials
CONTENT_E267AC00,TikTok,2026-05-24 23:41:46,Career Pressure,The truth about career pressure,Let's talk about career pressure. #growth #mentalhealth,Organic,Short Video,Visual Hook,16.9,Morning (8-11 AM),23972,2719,417,777,1144,42351,42592,0.58,1,#CareerPressure #struggle,Comment your thoughts,Emotion + Personal Story,Millennials
CONTENT_4539350E,Instagram,2026-03-30 23:41:46,Dating,The truth about dating,Let's talk about dating. #growth #mentalhealth,Organic,Long Video,Story Hook,563.1,Afternoon (12-4 PM),153412,12722,1089,4564,2217,46606,47583,0.43,6,#Dating #struggle,Comment your thoughts,Educational / Tips,General
CONTENT_82198165,TikTok,2026-04-09 23:41:46,Dating,The truth about dating,Let's talk about dating. #growth #mentalhealth,Organic,Single Image,Text Hook,0.0,Morning (8-11 AM),91421,12933,1381,3695,4045,45985,47421,0.32,2,#Dating #struggle,Share this,Educational / Tips,Millennials
CONTENT_5FFAA59E,TikTok,2026-09-02 23:41:46,Self Confidence,The truth about self confidence,Let's talk about self confidence. #growth #mentalhealth,Organic,Short Video,Question Hook,22.6,Afternoon (12-4 PM),98321,11816,826,1824,575,20323,20919,0.49,4,#SelfConfidence #struggle,Comment your thoughts,Long-form vulnerable,Professionals
CONTENT_46C5B534,TikTok,2026-04-29 23:41:46,Social Anxiety,The truth about social anxiety,Let's talk about social anxiety. #growth #mentalhealth,Organic,Single Image,Text Hook,0.0,Morning (8-11 AM),9685,1282,159,1043,559,47526,47678,0.27,1,#SocialAnxiety #struggle,Share this,Emotion + Personal Story,General
CONTENT_525E949D,Instagram,2026-04-25 23:41:46,Career Pressure,The truth about career pressure,Let's talk about career pressure. #growth #mentalhealth,Organic,Short Video,Visual Hook,47.8,Night (9 PM-12 AM),6353,442,94,296,52,44585,44685,0.63,7,#CareerPressure #struggle,Comment your thoughts,Question to Audience,Millennials
CONTENT_DFDF5066,TikTok,2026-05-20 23:41:46,Relationships,The truth about relationships,Let's talk about relationships. #growth #mentalhealth,Organic,Short Video,Question Hook,53.1,Evening (5-8 PM),58900,4495,922,2765,71,8551,8979,0.31,1,#Relationships #struggle,Follow for more,Short & Punchy,Students
CONTENT_C5A6C86E,YouTube,2026-07-21 23:41:46,Overthinking,The truth about overthinking,Let's talk about overthinking. #growth #mentalhealth,Organic,Single Image,Visual Hook,0.0,Night (9 PM-12 AM),824,103,7,25,33,6413,6420,0.49,4,#Overthinking #struggle,Follow for more,Question to Audience,Gen Z
